{"type":"FeatureCollection","features":[{"type":"Feature","id":1,"geometry":{"type":"Point","coordinates":[-74.16679800042732,4.5671900002682486]},"properties":{"OBJECTID":1,"OBJECTID_1":9,"object_id":21661,"cenefa":"635A11","consec_par":"635","modulo_par":"A","zona_par":11,"nombre_par":"Br. Jerusalén las Brisas","via_par":"KR 40","direcc_par":"KR 40 - CL 76 Sur","locali_par":19,"consola_pa":"KR 40 - CL 76 Sur (635A11)","panel_par":"KR 40 - CL 76 Sur","audio_par":"Carrera 40 Calle 76 Sur","longitud":-74.166798,"latitud":4.5671900000000001,"coor_x":99009.162129999997,"coor_y":99679.260339999993}},{"type":"Feature","id":2,"geometry":{"type":"Point","coordinates":[-74.165787999716372,4.574288000240716]},"properties":{"OBJECTID":2,"OBJECTID_1":10,"object_id":21662,"cenefa":"442A10","consec_par":"442","modulo_par":"A","zona_par":10,"nombre_par":"Br. Sierra Morena III Sector","via_par":"DG 75 Sur","direcc_par":"DG 75 Sur - TV 50","locali_par":19,"consola_pa":"DG 75 Sur - TV 50 (442A10)","panel_par":"DG 75 Sur - TV 50","audio_par":"Diagonal 75 Sur Transversal 50","longitud":-74.165788000000006,"latitud":4.5742880000000001,"coor_x":99020.379589999997,"coor_y":99757.749679999994}},{"type":"Feature","id":3,"geometry":{"type":"Point","coordinates":[-74.16576000022377,4.5743719996177896]},"properties":{"OBJECTID":3,"OBJECTID_1":11,"object_id":21663,"cenefa":"443A10","consec_par":"443","modulo_par":"A","zona_par":10,"nombre_par":"Br. Sierra Morena III Sector","via_par":"DG 75 Sur","direcc_par":"DG 75 Sur - TV 50","locali_par":19,"consola_pa":"DG 75 Sur - TV 50 (443A10)","panel_par":"DG 75 Sur - TV 50","audio_par":"Diagonal 75 Sur Transversal 50","longitud":-74.165760000000006,"latitud":4.5743720000000003,"coor_x":99020.690409999996,"coor_y":99758.678530000005}},{"type":"Feature","id":4,"geometry":{"type":"Point","coordinates":[-74.16736699968726,4.5754669997519208]},"properties":{"OBJECTID":4,"OBJECTID_1":12,"object_id":21664,"cenefa":"445A10","consec_par":"445","modulo_par":"A","zona_par":10,"nombre_par":"Tanque Sierra Morena","via_par":"DG 75 Sur","direcc_par":"DG 75 Sur - TV 58","locali_par":19,"consola_pa":"DG 75 Sur - TV 58 (445A10)","panel_par":"DG 75 Sur - TV 58","audio_par":"Diagonal 75 Sur Transversal 58","longitud":-74.167366999999999,"latitud":4.5754669999999997,"coor_x":99002.859469999996,"coor_y":99770.789409999998}},{"type":"Feature","id":5,"geometry":{"type":"Point","coordinates":[-74.167561999686484,4.575627999981891]},"properties":{"OBJECTID":5,"OBJECTID_1":13,"object_id":21665,"cenefa":"444A10","consec_par":"444","modulo_par":"A","zona_par":10,"nombre_par":"Tanque Sierra Morena","via_par":"DG 75 Sur","direcc_par":"DG 75 Sur - TV 59","locali_par":19,"consola_pa":"DG 75 Sur - TV 59 (444A10)","panel_par":"DG 75 Sur - TV 59","audio_par":"Diagonal 75 Sur Transversal 59","longitud":-74.167562000000004,"latitud":4.575628,"coor_x":99000.695829999997,"coor_y":99772.570040000006}},{"type":"Feature","id":6,"geometry":{"type":"Point","coordinates":[-74.154237000337275,4.5786279998318902]},"properties":{"OBJECTID":6,"OBJECTID_1":14,"object_id":21666,"cenefa":"446A10","consec_par":"446","modulo_par":"A","zona_par":10,"nombre_par":"Urb.Candelaria La Nueva","via_par":"KR 48 G","direcc_par":"KR 48 G - CL 59 B Sur","locali_par":19,"consola_pa":"KR 48 G - CL 59 B Sur (446A10)","panel_par":"KR 48 G - CL 59 B Sur","audio_par":"Carrera 48 G Calle 59 Be Sur","longitud":-74.154236999999995,"latitud":4.5786280000000001,"coor_x":99148.563150000002,"coor_y":99805.727310000002}},{"type":"Feature","id":7,"geometry":{"type":"Point","coordinates":[-74.15403199987685,4.578774000269493]},"properties":{"OBJECTID":7,"OBJECTID_1":15,"object_id":21667,"cenefa":"449A10","consec_par":"449","modulo_par":"A","zona_par":10,"nombre_par":"Urb.Candelaria La Nueva","via_par":"KR 48 G","direcc_par":"KR 48 G - CL 59 B Sur","locali_par":19,"consola_pa":"KR 48 G - CL 59 B Sur (449A10)","panel_par":"KR 48 G - CL 59 B Sur","audio_par":"Carrera 48 G Calle 59 Be Sur","longitud":-74.154032000000001,"latitud":4.5787740000000001,"coor_x":99150.838140000007,"coor_y":99807.341549999997}},{"type":"Feature","id":8,"geometry":{"type":"Point","coordinates":[-74.152854000411764,4.5791790000603552]},"properties":{"OBJECTID":8,"OBJECTID_1":16,"object_id":21668,"cenefa":"448A10","consec_par":"448","modulo_par":"A","zona_par":10,"nombre_par":"Br. La Coruña","via_par":"KR 48 G","direcc_par":"KR 48 G - CL 58 G Sur","locali_par":19,"consola_pa":"KR 48 G - CL 58 G Sur (448A10)","panel_par":"KR 48 G - CL 58 G Sur","audio_par":"Carrera 48 G Calle 58 G Sur","longitud":-74.152854000000005,"latitud":4.5791789999999999,"coor_x":99163.910480000006,"coor_y":99811.818719999996}},{"type":"Feature","id":9,"geometry":{"type":"Point","coordinates":[-74.152191000414291,4.5793089997600589]},"properties":{"OBJECTID":9,"OBJECTID_1":17,"object_id":21669,"cenefa":"447A10","consec_par":"447","modulo_par":"A","zona_par":10,"nombre_par":"Br. La Coruña","via_par":"KR 48 G","direcc_par":"KR 48 G - CL 58 C Sur","locali_par":19,"consola_pa":"KR 48 G - CL 58 C Sur (447A10)","panel_par":"KR 48 G - CL 58 C Sur","audio_par":"Carrera 48 G Calle 58 C Sur","longitud":-74.152191000000002,"latitud":4.5793090000000003,"coor_x":99171.267720000003,"coor_y":99813.255510000003}},{"type":"Feature","id":10,"geometry":{"type":"Point","coordinates":[-74.146626000089782,4.404931000020861]},"properties":{"OBJECTID":10,"OBJECTID_1":30,"object_id":21682,"cenefa":"504A11","consec_par":"504","modulo_par":"A","zona_par":11,"nombre_par":"Santa Bárbara","via_par":"Vía Pasquilla","direcc_par":"Vía Pasquilla","locali_par":19,"consola_pa":"Vía Pasquilla (504A11)","panel_par":"Vía Pasquilla","audio_par":"Vía Pasquilla","longitud":-74.146625999999998,"latitud":4.4049310000000004,"coor_x":99232.838430000003,"coor_y":97884.957030000005}},{"type":"Feature","id":11,"geometry":{"type":"Point","coordinates":[-74.130533279587155,4.4723547638143195]},"properties":{"OBJECTID":11,"OBJECTID_1":39,"object_id":21691,"cenefa":"350A12","consec_par":"350","modulo_par":"A","zona_par":12,"nombre_par":"Ciudadela de Usme - La esperanza I Etapa","via_par":"CL 139 Sur","direcc_par":"CL 139 Sur - KR 3C","locali_par":5,"consola_pa":"CL 139 Sur - KR 3C (350A12)","panel_par":"CL 139 Sur - KR 3C","audio_par":"Calle 139 Sur Carrera Tercera C","longitud":-74.130533279999995,"latitud":4.4723547640000003,"coor_x":99411.509640000004,"coor_y":98630.520950000006}},{"type":"Feature","id":12,"geometry":{"type":"Point","coordinates":[-74.128948040119894,4.4731343654116378]},"properties":{"OBJECTID":12,"OBJECTID_1":41,"object_id":21693,"cenefa":"348A12","consec_par":"348","modulo_par":"A","zona_par":12,"nombre_par":"Ciudadela de Usme - La esperanza I Etapa","via_par":"CL 138A Sur","direcc_par":"CL 138A Sur - KR 3C","locali_par":5,"consola_pa":"CL 138A Sur - KR 3C (348A12)","panel_par":"CL 138A Sur - KR 3C","audio_par":"Calle 138 A Sur Carrera Tercera C","longitud":-74.128948039999997,"latitud":4.473134366,"coor_x":99429.103690000004,"coor_y":98639.140620000006}},{"type":"Feature","id":13,"geometry":{"type":"Point","coordinates":[-74.129004159614226,4.4733227751789393]},"properties":{"OBJECTID":13,"OBJECTID_1":42,"object_id":21694,"cenefa":"349A12","consec_par":"349","modulo_par":"A","zona_par":12,"nombre_par":"Ciudadela de Usme - La esperanza I Etapa","via_par":"CL 138A Sur","direcc_par":"CL 138A Sur - KR 3C","locali_par":5,"consola_pa":"CL 138A Sur - KR 3C (349A12)","panel_par":"CL 138A Sur - KR 3C","audio_par":"Calle 138 A Sur Carrera Tercera C","longitud":-74.129004159999994,"latitud":4.4733227749999998,"coor_x":99428.481,"coor_y":98641.224109999996}},{"type":"Feature","id":14,"geometry":{"type":"Point","coordinates":[-74.126117479737843,4.4756757218100249]},"properties":{"OBJECTID":14,"OBJECTID_1":46,"object_id":21698,"cenefa":"346A12","consec_par":"346","modulo_par":"A","zona_par":12,"nombre_par":"Ciudadela de Usme - La esperanza I Etapa","via_par":"KR 14I","direcc_par":"KR 14I - CL 137 Sur","locali_par":5,"consola_pa":"KR 14I - CL 137 Sur (346A12)","panel_par":"KR 14I - CL 137 Sur","audio_par":"Carrera 14 I Calle 137 Sur","longitud":-74.126117480000005,"latitud":4.4756757220000001,"coor_x":99460.519870000004,"coor_y":98667.241070000004}},{"type":"Feature","id":15,"geometry":{"type":"Point","coordinates":[-74.125683500193361,4.4759666659817663]},"properties":{"OBJECTID":15,"OBJECTID_1":47,"object_id":21699,"cenefa":"347A12","consec_par":"347","modulo_par":"A","zona_par":12,"nombre_par":"Ciudadela de Usme - La esperanza I Etapa","via_par":"KR 14I","direcc_par":"KR 14I - CL 136A Sur","locali_par":5,"consola_pa":"KR 14I - CL 136A Sur (347A12)","panel_par":"KR 14I - CL 136A Sur","audio_par":"Carrera 14 I Calle 136 A Sur","longitud":-74.125683499999994,"latitud":4.4759666659999997,"coor_x":99465.336490000002,"coor_y":98670.458039999998}},{"type":"Feature","id":16,"geometry":{"type":"Point","coordinates":[-74.121378479733039,4.4796387372906894]},"properties":{"OBJECTID":16,"OBJECTID_1":55,"object_id":21707,"cenefa":"100A12","consec_par":"100","modulo_par":"A","zona_par":12,"nombre_par":"Br. Centro Usme","via_par":"KR  3","direcc_par":"KR 3 - CL 131 Sur","locali_par":5,"consola_pa":"KR 3 - CL 131 Sur (100A12)","panel_par":"KR 3 - CL 131 Sur","audio_par":"Carrera Tercera Calle 131 Sur","longitud":-74.121378480000004,"latitud":4.4796387370000001,"coor_x":99513.117010000002,"coor_y":98711.061199999996}},{"type":"Feature","id":17,"geometry":{"type":"Point","coordinates":[-74.120835950218861,4.4828566015036513]},"properties":{"OBJECTID":17,"OBJECTID_1":58,"object_id":21710,"cenefa":"103A12","consec_par":"103","modulo_par":"A","zona_par":12,"nombre_par":"El pedregal-La Lira","via_par":"KR 3","direcc_par":"KR 3 - CL 129 Sur","locali_par":5,"consola_pa":"KR 3 - CL 129 Sur (103A12)","panel_par":"KR 3 - CL 129 Sur","audio_par":"Carrera Tercera Calle 129 Sur","longitud":-74.12083595,"latitud":4.482856602,"coor_x":99519.140209999998,"coor_y":98746.644350000002}},{"type":"Feature","id":18,"geometry":{"type":"Point","coordinates":[-74.120762019651465,4.4832101205033448]},"properties":{"OBJECTID":18,"OBJECTID_1":60,"object_id":21712,"cenefa":"102A12","consec_par":"102","modulo_par":"A","zona_par":12,"nombre_par":"El pedregal-La Lira","via_par":"KR 3","direcc_par":"KR 3 - CL 129 Sur","locali_par":5,"consola_pa":"KR 3 - CL 129 Sur (102A12)","panel_par":"KR 3 - CL 129 Sur","audio_par":"Carrera Tercera Calle 129 Sur","longitud":-74.120762020000001,"latitud":4.4832101209999999,"coor_x":99519.960919999998,"coor_y":98750.553549999997}},{"type":"Feature","id":19,"geometry":{"type":"Point","coordinates":[-74.12021930038037,4.4879701034899915]},"properties":{"OBJECTID":19,"OBJECTID_1":79,"object_id":21731,"cenefa":"104A12","consec_par":"104","modulo_par":"A","zona_par":12,"nombre_par":"El pedregal-La Lira","via_par":"KR  2A","direcc_par":"KR 2A - CL 124 Sur","locali_par":5,"consola_pa":"KR 2A - CL 124 Sur (104A12)","panel_par":"KR 2A - CL 124 Sur","audio_par":"Carrera Segunda A Calle 124 Sur","longitud":-74.120219300000002,"latitud":4.4879701040000004,"coor_x":99525.987160000004,"coor_y":98803.189610000001}},{"type":"Feature","id":20,"geometry":{"type":"Point","coordinates":[-74.120074780226901,4.488101960289768]},"properties":{"OBJECTID":20,"OBJECTID_1":80,"object_id":21732,"cenefa":"105A12","consec_par":"105","modulo_par":"A","zona_par":12,"nombre_par":"El pedregal-La Lira","via_par":"KR  2A","direcc_par":"KR 2A - CL 123 Sur","locali_par":5,"consola_pa":"KR 2A - CL 123 Sur (105A12)","panel_par":"KR 2A - CL 123 Sur","audio_par":"Carrera Segunda A Calle 123 Sur","longitud":-74.120074779999996,"latitud":4.4881019599999998,"coor_x":99527.591140000004,"coor_y":98804.647599999997}},{"type":"Feature","id":21,"geometry":{"type":"Point","coordinates":[-74.119133879824631,4.4908941196203562]},"properties":{"OBJECTID":21,"OBJECTID_1":97,"object_id":21749,"cenefa":"106A12","consec_par":"106","modulo_par":"A","zona_par":12,"nombre_par":"Villa Anita Usme","via_par":"Tv  1B","direcc_par":"KR 2A - CL 116AS","locali_par":5,"consola_pa":"KR 2A - CL 116AS (106A12)","panel_par":"KR 2A - CL 116AS","audio_par":"Carrera Segunda A Calle 116 AS","longitud":-74.119133880000007,"latitud":4.4908941200000001,"coor_x":99538.035040000002,"coor_y":98835.523010000004}},{"type":"Feature","id":22,"geometry":{"type":"Point","coordinates":[-74.118914849940325,4.4912451699810196]},"properties":{"OBJECTID":22,"OBJECTID_1":98,"object_id":21750,"cenefa":"107A12","consec_par":"107","modulo_par":"A","zona_par":12,"nombre_par":"Villa Anita Usme","via_par":"Tv  1B","direcc_par":"KR 2A - CL 116AS","locali_par":5,"consola_pa":"KR 2A - CL 116AS (107A12)","panel_par":"KR 2A - CL 116AS","audio_par":"Carrera Segunda A Calle 116 AS","longitud":-74.118914849999996,"latitud":4.49124517,"coor_x":99540.466060000006,"coor_y":98839.404819999996}},{"type":"Feature","id":23,"geometry":{"type":"Point","coordinates":[-74.118744809725172,4.492411847880887]},"properties":{"OBJECTID":23,"OBJECTID_1":101,"object_id":21753,"cenefa":"107B12","consec_par":"107","modulo_par":"B","zona_par":12,"nombre_par":"Villa Anita Usme","via_par":"KR 2A","direcc_par":"KR 2A - CL 116A Sur","locali_par":5,"consola_pa":"KR 2A - CL 116A Sur (107B12)","panel_par":"KR 2A - CL 116A Sur","audio_par":"Carrera Segunda A Calle 116 A Sur","longitud":-74.118744809999995,"latitud":4.4924118479999997,"coor_x":99542.353889999999,"coor_y":98852.305970000001}},{"type":"Feature","id":24,"geometry":{"type":"Point","coordinates":[-74.118834089921279,4.4925784814641379]},"properties":{"OBJECTID":24,"OBJECTID_1":103,"object_id":21755,"cenefa":"106B12","consec_par":"106","modulo_par":"B","zona_par":12,"nombre_par":"Br. Villa Anita Usme","via_par":"KR 2A","direcc_par":"KR 2A - CL 116A Sur","locali_par":5,"consola_pa":"KR 2A - CL 116A Sur (106B12)","panel_par":"KR 2A - CL 116A Sur","audio_par":"Carrera Segunda A Calle 116 A Sur","longitud":-74.118834089999993,"latitud":4.4925784819999999,"coor_x":99541.363169999997,"coor_y":98854.148679999998}},{"type":"Feature","id":25,"geometry":{"type":"Point","coordinates":[-74.147456540187136,4.5069769071104639]},"properties":{"OBJECTID":25,"OBJECTID_1":214,"object_id":21866,"cenefa":"429A11","consec_par":"429","modulo_par":"A","zona_par":11,"nombre_par":"Br. Lagunitas","via_par":"KR 18F","direcc_par":"KR 18F - CL 92 Sur","locali_par":19,"consola_pa":"KR 18F - CL 92 Sur (429A11)","panel_par":"KR 18F - CL 92 Sur","audio_par":"Carrera 18 F Calle 92 Sur","longitud":-74.147456539999993,"latitud":4.5069769070000003,"coor_x":99223.727060000005,"coor_y":99013.392349999995}},{"type":"Feature","id":26,"geometry":{"type":"Point","coordinates":[-74.147302989941011,4.5071915447059512]},"properties":{"OBJECTID":26,"OBJECTID_1":215,"object_id":21867,"cenefa":"430A11","consec_par":"430","modulo_par":"A","zona_par":11,"nombre_par":"Br. Lagunitas","via_par":"KR 18F","direcc_par":"KR 18F - CL 89 Sur","locali_par":19,"consola_pa":"KR 18F - CL 89 Sur (430A11)","panel_par":"KR 18F - CL 89 Sur","audio_par":"Carrera 18 F Calle 89 Sur","longitud":-74.14730299,"latitud":4.5071915450000004,"coor_x":99225.431349999999,"coor_y":99015.765679999997}},{"type":"Feature","id":27,"geometry":{"type":"Point","coordinates":[-74.148257149947483,4.5075251536148082]},"properties":{"OBJECTID":27,"OBJECTID_1":217,"object_id":21869,"cenefa":"562A11","consec_par":"562","modulo_par":"A","zona_par":11,"nombre_par":"Br. El Paraíso","via_par":"CL 89 Sur","direcc_par":"CL 89 Sur - KR 18F","locali_par":19,"consola_pa":"CL 89 Sur - KR 18F (562A11)","panel_par":"CL 89 Sur - KR 18F","audio_par":"Calle 89 Sur Carrera 18 F","longitud":-74.148257150000006,"latitud":4.5075251539999996,"coor_x":99214.842669999998,"coor_y":99019.455790000007}},{"type":"Feature","id":28,"geometry":{"type":"Point","coordinates":[-74.147019080266318,4.5089867210121959]},"properties":{"OBJECTID":28,"OBJECTID_1":222,"object_id":21874,"cenefa":"582A11","consec_par":"582","modulo_par":"A","zona_par":11,"nombre_par":"Br. Lagunitas","via_par":"KR 18F","direcc_par":"KR 18F - CL 91ABis Sur","locali_par":19,"consola_pa":"KR 18F - CL 91ABis Sur (582A11)","panel_par":"KR 18F - CL 91ABis Sur","audio_par":"Carrera 18 F Calle 91 A Bis Sur","longitud":-74.147019080000007,"latitud":4.5089867210000003,"coor_x":99228.584010000006,"coor_y":99035.616649999996}},{"type":"Feature","id":29,"geometry":{"type":"Point","coordinates":[-74.146886620021462,4.5092025987727693]},"properties":{"OBJECTID":29,"OBJECTID_1":227,"object_id":21879,"cenefa":"581A11","consec_par":"581","modulo_par":"A","zona_par":11,"nombre_par":"Br. Lagunitas","via_par":"KR 18F","direcc_par":"KR 18F - CL 91A Sur","locali_par":19,"consola_pa":"KR 18F - CL 91A Sur (581A11)","panel_par":"KR 18F - CL 91A Sur","audio_par":"Carrera 18 F Calle 91 A Sur","longitud":-74.146886620000004,"latitud":4.509202599,"coor_x":99230.054239999998,"coor_y":99038.003719999993}},{"type":"Feature","id":30,"geometry":{"type":"Point","coordinates":[-74.146459600330274,4.5142162742133536]},"properties":{"OBJECTID":30,"OBJECTID_1":271,"object_id":21923,"cenefa":"484A11","consec_par":"484","modulo_par":"A","zona_par":11,"nombre_par":"Cerámicas Granito","via_par":"Vía Mochuelo Bajo","direcc_par":"Vía Mochuelo Bajo - Km 4,3","locali_par":19,"consola_pa":"Vía Mochuelo Bajo - Km 4,3 (484A11)","panel_par":"Vía Mochuelo Bajo - Km 4,3","audio_par":"Vía Mochuelo Bajo Km 4,3","longitud":-74.1464596,"latitud":4.5142162739999998,"coor_x":99234.798439999999,"coor_y":99093.445099999997}},{"type":"Feature","id":31,"geometry":{"type":"Point","coordinates":[-74.146410289603125,4.5142384209180877]},"properties":{"OBJECTID":31,"OBJECTID_1":272,"object_id":21924,"cenefa":"485A11","consec_par":"485","modulo_par":"A","zona_par":11,"nombre_par":"Cerámicas Granito","via_par":"Vía Mochuelo Bajo","direcc_par":"Vía Mochuelo Bajo - Km 4,3","locali_par":19,"consola_pa":"Vía Mochuelo Bajo - Km 4,3 (485A11)","panel_par":"Vía Mochuelo Bajo - Km 4,3","audio_par":"Vía Mochuelo Bajo Km 4,3","longitud":-74.146410290000006,"latitud":4.5142384209999999,"coor_x":99235.345690000002,"coor_y":99093.68995}},{"type":"Feature","id":32,"geometry":{"type":"Point","coordinates":[-74.145536189943186,4.5198789517037543]},"properties":{"OBJECTID":32,"OBJECTID_1":309,"object_id":21961,"cenefa":"486A11","consec_par":"486","modulo_par":"A","zona_par":11,"nombre_par":"Ladrillera La Pirámide","via_par":"Vía Mochuelo Bajo","direcc_par":"Vía Mochuelo Bajo - Km 3,5","locali_par":19,"consola_pa":"Vía Mochuelo Bajo - Km 3,5 (486A11)","panel_par":"Vía Mochuelo Bajo - Km 3,5","audio_par":"Vía Mochuelo Bajo Km 3,5","longitud":-74.145536190000001,"latitud":4.519878952,"coor_x":99245.051980000004,"coor_y":99156.062730000005}},{"type":"Feature","id":33,"geometry":{"type":"Point","coordinates":[-74.14559169969715,4.5201180580534315]},"properties":{"OBJECTID":33,"OBJECTID_1":311,"object_id":21963,"cenefa":"483A11","consec_par":"483","modulo_par":"A","zona_par":11,"nombre_par":"Ladrillera La Pirámide","via_par":"Vía Mochuelo Bajo","direcc_par":"Vía Mochuelo Bajo - Km 3,5","locali_par":19,"consola_pa":"Vía Mochuelo Bajo - Km 3,5 (483A11)","panel_par":"Vía Mochuelo Bajo - Km 3,5","audio_par":"Vía Mochuelo Bajo Km 3,5","longitud":-74.145591699999997,"latitud":4.5201180580000004,"coor_x":99244.436199999996,"coor_y":99158.706850000002}},{"type":"Feature","id":34,"geometry":{"type":"Point","coordinates":[-74.122975819578357,4.5205793994711687]},"properties":{"OBJECTID":34,"OBJECTID_1":314,"object_id":21966,"cenefa":"020A12","consec_par":"020","modulo_par":"A","zona_par":12,"nombre_par":"Br. La Aurora","via_par":"Autopista al Llano","direcc_par":"Autopista al Llano - DG 69F Sur","locali_par":5,"consola_pa":"Autopista al Llano - DG 69F Sur (020A12)","panel_par":"Autopista al Llano - DG 69F Sur","audio_par":"Autopista al Llano Diagonal 69 F Sur","longitud":-74.122975819999994,"latitud":4.5205793999999999,"coor_x":99495.417650000003,"coor_y":99163.788830000005}},{"type":"Feature","id":35,"geometry":{"type":"Point","coordinates":[-74.142612250255127,4.5224774186493732]},"properties":{"OBJECTID":35,"OBJECTID_1":322,"object_id":21974,"cenefa":"487A11","consec_par":"487","modulo_par":"A","zona_par":11,"nombre_par":"Ladrillera Los Mochuelos","via_par":"Vía Mochuelo Bajo","direcc_par":"Vía Mochuelo Bajo - Km 3","locali_par":19,"consola_pa":"Vía Mochuelo Bajo - Km 3 (487A11)","panel_par":"Vía Mochuelo Bajo - Km 3","audio_par":"Vía Mochuelo Bajo Km 3","longitud":-74.142612249999999,"latitud":4.5224774190000003,"coor_x":99277.503169999996,"coor_y":99184.79393}},{"type":"Feature","id":36,"geometry":{"type":"Point","coordinates":[-74.142734739716445,4.5225042445266617]},"properties":{"OBJECTID":36,"OBJECTID_1":323,"object_id":21975,"cenefa":"482A11","consec_par":"482","modulo_par":"A","zona_par":11,"nombre_par":"Ladrillera Los Mochuelos","via_par":"Vía Mochuelo Bajo","direcc_par":"Vía Mochuelo Bajo - Km 3","locali_par":19,"consola_pa":"Vía Mochuelo Bajo - Km 3 (482A11)","panel_par":"Vía Mochuelo Bajo - Km 3","audio_par":"Vía Mochuelo Bajo Km 3","longitud":-74.142734739999995,"latitud":4.5225042450000004,"coor_x":99276.14387,"coor_y":99185.090700000001}},{"type":"Feature","id":37,"geometry":{"type":"Point","coordinates":[-74.126165710379212,4.5256586624685831]},"properties":{"OBJECTID":37,"OBJECTID_1":340,"object_id":21992,"cenefa":"094A11","consec_par":"094","modulo_par":"A","zona_par":11,"nombre_par":"Cementerio Parque Serafín","via_par":"AV. Boyacá","direcc_par":"AV. Boyacá - KR 4","locali_par":19,"consola_pa":"AV. Boyacá - KR 4 (094A11)","panel_par":"AV. Boyacá - KR 4","audio_par":"Avenida Boyacá Carrera Cuarta","longitud":-74.126165709999995,"latitud":4.5256586629999997,"coor_x":99460.021439999997,"coor_y":99219.958230000004}},{"type":"Feature","id":38,"geometry":{"type":"Point","coordinates":[-74.126682670368893,4.525888512995782]},"properties":{"OBJECTID":38,"OBJECTID_1":343,"object_id":21995,"cenefa":"093A11","consec_par":"093","modulo_par":"A","zona_par":11,"nombre_par":"Cementerio Parque Serafín","via_par":"AV. Boyacá","direcc_par":" AV. Boyacá - KR 4","locali_par":19,"consola_pa":" AV. Boyacá - KR 4 (093A11)","panel_par":" AV. Boyacá - KR 4","audio_par":"Avenida Boyacá Carrera Cuarta","longitud":-74.126682669999994,"latitud":4.5258885129999999,"coor_x":99454.284660000005,"coor_y":99222.500329999995}},{"type":"Feature","id":39,"geometry":{"type":"Point","coordinates":[-74.1215470099865,4.5301275789757742]},"properties":{"OBJECTID":39,"OBJECTID_1":359,"object_id":22011,"cenefa":"011A12","consec_par":"011","modulo_par":"A","zona_par":12,"nombre_par":"Portal Usme","via_par":"AV. Caracas","direcc_par":"AV. Caracas - CL 64 Sur","locali_par":5,"consola_pa":"AV. Caracas - CL 64 Sur (011A12)","panel_par":"AV. Caracas - CL 64 Sur","audio_par":"Avenida Caracas Calle 64 Sur","longitud":-74.12154701,"latitud":4.5301275790000002,"coor_x":99511.280339999998,"coor_y":99269.372780000005}},{"type":"Feature","id":40,"geometry":{"type":"Point","coordinates":[-74.141969930168102,4.5308106932100891]},"properties":{"OBJECTID":40,"OBJECTID_1":367,"object_id":22019,"cenefa":"488A11","consec_par":"488","modulo_par":"A","zona_par":11,"nombre_par":"Ladrillos Sur","via_par":"Vía Mochuelo Bajo","direcc_par":"Vía Mochuelo Bajo - Km 2","locali_par":19,"consola_pa":"Vía Mochuelo Bajo - Km 2 (488A11)","panel_par":"Vía Mochuelo Bajo - Km 2","audio_par":"Vía Mochuelo Bajo Km Segunda","longitud":-74.141969930000002,"latitud":4.5308106930000003,"coor_x":99284.639519999997,"coor_y":99276.94369}},{"type":"Feature","id":41,"geometry":{"type":"Point","coordinates":[-74.142143650409082,4.531003339683485]},"properties":{"OBJECTID":41,"OBJECTID_1":368,"object_id":22020,"cenefa":"481A11","consec_par":"481","modulo_par":"A","zona_par":11,"nombre_par":"Ladrillos Sur","via_par":"Vía Mochuelo Bajo","direcc_par":"Vía Mochuelo Bajo - Km 2","locali_par":19,"consola_pa":"Vía Mochuelo Bajo - Km 2 (481A11)","panel_par":"Vía Mochuelo Bajo - Km 2","audio_par":"Vía Mochuelo Bajo Km Segunda","longitud":-74.142143649999994,"latitud":4.5310033399999998,"coor_x":99282.711869999999,"coor_y":99279.074179999996}},{"type":"Feature","id":42,"geometry":{"type":"Point","coordinates":[-74.146588000136035,4.5316279997834803]},"properties":{"OBJECTID":42,"OBJECTID_1":371,"object_id":22023,"cenefa":"609A11","consec_par":"609","modulo_par":"A","zona_par":11,"nombre_par":"Arabia","via_par":"KR 18G","direcc_par":"KR 18G - CL 82C Sur","locali_par":19,"consola_pa":"KR 18G - CL 82C Sur (609A11)","panel_par":"KR 18G - CL 82C Sur","audio_par":"Carrera 18 G Calle 82 C Sur","longitud":-74.146587999999994,"latitud":4.5316280000000004,"coor_x":99233.391810000001,"coor_y":99285.986300000004}},{"type":"Feature","id":43,"geometry":{"type":"Point","coordinates":[-74.14828081021119,4.5321737848433639]},"properties":{"OBJECTID":43,"OBJECTID_1":374,"object_id":22026,"cenefa":"455A11","consec_par":"455","modulo_par":"A","zona_par":11,"nombre_par":"Br. Arabia","via_par":"Cl 82B S","direcc_par":"CL 82B Sur - KR 18M","locali_par":19,"consola_pa":"CL 82B Sur - KR 18M (455A11)","panel_par":"CL 82B Sur - KR 18M","audio_par":"Calle 82 Be Sur Carrera 18 M","longitud":-74.148280810000003,"latitud":4.5321737850000003,"coor_x":99214.606620000006,"coor_y":99292.02347}},{"type":"Feature","id":44,"geometry":{"type":"Point","coordinates":[-74.127531839922426,4.5322701714823346]},"properties":{"OBJECTID":44,"OBJECTID_1":377,"object_id":22029,"cenefa":"091A11","consec_par":"091","modulo_par":"A","zona_par":11,"nombre_par":"Br. La Fiscala","via_par":"AV. Boyacá","direcc_par":"AV. Boyacá - KR 8","locali_par":19,"consola_pa":"AV. Boyacá - KR 8 (091A11)","panel_par":"AV. Boyacá - KR 8","audio_par":"Avenida Boyacá Carrera Octava","longitud":-74.127531840000003,"latitud":4.5322701719999996,"coor_x":99444.865879999998,"coor_y":99293.07015}},{"type":"Feature","id":45,"geometry":{"type":"Point","coordinates":[-74.14835579028744,4.5323784822322342]},"properties":{"OBJECTID":45,"OBJECTID_1":379,"object_id":22031,"cenefa":"454A11","consec_par":"454","modulo_par":"A","zona_par":11,"nombre_par":"Br. Arabia","via_par":"Cl 82B S","direcc_par":"CL 82B Sur - KR 18M","locali_par":19,"consola_pa":"CL 82B Sur - KR 18M (454A11)","panel_par":"CL 82B Sur - KR 18M","audio_par":"Calle 82 Be Sur Carrera 18 M","longitud":-74.148355789999997,"latitud":4.5323784820000004,"coor_x":99213.77476,"coor_y":99294.287110000005}},{"type":"Feature","id":46,"geometry":{"type":"Point","coordinates":[-74.127058530326849,4.5324650662608548]},"properties":{"OBJECTID":46,"OBJECTID_1":380,"object_id":22032,"cenefa":"092A11","consec_par":"092","modulo_par":"A","zona_par":11,"nombre_par":"Cementerio Parque Serafín","via_par":"AV. Boyacá","direcc_par":"AV. Boyacá - KR 8","locali_par":19,"consola_pa":"AV. Boyacá - KR 8 (092A11)","panel_par":"AV. Boyacá - KR 8","audio_par":"Avenida Boyacá Carrera Octava","longitud":-74.127058529999999,"latitud":4.5324650660000003,"coor_x":99450.118530000007,"coor_y":99295.224950000003}},{"type":"Feature","id":47,"geometry":{"type":"Point","coordinates":[-74.146642880364595,4.5326449504551762]},"properties":{"OBJECTID":47,"OBJECTID_1":384,"object_id":22036,"cenefa":"440A11","consec_par":"440","modulo_par":"A","zona_par":11,"nombre_par":"Br. Arabia","via_par":"KR 18G","direcc_par":"KR 18G - CL 82B Sur","locali_par":19,"consola_pa":"KR 18G - CL 82B Sur (440A11)","panel_par":"KR 18G - CL 82B Sur","audio_par":"Carrera 18 G Calle 82 Be Sur","longitud":-74.146642880000002,"latitud":4.532644951,"coor_x":99232.783850000007,"coor_y":99297.231929999994}},{"type":"Feature","id":48,"geometry":{"type":"Point","coordinates":[-74.146922070397181,4.5333193502588554]},"properties":{"OBJECTID":48,"OBJECTID_1":390,"object_id":22042,"cenefa":"228A11","consec_par":"228","modulo_par":"A","zona_par":11,"nombre_par":"Br. Arabia","via_par":"KR  18G","direcc_par":"KR 18G - CL 81G","locali_par":19,"consola_pa":"KR 18G - CL 81G (228A11)","panel_par":"KR 18G - CL 81G","audio_par":"Carrera 18 G Calle 81 G","longitud":-74.146922070000002,"latitud":4.5333193500000002,"coor_x":99229.686289999998,"coor_y":99304.68982}},{"type":"Feature","id":49,"geometry":{"type":"Point","coordinates":[-74.147051130305385,4.5335378369526742]},"properties":{"OBJECTID":49,"OBJECTID_1":393,"object_id":22045,"cenefa":"229A11","consec_par":"229","modulo_par":"A","zona_par":11,"nombre_par":"Br. Arabia","via_par":"KR  18G","direcc_par":"KR 18G - CL 81G","locali_par":19,"consola_pa":"KR 18G - CL 81G (229A11)","panel_par":"KR 18G - CL 81G","audio_par":"Carrera 18 G Calle 81 G","longitud":-74.147051129999994,"latitud":4.5335378369999999,"coor_x":99228.254300000001,"coor_y":99307.106010000003}},{"type":"Feature","id":50,"geometry":{"type":"Point","coordinates":[-74.141838930422239,4.5339738759446648]},"properties":{"OBJECTID":50,"OBJECTID_1":398,"object_id":22050,"cenefa":"532A11","consec_par":"532","modulo_par":"A","zona_par":11,"nombre_par":"Br. San Joaquín del Vaticano","via_par":"KR 17A","direcc_par":"KR 17A - CL 81C Sur","locali_par":19,"consola_pa":"KR 17A - CL 81C Sur (532A11)","panel_par":"KR 17A - CL 81C Sur","audio_par":"Carrera 17 A Calle 81 C Sur","longitud":-74.141838930000006,"latitud":4.5339738760000001,"coor_x":99286.096380000003,"coor_y":99311.922439999995}},{"type":"Feature","id":51,"geometry":{"type":"Point","coordinates":[-74.141561000339834,4.5344919996570701]},"properties":{"OBJECTID":51,"OBJECTID_1":404,"object_id":22056,"cenefa":"054A11","consec_par":"054","modulo_par":"A","zona_par":11,"nombre_par":"Br. El Minuto de María","via_par":"KR  17A","direcc_par":"KR 17A - CL 80C Sur","locali_par":19,"consola_pa":"KR 17A - CL 80C Sur (054A11)","panel_par":"KR 17A - CL 80C Sur","audio_par":"Carrera 17 A Calle 80 C Sur","longitud":-74.141560999999996,"latitud":4.5344920000000002,"coor_x":99289.18118,"coor_y":99317.65165}},{"type":"Feature","id":52,"geometry":{"type":"Point","coordinates":[-74.147176420255562,4.5345056522650751]},"properties":{"OBJECTID":52,"OBJECTID_1":407,"object_id":22059,"cenefa":"560A11","consec_par":"560","modulo_par":"A","zona_par":11,"nombre_par":"Br. El Tesorito","via_par":"KR 18H","direcc_par":"KR 18H – CL 81B Sur","locali_par":19,"consola_pa":"KR 18H – CL 81B Sur (560A11)","panel_par":"KR 18H – CL 81B Sur","audio_par":"Carrera 18 H Calle 81 Be Sur","longitud":-74.147176419999994,"latitud":4.534505652,"coor_x":99226.864939999999,"coor_y":99317.808369999999}},{"type":"Feature","id":53,"geometry":{"type":"Point","coordinates":[-74.154732950365315,4.5347107048861472]},"properties":{"OBJECTID":53,"OBJECTID_1":411,"object_id":22063,"cenefa":"432A11","consec_par":"432","modulo_par":"A","zona_par":11,"nombre_par":"El Recuerdo Sur","via_par":"KR 24","direcc_par":"KR 24 - CL 78C Sur","locali_par":19,"consola_pa":"KR 24 - CL 78C Sur (432A11)","panel_par":"KR 24 - CL 78C Sur","audio_par":"Carrera 24 Calle 78 C Sur","longitud":-74.154732949999996,"latitud":4.5347107050000002,"coor_x":99143.007750000004,"coor_y":99320.084369999997}},{"type":"Feature","id":54,"geometry":{"type":"Point","coordinates":[-74.147123790130763,4.5348826282816477]},"properties":{"OBJECTID":54,"OBJECTID_1":413,"object_id":22065,"cenefa":"559A11","consec_par":"559","modulo_par":"A","zona_par":11,"nombre_par":"Br. El Tesorito","via_par":"KR 18H","direcc_par":"KR 18H – CL 81C Sur","locali_par":19,"consola_pa":"KR 18H – CL 81C Sur (559A11)","panel_par":"KR 18H – CL 81C Sur","audio_par":"Carrera 18 H Calle 81 C Sur","longitud":-74.147123789999995,"latitud":4.5348826280000001,"coor_x":99227.449389999994,"coor_y":99321.97696}},{"type":"Feature","id":55,"geometry":{"type":"Point","coordinates":[-74.141463100141891,4.5348910621238403]},"properties":{"OBJECTID":55,"OBJECTID_1":414,"object_id":22066,"cenefa":"053A11","consec_par":"053","modulo_par":"A","zona_par":11,"nombre_par":"Br. El Minuto de María","via_par":"KR  17A","direcc_par":"KR 17A - CL 80B Sur","locali_par":19,"consola_pa":"KR 17A - CL 80B Sur (053A11)","panel_par":"KR 17A - CL 80B Sur","audio_par":"Carrera 17 A Calle 80 Be Sur","longitud":-74.141463099999996,"latitud":4.5348910619999998,"coor_x":99290.267999999996,"coor_y":99322.064440000002}},{"type":"Feature","id":56,"geometry":{"type":"Point","coordinates":[-74.154498939574353,4.5350497070293603]},"properties":{"OBJECTID":56,"OBJECTID_1":418,"object_id":22070,"cenefa":"431A11","consec_par":"431","modulo_par":"A","zona_par":11,"nombre_par":"El Recuerdo Sur","via_par":"KR 24","direcc_par":"KR 24 - CL 78C Sur","locali_par":19,"consola_pa":"KR 24 - CL 78C Sur (431A11)","panel_par":"KR 24 - CL 78C Sur","audio_par":"Carrera 24 Calle 78 C Sur","longitud":-74.154498939999996,"latitud":4.5350497069999998,"coor_x":99145.605039999995,"coor_y":99323.832819999996}},{"type":"Feature","id":57,"geometry":{"type":"Point","coordinates":[-74.14218556960833,4.5354748498354276]},"properties":{"OBJECTID":57,"OBJECTID_1":423,"object_id":22075,"cenefa":"556A11","consec_par":"556","modulo_par":"A","zona_par":11,"nombre_par":"Br. San Joaquín El Vaticano","via_par":"Dg 81S","direcc_par":"DG 81 Sur - KR 17C","locali_par":19,"consola_pa":"DG 81 Sur - KR 17C (556A11)","panel_par":"DG 81 Sur - KR 17C","audio_par":"Diagonal 81 Sur Carrera 17 C","longitud":-74.142185569999995,"latitud":4.5354748499999999,"coor_x":99282.251080000002,"coor_y":99328.520749999996}},{"type":"Feature","id":58,"geometry":{"type":"Point","coordinates":[-74.142481120107561,4.535907161137537]},"properties":{"OBJECTID":58,"OBJECTID_1":427,"object_id":22079,"cenefa":"555A11","consec_par":"555","modulo_par":"A","zona_par":11,"nombre_par":"Br. El Minuto de María","via_par":"Dg 81S","direcc_par":"DG 81 Sur - KR 17F","locali_par":19,"consola_pa":"DG 81 Sur - KR 17F (555A11)","panel_par":"DG 81 Sur - KR 17F","audio_par":"Diagonal 81 Sur Carrera 17 F","longitud":-74.142481119999999,"latitud":4.5359071609999999,"coor_x":99278.971690000006,"coor_y":99333.301590000003}},{"type":"Feature","id":59,"geometry":{"type":"Point","coordinates":[-74.14721051984958,4.536050342200511]},"properties":{"OBJECTID":59,"OBJECTID_1":428,"object_id":22080,"cenefa":"234A11","consec_par":"234","modulo_par":"A","zona_par":11,"nombre_par":"Br. Arabia","via_par":"KR  18H","direcc_par":"KR 18H - CL 80B Sur","locali_par":19,"consola_pa":"KR 18H - CL 80B Sur (234A11)","panel_par":"KR 18H - CL 80B Sur","audio_par":"Carrera 18 H Calle 80 Be Sur","longitud":-74.147210520000002,"latitud":4.5360503420000002,"coor_x":99226.488159999994,"coor_y":99334.889790000001}},{"type":"Feature","id":60,"geometry":{"type":"Point","coordinates":[-74.147521740136142,4.536441905220725]},"properties":{"OBJECTID":60,"OBJECTID_1":432,"object_id":22084,"cenefa":"233A11","consec_par":"233","modulo_par":"A","zona_par":11,"nombre_par":"Br. El Tesoro","via_par":"KR  18H","direcc_par":"KR 18H - CL 80B Sur","locali_par":19,"consola_pa":"KR 18H - CL 80B Sur (233A11)","panel_par":"KR 18H - CL 80B Sur","audio_par":"Carrera 18 H Calle 80 Be Sur","longitud":-74.147521740000002,"latitud":4.5364419050000002,"coor_x":99223.034870000003,"coor_y":99339.220069999996}},{"type":"Feature","id":61,"geometry":{"type":"Point","coordinates":[-74.139568129665406,4.5365697771244351]},"properties":{"OBJECTID":61,"OBJECTID_1":433,"object_id":22085,"cenefa":"540A11","consec_par":"540","modulo_par":"A","zona_par":11,"nombre_par":"Br. El Minuto de María","via_par":"CL 80 BisA Sur","direcc_par":"Cl 80 Bis A Sur - KR 16B Bis B","locali_par":19,"consola_pa":"Cl 80 Bis A Sur - KR 16B Bis B (540A11)","panel_par":"Cl 80 Bis A Sur - KR 16B Bis B","audio_par":"Calle 80 Bis A Sur Carrera 16 Be Bis Be","longitud":-74.139568130000001,"latitud":4.5365697770000004,"coor_x":99311.298710000003,"coor_y":99340.626050000006}},{"type":"Feature","id":62,"geometry":{"type":"Point","coordinates":[-74.150737570082754,4.5367937271997141]},"properties":{"OBJECTID":62,"OBJECTID_1":434,"object_id":22086,"cenefa":"456A11","consec_par":"456","modulo_par":"A","zona_par":11,"nombre_par":"Br. El Tesoro","via_par":"KR 18R","direcc_par":"KR 18R - CL 78D Sur","locali_par":19,"consola_pa":"KR 18R - CL 78D Sur (456A11)","panel_par":"KR 18R - CL 78D Sur","audio_par":"Carrera 18 R Calle 78 D Sur","longitud":-74.150737570000004,"latitud":4.5367937270000001,"coor_x":99187.348180000001,"coor_y":99343.114100000006}},{"type":"Feature","id":63,"geometry":{"type":"Point","coordinates":[-74.15085861972949,4.5369109592243024]},"properties":{"OBJECTID":63,"OBJECTID_1":435,"object_id":22087,"cenefa":"457A11","consec_par":"457","modulo_par":"A","zona_par":11,"nombre_par":"Br. El Tesoro","via_par":"KR 18 R","direcc_par":"KR 18 R - CL 78D Sur","locali_par":19,"consola_pa":"KR 18 R - CL 78D Sur (457A11)","panel_par":"KR 18 R - CL 78D Sur","audio_par":"Carrera 18 R Calle 78 D Sur","longitud":-74.150858619999994,"latitud":4.5369109590000001,"coor_x":99186.004990000001,"coor_y":99344.410600000003}},{"type":"Feature","id":64,"geometry":{"type":"Point","coordinates":[-74.143474819707137,4.5371067137547607]},"properties":{"OBJECTID":64,"OBJECTID_1":439,"object_id":22091,"cenefa":"553A11","consec_par":"553","modulo_par":"A","zona_par":11,"nombre_par":"Desarrollo Minuto de María","via_par":"Cl 80A S","direcc_par":"CL 80A Sur - KR 18A Bis B","locali_par":19,"consola_pa":"CL 80A Sur - KR 18A Bis B (553A11)","panel_par":"CL 80A Sur - KR 18A Bis B","audio_par":"Calle 80 A Sur Carrera 18 A Bis Be","longitud":-74.143474819999994,"latitud":4.5371067140000001,"coor_x":99267.945489999998,"coor_y":99346.5674}},{"type":"Feature","id":65,"geometry":{"type":"Point","coordinates":[-74.143319840438267,4.5372253415272139]},"properties":{"OBJECTID":65,"OBJECTID_1":440,"object_id":22092,"cenefa":"554A11","consec_par":"554","modulo_par":"A","zona_par":11,"nombre_par":"Br. Los Urapanes","via_par":"Cl 80A S","direcc_par":"CL 80A Sur - KR 18A Bis A","locali_par":19,"consola_pa":"CL 80A Sur - KR 18A Bis A (554A11)","panel_par":"CL 80A Sur - KR 18A Bis A","audio_par":"Calle 80 A Sur Carrera 18 A Bis A","longitud":-74.143319840000004,"latitud":4.5372253420000002,"coor_x":99269.665470000007,"coor_y":99347.879050000003}},{"type":"Feature","id":66,"geometry":{"type":"Point","coordinates":[-74.138251409774682,4.5373774951262078]},"properties":{"OBJECTID":66,"OBJECTID_1":442,"object_id":22094,"cenefa":"539A11","consec_par":"539","modulo_par":"A","zona_par":11,"nombre_par":"Br. El Mochuelo","via_par":"CL 78D Sur","direcc_par":"CL 78D Sur - KR 16","locali_par":19,"consola_pa":"CL 78D Sur - KR 16 (539A11)","panel_par":"CL 78D Sur - KR 16","audio_par":"Calle 78 D Sur Carrera 16","longitud":-74.138251409999995,"latitud":4.5373774950000003,"coor_x":99325.911510000005,"coor_y":99349.556660000002}},{"type":"Feature","id":67,"geometry":{"type":"Point","coordinates":[-74.137310809746054,4.5379016047261977]},"properties":{"OBJECTID":67,"OBJECTID_1":449,"object_id":22101,"cenefa":"538A11","consec_par":"538","modulo_par":"A","zona_par":11,"nombre_par":"Br. Divino Niño","via_par":"CL 78BBisA Sur","direcc_par":"CL 78BBisA Sur - KR 15D","locali_par":19,"consola_pa":"CL 78BBisA Sur - KR 15D (538A11)","panel_par":"CL 78BBisA Sur - KR 15D","audio_par":"Calle 78 Be Bis A Sur Carrera 15 D","longitud":-74.137310810000002,"latitud":4.5379016050000001,"coor_x":99336.350109999999,"coor_y":99355.351469999994}},{"type":"Feature","id":68,"geometry":{"type":"Point","coordinates":[-74.139827350251949,4.5379585857710438]},"properties":{"OBJECTID":68,"OBJECTID_1":450,"object_id":22102,"cenefa":"043A11","consec_par":"043","modulo_par":"A","zona_par":11,"nombre_par":"Br. Buenos Aires","via_par":"KR  17A","direcc_par":"KR 17A - CL 78C Sur","locali_par":19,"consola_pa":"KR 17A - CL 78C Sur (043A11)","panel_par":"KR 17A - CL 78C Sur","audio_par":"Carrera 17 A Calle 78 C Sur","longitud":-74.139827350000004,"latitud":4.5379585860000002,"coor_x":99308.423389999996,"coor_y":99355.983930000002}},{"type":"Feature","id":69,"geometry":{"type":"Point","coordinates":[-74.139666010078258,4.5380659108639714]},"properties":{"OBJECTID":69,"OBJECTID_1":454,"object_id":22106,"cenefa":"044A11","consec_par":"044","modulo_par":"A","zona_par":11,"nombre_par":"Br. Buenos Aires","via_par":"KR 17A","direcc_par":"KR 17 A - CL 78C Sur","locali_par":19,"consola_pa":"KR 17 A - CL 78C Sur (044A11)","panel_par":"KR 17 A - CL 78C Sur","audio_par":"Carrera 17 A Calle 78 C Sur","longitud":-74.139666009999999,"latitud":4.5380659110000003,"coor_x":99310.213919999995,"coor_y":99357.170589999994}},{"type":"Feature","id":70,"geometry":{"type":"Point","coordinates":[-74.140668999674574,4.5382579997577732]},"properties":{"OBJECTID":70,"OBJECTID_1":455,"object_id":22107,"cenefa":"626A11","consec_par":"626","modulo_par":"A","zona_par":11,"nombre_par":"Buenos Aires","via_par":"CL 78C Sur","direcc_par":"CL 78C Sur - KR 17F","locali_par":19,"consola_pa":"CL 78C Sur - KR 17F (626A11)","panel_par":"CL 78C Sur - KR 17F","audio_par":"Calle 78 c Sur Carrera 17 F","longitud":-74.140669000000003,"latitud":4.5382579999999999,"coor_x":99299.083639999997,"coor_y":99359.295700000002}},{"type":"Feature","id":71,"geometry":{"type":"Point","coordinates":[-74.148661000404786,4.5383172479935068]},"properties":{"OBJECTID":71,"OBJECTID_1":456,"object_id":22108,"cenefa":"232A11","consec_par":"232","modulo_par":"A","zona_par":11,"nombre_par":"Br. El Tesoro","via_par":"KR  18I","direcc_par":"KR 18I - CL 78C Sur","locali_par":19,"consola_pa":"KR 18I - CL 78C Sur (232A11)","panel_par":"KR 18I - CL 78C Sur","audio_par":"Carrera 18 I Calle 78 C Sur","longitud":-74.148661000000004,"latitud":4.5383172480000002,"coor_x":99210.394180000003,"coor_y":99359.959099999993}},{"type":"Feature","id":72,"geometry":{"type":"Point","coordinates":[-74.148615039652327,4.5383833805394671]},"properties":{"OBJECTID":72,"OBJECTID_1":457,"object_id":22109,"cenefa":"235A11","consec_par":"235","modulo_par":"A","zona_par":11,"nombre_par":"Br. El Tesoro","via_par":"KR  18I","direcc_par":"KR 18I - CL 78C Sur","locali_par":19,"consola_pa":"KR 18I - CL 78C Sur (235A11)","panel_par":"KR 18I - CL 78C Sur","audio_par":"Carrera 18 I Calle 78 C Sur","longitud":-74.148615039999996,"latitud":4.538383381,"coor_x":99210.904290000006,"coor_y":99360.690350000004}},{"type":"Feature","id":73,"geometry":{"type":"Point","coordinates":[-74.131214999872327,4.5385349999411808]},"properties":{"OBJECTID":73,"OBJECTID_1":459,"object_id":22111,"cenefa":"620A11","consec_par":"620","modulo_par":"A","zona_par":11,"nombre_par":"El Mochuelo Oriental","via_par":"AV. Boyacá","direcc_par":"Av. Boyacá - KR 12","locali_par":19,"consola_pa":"Av. Boyacá - KR 12 (620A11)","panel_par":"Av. Boyacá - KR 12","audio_par":"Avenida Boyacá Carrera 12","longitud":-74.131214999999997,"latitud":4.5385350000000004,"coor_x":99403.997610000006,"coor_y":99362.350330000001}},{"type":"Feature","id":74,"geometry":{"type":"Point","coordinates":[-74.143611090379466,4.5386143741049434]},"properties":{"OBJECTID":74,"OBJECTID_1":461,"object_id":22113,"cenefa":"248A11","consec_par":"248","modulo_par":"A","zona_par":11,"nombre_par":"Br. Cedritos del Sur","via_par":"CL 78C Sur","direcc_par":"CL 78C Sur - KR 18B","locali_par":19,"consola_pa":"CL 78C Sur - KR 18B (248A11)","panel_par":"CL 78C Sur - KR 18B","audio_par":"Calle 78 C Sur Carrera 18 Be","longitud":-74.143611089999993,"latitud":4.5386143739999998,"coor_x":99266.434779999996,"coor_y":99363.239440000005}},{"type":"Feature","id":75,"geometry":{"type":"Point","coordinates":[-74.143357930324214,4.5386531537708823]},"properties":{"OBJECTID":75,"OBJECTID_1":462,"object_id":22114,"cenefa":"247A11","consec_par":"247","modulo_par":"A","zona_par":11,"nombre_par":"Br. Quiba","via_par":"CL 78C Sur","direcc_par":"CL 78C Sur - KR 18A","locali_par":19,"consola_pa":"CL 78C Sur - KR 18A (247A11)","panel_par":"CL 78C Sur - KR 18A","audio_par":"Calle 78 C Sur Carrera 18 A","longitud":-74.143357929999993,"latitud":4.5386531540000004,"coor_x":99269.244210000004,"coor_y":99363.668019999997}},{"type":"Feature","id":76,"geometry":{"type":"Point","coordinates":[-74.14493744021064,4.5387043656648256]},"properties":{"OBJECTID":76,"OBJECTID_1":463,"object_id":22115,"cenefa":"246A11","consec_par":"246","modulo_par":"A","zona_par":11,"nombre_par":"Br. El Tesoro","via_par":"KR 18C","direcc_par":"KR 18C - 78A Sur","locali_par":19,"consola_pa":"KR 18C - 78A Sur (246A11)","panel_par":"KR 18C - 78A Sur","audio_par":"Carrera 18 C 78 A Sur","longitud":-74.144937440000007,"latitud":4.5387043660000002,"coor_x":99251.716,"coor_y":99364.235939999999}},{"type":"Feature","id":77,"geometry":{"type":"Point","coordinates":[-74.132347999960189,4.5387869998710206]},"properties":{"OBJECTID":77,"OBJECTID_1":466,"object_id":22118,"cenefa":"619A11","consec_par":"619","modulo_par":"A","zona_par":11,"nombre_par":"El Mochuelo Oriental","via_par":"AV. Boyacá","direcc_par":"AV. Boyacá - KR 14Bis A","locali_par":19,"consola_pa":"AV. Boyacá - KR 14Bis A (619A11)","panel_par":"AV. Boyacá - KR 14Bis A","audio_par":"Avenida Boyacá Carrera 14 Bis A","longitud":-74.132347999999993,"latitud":4.5387870000000001,"coor_x":99391.424599999998,"coor_y":99365.137919999994}},{"type":"Feature","id":78,"geometry":{"type":"Point","coordinates":[-74.146057560208192,4.5388646050683183]},"properties":{"OBJECTID":78,"OBJECTID_1":467,"object_id":22119,"cenefa":"243A11","consec_par":"243","modulo_par":"A","zona_par":11,"nombre_par":"Br. El Tesoro","via_par":"KR 18D Bis","direcc_par":"KR 18D Bis - CL 79 Sur","locali_par":19,"consola_pa":"KR 18D Bis - CL 79 Sur (243A11)","panel_par":"KR 18D Bis - CL 79 Sur","audio_par":"Carrera 18 D Bis Calle 79 Sur","longitud":-74.146057560000003,"latitud":4.5388646049999997,"coor_x":99239.285879999996,"coor_y":99366.009049999993}},{"type":"Feature","id":79,"geometry":{"type":"Point","coordinates":[-74.145290149820539,4.5390493527962432]},"properties":{"OBJECTID":79,"OBJECTID_1":468,"object_id":22120,"cenefa":"545A11","consec_par":"545","modulo_par":"A","zona_par":11,"nombre_par":"Br. El Tesoro","via_par":"DG 77A Sur","direcc_par":"DG 77A Sur – KR 18C","locali_par":19,"consola_pa":"DG 77A Sur – KR 18C (545A11)","panel_par":"DG 77A Sur – KR 18C","audio_par":"Diagonal 77 A Sur Carrera 18 C","longitud":-74.145290149999994,"latitud":4.5390493530000002,"coor_x":99247.802230000001,"coor_y":99368.051219999994}},{"type":"Feature","id":80,"geometry":{"type":"Point","coordinates":[-74.155733970446363,4.5390607454079683]},"properties":{"OBJECTID":80,"OBJECTID_1":469,"object_id":22121,"cenefa":"133A11","consec_par":"133","modulo_par":"A","zona_par":11,"nombre_par":"Br. Cordillera del Sur","via_par":"DG 77 Sur","direcc_par":"DG 77 Sur - KR 25","locali_par":19,"consola_pa":"DG 77 Sur - KR 25 (133A11)","panel_par":"DG 77 Sur - KR 25","audio_par":"Diagonal 77 Sur Carrera 25","longitud":-74.15573397,"latitud":4.5390607459999996,"coor_x":99131.904280000002,"coor_y":99368.188890000005}},{"type":"Feature","id":81,"geometry":{"type":"Point","coordinates":[-74.145124099897259,4.5390917324483837]},"properties":{"OBJECTID":81,"OBJECTID_1":470,"object_id":22122,"cenefa":"548A11","consec_par":"548","modulo_par":"A","zona_par":11,"nombre_par":"Br. Cedritos del Sur II","via_par":"DG 77A Sur","direcc_par":"DG 77A Sur – KR 18C","locali_par":19,"consola_pa":"DG 77A Sur – KR 18C (548A11)","panel_par":"DG 77A Sur – KR 18C","audio_par":"Diagonal 77 A Sur Carrera 18 C","longitud":-74.145124100000004,"latitud":4.5390917330000002,"coor_x":99249.644979999997,"coor_y":99368.519690000001}},{"type":"Feature","id":82,"geometry":{"type":"Point","coordinates":[-74.139775550201421,4.5391771356671251]},"properties":{"OBJECTID":82,"OBJECTID_1":471,"object_id":22123,"cenefa":"541A11","consec_par":"541","modulo_par":"A","zona_par":11,"nombre_par":"Br. El Reflejo","via_par":"KR 17F","direcc_par":"KR 17F - CL 78A Sur","locali_par":19,"consola_pa":"KR 17F - CL 78A Sur (541A11)","panel_par":"KR 17F - CL 78A Sur","audio_par":"Carrera 17 F Calle 78 A sur","longitud":-74.139775549999996,"latitud":4.5391771360000002,"coor_x":99308.999379999994,"coor_y":99369.458759999994}},{"type":"Feature","id":83,"geometry":{"type":"Point","coordinates":[-74.155633960438877,4.5391897468602096]},"properties":{"OBJECTID":83,"OBJECTID_1":472,"object_id":22124,"cenefa":"134A11","consec_par":"134","modulo_par":"A","zona_par":11,"nombre_par":"Br. Cordillera del Sur","via_par":"DG 77 Sur","direcc_par":"DG 77 Sur - KR 25A","locali_par":19,"consola_pa":"DG 77 Sur - KR 25A (134A11)","panel_par":"DG 77 Sur - KR 25A","audio_par":"Diagonal 77 Sur Carrera 25 A","longitud":-74.155633960000003,"latitud":4.539189747,"coor_x":99133.014280000003,"coor_y":99369.615279999998}},{"type":"Feature","id":84,"geometry":{"type":"Point","coordinates":[-74.146857849809862,4.5394027341996726]},"properties":{"OBJECTID":84,"OBJECTID_1":474,"object_id":22126,"cenefa":"244A11","consec_par":"244","modulo_par":"A","zona_par":11,"nombre_par":"Br. Naciones Unidas","via_par":"Dg  77A S","direcc_par":"DG 77A Sur - KR 18G","locali_par":19,"consola_pa":"DG 77A Sur - KR 18G (244A11)","panel_par":"DG 77A Sur - KR 18G","audio_par":"Diagonal 77 A Sur Carrera 18 G","longitud":-74.146857850000004,"latitud":4.5394027340000003,"coor_x":99230.405410000007,"coor_y":99371.960600000006}},{"type":"Feature","id":85,"geometry":{"type":"Point","coordinates":[-74.135423999717773,4.5395554804519085]},"properties":{"OBJECTID":85,"OBJECTID_1":475,"object_id":22127,"cenefa":"536A11","consec_par":"536","modulo_par":"A","zona_par":11,"nombre_par":"Br. Monterrey","via_par":"KR 15","direcc_par":"KR 15 - CL 75B Sur","locali_par":19,"consola_pa":"KR 15 - CL 75B Sur (536A11)","panel_par":"KR 15 - CL 75B Sur","audio_par":"Carrera 15 Calle 75 Be Sur","longitud":-74.135424,"latitud":4.5395554809999998,"coor_x":99357.290049999996,"coor_y":99373.63854}},{"type":"Feature","id":86,"geometry":{"type":"Point","coordinates":[-74.135132999788084,4.539679999683079]},"properties":{"OBJECTID":86,"OBJECTID_1":476,"object_id":22128,"cenefa":"618A11","consec_par":"618","modulo_par":"A","zona_par":11,"nombre_par":"Br. Monterrey","via_par":"KR 15","direcc_par":"KR 15 - CL 75B Sur","locali_par":19,"consola_pa":"KR 15 - CL 75B Sur (618A11)","panel_par":"KR 15 - CL 75B Sur","audio_par":"Carrera 15 Calle 75 Be Sur","longitud":-74.135132999999996,"latitud":4.5396799999999997,"coor_x":99360.519469999999,"coor_y":99375.015230000005}},{"type":"Feature","id":87,"geometry":{"type":"Point","coordinates":[-74.1475749997864,4.5397359995675464]},"properties":{"OBJECTID":87,"OBJECTID_1":478,"object_id":22130,"cenefa":"245A11","consec_par":"245","modulo_par":"A","zona_par":11,"nombre_par":"Br. Cedritos del Sur","via_par":"Dg  77A S","direcc_par":"DG 77A Sur - KR 18F","locali_par":19,"consola_pa":"DG 77A Sur - KR 18F (245A11)","panel_par":"DG 77A Sur - KR 18F","audio_par":"Diagonal 77 A Sur Carrera 18 F","longitud":-74.147575000000003,"latitud":4.5397360000000004,"coor_x":99222.447350000002,"coor_y":99375.646670000002}},{"type":"Feature","id":88,"geometry":{"type":"Point","coordinates":[-74.148227469621986,4.5400162957662911]},"properties":{"OBJECTID":88,"OBJECTID_1":481,"object_id":22133,"cenefa":"239A11","consec_par":"239","modulo_par":"A","zona_par":11,"nombre_par":"Br. Naciones Unidas","via_par":"Tv  18H","direcc_par":"TV 18H - DG 77A Sur","locali_par":19,"consola_pa":"TV 18H - DG 77A Sur (239A11)","panel_par":"TV 18H - DG 77A Sur","audio_par":"Transversal 18 H Diagonal 77 A Sur","longitud":-74.148227469999995,"latitud":4.5400162960000001,"coor_x":99215.207020000002,"coor_y":99378.746920000005}},{"type":"Feature","id":89,"geometry":{"type":"Point","coordinates":[-74.148161659932612,4.5400209344693945]},"properties":{"OBJECTID":89,"OBJECTID_1":482,"object_id":22134,"cenefa":"238A11","consec_par":"238","modulo_par":"A","zona_par":11,"nombre_par":"Br. El Tesoro","via_par":"Tv 18 H","direcc_par":"TV 18H - DG 77A Sur","locali_par":19,"consola_pa":"TV 18H - DG 77A Sur (238A11)","panel_par":"TV 18H - DG 77A Sur","audio_par":"Transversal 18 H Diagonal 77 A Sur","longitud":-74.14816166,"latitud":4.5400209350000003,"coor_x":99215.937340000004,"coor_y":99378.798150000002}},{"type":"Feature","id":90,"geometry":{"type":"Point","coordinates":[-74.146429939789869,4.5400360295899436]},"properties":{"OBJECTID":90,"OBJECTID_1":483,"object_id":22135,"cenefa":"249A11","consec_par":"249","modulo_par":"A","zona_par":11,"nombre_par":"Br. El Tesoro","via_par":"Cl 78 S","direcc_par":"CL 78 Sur - KR 18F","locali_par":19,"consola_pa":"CL 78 Sur - KR 18F (249A11)","panel_par":"CL 78 Sur - KR 18F","audio_par":"Calle 78 Sur Carrera 18 F","longitud":-74.146429940000004,"latitud":4.5400360299999996,"coor_x":99235.154710000003,"coor_y":99378.963220000005}},{"type":"Feature","id":91,"geometry":{"type":"Point","coordinates":[-74.146461970043845,4.5401590415573247]},"properties":{"OBJECTID":91,"OBJECTID_1":485,"object_id":22137,"cenefa":"250A11","consec_par":"250","modulo_par":"A","zona_par":11,"nombre_par":"Br. El Tesoro","via_par":"Cl 78 S","direcc_par":"CL 78 Sur - KR 18D","locali_par":19,"consola_pa":"CL 78 Sur - KR 18D (250A11)","panel_par":"CL 78 Sur - KR 18D","audio_par":"Calle 78 Sur Carrera 18 D","longitud":-74.146461970000004,"latitud":4.540159042,"coor_x":99234.79939,"coor_y":99380.323529999994}},{"type":"Feature","id":92,"geometry":{"type":"Point","coordinates":[-74.14832563961653,4.5402980740476995]},"properties":{"OBJECTID":92,"OBJECTID_1":488,"object_id":22140,"cenefa":"240A11","consec_par":"240","modulo_par":"A","zona_par":11,"nombre_par":"Br. Naciones Unidas","via_par":"Dg  77A S","direcc_par":"DG 77A Sur - TV 18H","locali_par":19,"consola_pa":"DG 77A Sur - TV 18H (240A11)","panel_par":"DG 77A Sur - TV 18H","audio_par":"Diagonal 77 A Sur Transversal 18 H","longitud":-74.148325639999996,"latitud":4.5402980739999999,"coor_x":99214.117910000001,"coor_y":99381.862959999999}},{"type":"Feature","id":93,"geometry":{"type":"Point","coordinates":[-74.133889789582099,4.5404221247321059]},"properties":{"OBJECTID":93,"OBJECTID_1":491,"object_id":22143,"cenefa":"010A11","consec_par":"010","modulo_par":"A","zona_par":11,"nombre_par":"Br. Casa de Teja","via_par":"AV. Boyacá","direcc_par":"AV. Boyacá - KR 15","locali_par":19,"consola_pa":"AV. Boyacá - KR 15 (010A11)","panel_par":"AV. Boyacá - KR 15","audio_par":"Avenida Boyacá Carrera 15","longitud":-74.133889789999998,"latitud":4.5404221250000001,"coor_x":99374.316330000001,"coor_y":99383.220660000006}},{"type":"Feature","id":94,"geometry":{"type":"Point","coordinates":[-74.1483693196883,4.5404259738304367]},"properties":{"OBJECTID":94,"OBJECTID_1":492,"object_id":22144,"cenefa":"241A11","consec_par":"241","modulo_par":"A","zona_par":11,"nombre_par":"El Tesoro","via_par":"Dg  77A S","direcc_par":"DG 77A Sur - KR 18H","locali_par":19,"consola_pa":"DG 77A Sur - KR 18H (241A11)","panel_par":"DG 77A Sur - KR 18H","audio_par":"Diagonal 77 A Sur Carrera 18 H","longitud":-74.14836932,"latitud":4.5404259739999997,"coor_x":99213.633319999994,"coor_y":99383.277350000004}},{"type":"Feature","id":95,"geometry":{"type":"Point","coordinates":[-74.142102000107172,4.5406779998406579]},"properties":{"OBJECTID":95,"OBJECTID_1":498,"object_id":22150,"cenefa":"546A11","consec_par":"546","modulo_par":"A","zona_par":11,"nombre_par":"Br. Quiba","via_par":"KR 18","direcc_par":"KR 18 – CL 78 Sur","locali_par":19,"consola_pa":"KR 18 – CL 78 Sur (546A11)","panel_par":"KR 18 – CL 78 Sur","audio_par":"Carrera 18 Calle 78 Sur","longitud":-74.142101999999994,"latitud":4.5406779999999998,"coor_x":99283.183619999996,"coor_y":99386.057780000003}},{"type":"Feature","id":96,"geometry":{"type":"Point","coordinates":[-74.138151520276381,4.5406786860233783]},"properties":{"OBJECTID":96,"OBJECTID_1":499,"object_id":22151,"cenefa":"051A11","consec_par":"051","modulo_par":"A","zona_par":11,"nombre_par":"Urb. Buenavista","via_par":"KR  17 A S","direcc_par":"KR 17 A - CL 76A Sur","locali_par":19,"consola_pa":"KR 17 A - CL 76A Sur (051A11)","panel_par":"KR 17 A - CL 76A Sur","audio_par":"Carrera 17 A Calle 76 A Sur","longitud":-74.138151519999994,"latitud":4.5406786859999997,"coor_x":99327.023079999999,"coor_y":99386.061570000005}},{"type":"Feature","id":97,"geometry":{"type":"Point","coordinates":[-74.133510999632904,4.540704000140324]},"properties":{"OBJECTID":97,"OBJECTID_1":500,"object_id":22152,"cenefa":"117A11","consec_par":"117","modulo_par":"A","zona_par":11,"nombre_par":"Central de mezclas","via_par":"AV. Boyacá","direcc_par":"AV. Boyacá - KR 15","locali_par":19,"consola_pa":"AV. Boyacá - KR 15 (117A11)","panel_par":"AV. Boyacá - KR 15","audio_par":"Avenida Boyacá Carrera 15","longitud":-74.133510999999999,"latitud":4.5407039999999999,"coor_x":99378.520099999994,"coor_y":99386.337339999998}},{"type":"Feature","id":98,"geometry":{"type":"Point","coordinates":[-74.142040999992105,4.5407909996557461]},"properties":{"OBJECTID":98,"OBJECTID_1":501,"object_id":22153,"cenefa":"547A11","consec_par":"547","modulo_par":"A","zona_par":11,"nombre_par":"Br. Quiba","via_par":"KR 18","direcc_par":"KR 18 – CL 78 Sur","locali_par":19,"consola_pa":"KR 18 – CL 78 Sur (547A11)","panel_par":"KR 18 – CL 78 Sur","audio_par":"Carrera 18 Calle 78 Sur","longitud":-74.142041000000006,"latitud":4.5407909999999996,"coor_x":99283.860660000006,"coor_y":99387.307279999994}},{"type":"Feature","id":99,"geometry":{"type":"Point","coordinates":[-74.139310439724966,4.5410274440121352]},"properties":{"OBJECTID":99,"OBJECTID_1":502,"object_id":22154,"cenefa":"542A11","consec_par":"542","modulo_par":"A","zona_par":11,"nombre_par":"Pq. Buenavista El Porvenir","via_par":"KR 17F","direcc_par":"KR 17F - CL 76A Sur","locali_par":19,"consola_pa":"KR 17F - CL 76A Sur (542A11)","panel_par":"KR 17F - CL 76A Sur","audio_par":"Carrera 17 F Calle 76 A Sur","longitud":-74.139310440000003,"latitud":4.541027444,"coor_x":99314.162580000004,"coor_y":99389.919269999999}},{"type":"Feature","id":100,"geometry":{"type":"Point","coordinates":[-74.149442209989957,4.5414252995887043]},"properties":{"OBJECTID":100,"OBJECTID_1":506,"object_id":22158,"cenefa":"236A11","consec_par":"236","modulo_par":"A","zona_par":11,"nombre_par":"Br. Naciones Unidas","via_par":"KR 18K","direcc_par":"KR 18K - CL 76A Sur","locali_par":19,"consola_pa":"KR 18K - CL 76A Sur (236A11)","panel_par":"KR 18K - CL 76A Sur","audio_par":"Carrera 18 K Calle 76 A Sur","longitud":-74.149442210000004,"latitud":4.5414253000000002,"coor_x":99201.728289999999,"coor_y":99394.329199999993}},{"type":"Feature","id":101,"geometry":{"type":"Point","coordinates":[-74.146632569637347,4.5414530310832877]},"properties":{"OBJECTID":101,"OBJECTID_1":507,"object_id":22159,"cenefa":"242A11","consec_par":"242","modulo_par":"A","zona_par":11,"nombre_par":"Br. El Tesoro","via_par":"KR  18G","direcc_par":"KR 18G - CL 76 Sur","locali_par":19,"consola_pa":"KR 18G - CL 76 Sur (242A11)","panel_par":"KR 18G - CL 76 Sur","audio_par":"Carrera 18 G Calle 76 Sur","longitud":-74.146632569999994,"latitud":4.5414530309999996,"coor_x":99232.907560000007,"coor_y":99394.632809999996}},{"type":"Feature","id":102,"geometry":{"type":"Point","coordinates":[-74.151535999886448,4.5415879995373443]},"properties":{"OBJECTID":102,"OBJECTID_1":510,"object_id":22162,"cenefa":"433A11","consec_par":"433","modulo_par":"A","zona_par":11,"nombre_par":"Br. Naciones Unidas","via_par":"KR 18R","direcc_par":"KR 18R - CL 75A Sur","locali_par":19,"consola_pa":"KR 18R - CL 75A Sur (433A11)","panel_par":"KR 18R - CL 75A Sur","audio_par":"Carrera 18 R Calle 75 A Sur","longitud":-74.151535999999993,"latitud":4.541588,"coor_x":99178.493180000005,"coor_y":99396.130699999994}},{"type":"Feature","id":103,"geometry":{"type":"Point","coordinates":[-74.149416389554688,4.541635589861361]},"properties":{"OBJECTID":103,"OBJECTID_1":513,"object_id":22165,"cenefa":"237A11","consec_par":"237","modulo_par":"A","zona_par":11,"nombre_par":"Br. Naciones Unidas","via_par":"KR 18K","direcc_par":"KR 18K - CL 76 Sur","locali_par":19,"consola_pa":"KR 18K - CL 76 Sur (237A11)","panel_par":"KR 18K - CL 76 Sur","audio_par":"Carrera 18 K Calle 76 Sur","longitud":-74.149416389999999,"latitud":4.5416355900000003,"coor_x":99202.015050000002,"coor_y":99396.654590000006}},{"type":"Feature","id":104,"geometry":{"type":"Point","coordinates":[-74.162809849794712,4.5416589668386091]},"properties":{"OBJECTID":104,"OBJECTID_1":514,"object_id":22166,"cenefa":"447A11","consec_par":"447","modulo_par":"A","zona_par":11,"nombre_par":"Col. José María Vargas Vila","via_par":"KR 27","direcc_par":"KR 27 - CL 74 Sur","locali_par":19,"consola_pa":"KR 27 - CL 74 Sur (447A11)","panel_par":"KR 27 - CL 74 Sur","audio_par":"Carrera 27 Calle 74 Sur","longitud":-74.162809850000002,"latitud":4.541658967,"coor_x":99053.384659999996,"coor_y":99396.929239999998}},{"type":"Feature","id":105,"geometry":{"type":"Point","coordinates":[-74.15571499025458,4.5417059474223196]},"properties":{"OBJECTID":105,"OBJECTID_1":516,"object_id":22168,"cenefa":"135A11","consec_par":"135","modulo_par":"A","zona_par":11,"nombre_par":"Br. Los Alpes Sur","via_par":"KR 26","direcc_par":"KR 26 - CL 75Bis Sur","locali_par":19,"consola_pa":"KR 26 - CL 75Bis Sur (135A11)","panel_par":"KR 26 - CL 75Bis Sur","audio_par":"Carrera 26 Calle 75 Bis Sur","longitud":-74.155714990000007,"latitud":4.5417059479999997,"coor_x":99132.118069999997,"coor_y":99397.439870000002}},{"type":"Feature","id":106,"geometry":{"type":"Point","coordinates":[-74.137817440122717,4.5417261515913783]},"properties":{"OBJECTID":106,"OBJECTID_1":517,"object_id":22169,"cenefa":"052A11","consec_par":"052","modulo_par":"A","zona_par":11,"nombre_par":"Br. Casa de Teja","via_par":"KR  17 A","direcc_par":"KR 17 A - CL 75 Sur","locali_par":19,"consola_pa":"KR 17 A - CL 75 Sur (052A11)","panel_par":"KR 17 A - CL 75 Sur","audio_par":"Carrera 17 A Calle 75 Sur","longitud":-74.137817440000006,"latitud":4.5417261519999998,"coor_x":99330.731409999993,"coor_y":99397.644270000004}},{"type":"Feature","id":107,"geometry":{"type":"Point","coordinates":[-74.146501790225386,4.5418345154013169]},"properties":{"OBJECTID":107,"OBJECTID_1":519,"object_id":22171,"cenefa":"251A11","consec_par":"251","modulo_par":"A","zona_par":11,"nombre_par":"IED Antonio García","via_par":"KR  18G","direcc_par":"KR 18G - CL 75 Sur","locali_par":19,"consola_pa":"KR 18G - CL 75 Sur (251A11)","panel_par":"KR 18G - CL 75 Sur","audio_par":"Carrera 18 G Calle 75 Sur","longitud":-74.146501790000002,"latitud":4.5418345159999998,"coor_x":99234.359259999997,"coor_y":99398.851190000001}},{"type":"Feature","id":108,"geometry":{"type":"Point","coordinates":[-74.162731029613269,4.5419493965981577]},"properties":{"OBJECTID":108,"OBJECTID_1":523,"object_id":22175,"cenefa":"446A11","consec_par":"446","modulo_par":"A","zona_par":11,"nombre_par":"Br. La Torre","via_par":"KR 27","direcc_par":"KR 27 - CL 75ABis Sur","locali_par":19,"consola_pa":"KR 27 - CL 75ABis Sur (446A11)","panel_par":"KR 27 - CL 75ABis Sur","audio_par":"Carrera 27 Calle 75 A Bis Sur","longitud":-74.162731030000003,"latitud":4.5419493969999998,"coor_x":99054.259720000002,"coor_y":99400.140750000006}},{"type":"Feature","id":109,"geometry":{"type":"Point","coordinates":[-74.155619869861084,4.5419827452582719]},"properties":{"OBJECTID":109,"OBJECTID_1":525,"object_id":22177,"cenefa":"136A11","consec_par":"136","modulo_par":"A","zona_par":11,"nombre_par":"Br. Los Alpes Sur","via_par":"KR 26","direcc_par":"KR 26 - CL 74C Sur","locali_par":19,"consola_pa":"KR 26 - CL 74C Sur (136A11)","panel_par":"KR 26 - CL 74C Sur","audio_par":"Carrera 26 Calle 74 C Sur","longitud":-74.155619869999995,"latitud":4.5419827450000003,"coor_x":99133.173970000003,"coor_y":99400.500610000003}},{"type":"Feature","id":110,"geometry":{"type":"Point","coordinates":[-74.146152999860988,4.5420759995584943]},"properties":{"OBJECTID":110,"OBJECTID_1":527,"object_id":22179,"cenefa":"251B11","consec_par":"251","modulo_par":"B","zona_par":11,"nombre_par":"IED Antonio García","via_par":"CL 75G Sur","direcc_par":"CL 75G Sur - KR 18F","locali_par":19,"consola_pa":"CL 75G Sur - KR 18F (251B11)","panel_par":"CL 75G Sur - KR 18F","audio_par":"Calle 75 G Sur Carrera 18 F","longitud":-74.146152999999998,"latitud":4.5420759999999998,"coor_x":99238.230119999993,"coor_y":99401.521179999996}},{"type":"Feature","id":111,"geometry":{"type":"Point","coordinates":[-74.14334764028132,4.5421597021593092]},"properties":{"OBJECTID":111,"OBJECTID_1":531,"object_id":22183,"cenefa":"259A11","consec_par":"259","modulo_par":"A","zona_par":11,"nombre_par":"Br. Quiba","via_par":"KR  18B BIS A","direcc_par":"KR 18A BIS  - 74B Sur","locali_par":19,"consola_pa":"KR 18A BIS  - 74B Sur (259A11)","panel_par":"KR 18A BIS  - 74B Sur","audio_par":"Carrera 18 A Bis 74 Be Sur","longitud":-74.143347640000002,"latitud":4.5421597020000002,"coor_x":99269.361929999999,"coor_y":99402.443880000006}},{"type":"Feature","id":112,"geometry":{"type":"Point","coordinates":[-74.145224039757579,4.5421997507686305]},"properties":{"OBJECTID":112,"OBJECTID_1":534,"object_id":22186,"cenefa":"254A11","consec_par":"254","modulo_par":"A","zona_par":11,"nombre_par":"Br. Estrella del Sur","via_par":"Cl 75 S","direcc_par":"CL 75 Sur - KR 18B Bis B","locali_par":19,"consola_pa":"CL 75 Sur - KR 18B Bis B (254A11)","panel_par":"CL 75 Sur - KR 18B Bis B","audio_par":"Calle 75 Sur Carrera 18 Be Bis Be","longitud":-74.145224040000002,"latitud":4.5421997510000001,"coor_x":99248.539130000005,"coor_y":99402.888659999997}},{"type":"Feature","id":113,"geometry":{"type":"Point","coordinates":[-74.134831000250415,4.5422519995808974]},"properties":{"OBJECTID":113,"OBJECTID_1":536,"object_id":22188,"cenefa":"537A11","consec_par":"537","modulo_par":"A","zona_par":11,"nombre_par":"Br. Acapulco","via_par":"KR 14B","direcc_par":"KR 14B - CL 77 Sur","locali_par":19,"consola_pa":"KR 14B - CL 77 Sur (537A11)","panel_par":"KR 14B - CL 77 Sur","audio_par":"Carrera 14 Be Calle 77 Sur","longitud":-74.134831000000005,"latitud":4.5422520000000004,"coor_x":99363.873089999994,"coor_y":99403.456470000005}},{"type":"Feature","id":114,"geometry":{"type":"Point","coordinates":[-74.144533999844157,4.542299999995782]},"properties":{"OBJECTID":114,"OBJECTID_1":537,"object_id":22189,"cenefa":"254B11","consec_par":"254","modulo_par":"B","zona_par":11,"nombre_par":"Br. Estrella del Sur","via_par":"CL 75 Sur","direcc_par":"CL 75 Sur - KR 18B Bis A","locali_par":19,"consola_pa":"CL 75 Sur - KR 18B Bis A (254B11)","panel_par":"CL 75 Sur - KR 18B Bis A","audio_par":"Calle 75 Sur Carrera 18 Be Bis A","longitud":-74.144533999999993,"latitud":4.5423,"coor_x":99256.196760000006,"coor_y":99403.996520000001}},{"type":"Feature","id":115,"geometry":{"type":"Point","coordinates":[-74.144887009827585,4.5423114798416986]},"properties":{"OBJECTID":115,"OBJECTID_1":538,"object_id":22190,"cenefa":"255A11","consec_par":"255","modulo_par":"A","zona_par":11,"nombre_par":"Br. Estrella del Sur","via_par":"Cl 75 S","direcc_par":"CL 75 Sur - KR 18B","locali_par":19,"consola_pa":"CL 75 Sur - KR 18B (255A11)","panel_par":"CL 75 Sur - KR 18B","audio_par":"Calle 75 Sur Carrera 18 Be","longitud":-74.144887010000005,"latitud":4.5423114800000004,"coor_x":99252.279339999994,"coor_y":99404.123829999997}},{"type":"Feature","id":116,"geometry":{"type":"Point","coordinates":[-74.143430000194314,4.5423295400270067]},"properties":{"OBJECTID":116,"OBJECTID_1":539,"object_id":22191,"cenefa":"258A11","consec_par":"258","modulo_par":"A","zona_par":11,"nombre_par":"Br. Estrella del Sur","via_par":"KR  18B BIS A","direcc_par":"KR 18A BIS  - CL 74 Sur","locali_par":19,"consola_pa":"KR 18A BIS  - CL 74 Sur (258A11)","panel_par":"KR 18A BIS  - CL 74 Sur","audio_par":"Carrera 18 A Bis Calle 74 Sur","longitud":-74.143429999999995,"latitud":4.5423295399999999,"coor_x":99268.448130000004,"coor_y":99404.322050000002}},{"type":"Feature","id":117,"geometry":{"type":"Point","coordinates":[-74.170209000345039,4.5427749994174373]},"properties":{"OBJECTID":117,"OBJECTID_1":543,"object_id":22195,"cenefa":"435A11","consec_par":"435","modulo_par":"A","zona_par":11,"nombre_par":"Quiba","via_par":"Vía a Quiba","direcc_par":"Vereda Quiba","locali_par":19,"consola_pa":"Vereda Quiba (435A11)","panel_par":"Vereda Quiba","audio_par":"Vereda Quiba","longitud":-74.170209,"latitud":4.5427749999999998,"coor_x":98971.276079999996,"coor_y":99409.280589999995}},{"type":"Feature","id":118,"geometry":{"type":"Point","coordinates":[-74.151808099664038,4.5428361137463931]},"properties":{"OBJECTID":118,"OBJECTID_1":546,"object_id":22198,"cenefa":"458A11","consec_par":"458","modulo_par":"A","zona_par":11,"nombre_par":"Br. Naciones Unidas","via_par":"KR 18R","direcc_par":"KR 18R - CL 74C Sur","locali_par":19,"consola_pa":"KR 18R - CL 74C Sur (458A11)","panel_par":"KR 18R - CL 74C Sur","audio_par":"Carrera 18 R Calle 74 C Sur","longitud":-74.151808099999997,"latitud":4.542836114,"coor_x":99175.475040000005,"coor_y":99409.932820000002}},{"type":"Feature","id":119,"geometry":{"type":"Point","coordinates":[-74.139173320092596,4.5432980019519444]},"properties":{"OBJECTID":119,"OBJECTID_1":552,"object_id":22204,"cenefa":"543A11","consec_par":"543","modulo_par":"A","zona_par":11,"nombre_par":"Br. Potreritos","via_par":"KR 17F","direcc_par":"KR 17F - CL 74A Sur","locali_par":19,"consola_pa":"KR 17F - CL 74A Sur (543A11)","panel_par":"KR 17F - CL 74A Sur","audio_par":"Carrera 17 F Calle 74 A Sur","longitud":-74.139173319999998,"latitud":4.5432980020000002,"coor_x":99315.686379999999,"coor_y":99415.027260000003}},{"type":"Feature","id":120,"geometry":{"type":"Point","coordinates":[-74.161399130065774,4.5435508112716398]},"properties":{"OBJECTID":120,"OBJECTID_1":563,"object_id":22215,"cenefa":"445A11","consec_par":"445","modulo_par":"A","zona_par":11,"nombre_par":"Col. José María Vargas Vila","via_par":"KR 27","direcc_par":"KR 27 - CL 74 Sur","locali_par":19,"consola_pa":"KR 27 - CL 74 Sur (445A11)","panel_par":"KR 27 - CL 74 Sur","audio_par":"Carrera 27 Calle 74 Sur","longitud":-74.161399130000007,"latitud":4.5435508110000002,"coor_x":99069.042180000004,"coor_y":99417.847680000006}},{"type":"Feature","id":121,"geometry":{"type":"Point","coordinates":[-74.144152609954972,4.543655148816808]},"properties":{"OBJECTID":121,"OBJECTID_1":564,"object_id":22216,"cenefa":"599A11","consec_par":"599","modulo_par":"A","zona_par":11,"nombre_par":"Br. Estrella del Sur","via_par":"KR 18B Bis","direcc_par":"KR 18B Bis- CL 74 Sur","locali_par":19,"consola_pa":"KR 18B Bis- CL 74 Sur (599A11)","panel_par":"KR 18B Bis- CL 74 Sur","audio_par":"Carrera 18 Be Bis Calle 74 Sur","longitud":-74.144152610000006,"latitud":4.5436551490000001,"coor_x":99260.430519999994,"coor_y":99418.981539999993}},{"type":"Feature","id":122,"geometry":{"type":"Point","coordinates":[-74.155390100272882,4.5436905910985859]},"properties":{"OBJECTID":122,"OBJECTID_1":570,"object_id":22222,"cenefa":"575A11","consec_par":"575","modulo_par":"A","zona_par":11,"nombre_par":"Br. Los Alpes","via_par":"KR 26","direcc_par":"KR 26 - CL 73 Sur","locali_par":19,"consola_pa":"KR 26 - CL 73 Sur (575A11)","panel_par":"KR 26 - CL 73 Sur","audio_par":"Carrera 26 Calle 73 Sur","longitud":-74.155390100000005,"latitud":4.5436905909999998,"coor_x":99135.725810000004,"coor_y":99419.385930000004}},{"type":"Feature","id":123,"geometry":{"type":"Point","coordinates":[-74.137988389552504,4.5438251359719724]},"properties":{"OBJECTID":123,"OBJECTID_1":575,"object_id":22227,"cenefa":"282A11","consec_par":"282","modulo_par":"A","zona_par":11,"nombre_par":"Br. Potreritos","via_par":"Cl 73B S","direcc_par":"CL 73B Sur - KR 17A","locali_par":19,"consola_pa":"CL 73B Sur - KR 17A (282A11)","panel_par":"CL 73B Sur - KR 17A","audio_par":"Calle 73 Be Sur 17 A","longitud":-74.137988390000004,"latitud":4.5438251359999997,"coor_x":99328.836280000003,"coor_y":99420.85527}},{"type":"Feature","id":124,"geometry":{"type":"Point","coordinates":[-74.155597470446878,4.5439756132346805]},"properties":{"OBJECTID":124,"OBJECTID_1":582,"object_id":22234,"cenefa":"576A11","consec_par":"576","modulo_par":"A","zona_par":11,"nombre_par":"Br. Tabor Altaloma","via_par":"KR 26","direcc_par":"KR 26 - CL 71 A Sur","locali_par":19,"consola_pa":"KR 26 - CL 71 A Sur (576A11)","panel_par":"KR 26 - CL 71 A Sur","audio_par":"Carrera 26 Calle 71 A Sur","longitud":-74.155597470000004,"latitud":4.5439756129999997,"coor_x":99133.424929999994,"coor_y":99422.537989999997}},{"type":"Feature","id":125,"geometry":{"type":"Point","coordinates":[-74.143701000101032,4.5440129144151715]},"properties":{"OBJECTID":125,"OBJECTID_1":583,"object_id":22235,"cenefa":"274A11","consec_par":"274","modulo_par":"A","zona_par":11,"nombre_par":"Br. Estrella del Sur","via_par":"Cl 73A S","direcc_par":"CL 73A Sur - KR 18A Bis","locali_par":19,"consola_pa":"CL 73A Sur - KR 18A Bis (274A11)","panel_par":"CL 73A Sur - KR 18A Bis","audio_par":"Calle 73 A Sur Carrera 18 A Bis","longitud":-74.143700999999993,"latitud":4.5440129149999997,"coor_x":99265.442490000001,"coor_y":99422.937309999994}},{"type":"Feature","id":126,"geometry":{"type":"Point","coordinates":[-74.143436940262518,4.5440670545016575]},"properties":{"OBJECTID":126,"OBJECTID_1":584,"object_id":22236,"cenefa":"549A11","consec_par":"549","modulo_par":"A","zona_par":11,"nombre_par":"Br. Estrella del Sur","via_par":"KR  18B BIS","direcc_par":"KR 18A Bis – CL 73 Sur","locali_par":19,"consola_pa":"KR 18A Bis – CL 73 Sur (549A11)","panel_par":"KR 18A Bis – CL 73 Sur","audio_par":"Carrera 18 A Bis Calle 73 Sur","longitud":-74.143436940000001,"latitud":4.5440670550000002,"coor_x":99268.372870000007,"coor_y":99423.535730000003}},{"type":"Feature","id":127,"geometry":{"type":"Point","coordinates":[-74.150007309789487,4.5441812962804722]},"properties":{"OBJECTID":127,"OBJECTID_1":587,"object_id":22239,"cenefa":"260A11","consec_par":"260","modulo_par":"A","zona_par":11,"nombre_par":"Br. San Rafael","via_par":"Dg  73A S","direcc_par":"DG 73A Sur - TV 18K","locali_par":19,"consola_pa":"DG 73A Sur - TV 18K (260A11)","panel_par":"DG 73A Sur - TV 18K","audio_par":"Diagonal 73 A Sur Transversal 18 K","longitud":-74.150007310000007,"latitud":4.5441812959999996,"coor_x":99195.460290000003,"coor_y":99424.805999999997}},{"type":"Feature","id":128,"geometry":{"type":"Point","coordinates":[-74.161045370047759,4.5442087957499977]},"properties":{"OBJECTID":128,"OBJECTID_1":588,"object_id":22240,"cenefa":"444A11","consec_par":"444","modulo_par":"A","zona_par":11,"nombre_par":"Br. Bella Flor","via_par":"Cl 73CBis S","direcc_par":"CL 73CBis Sur - KR 27","locali_par":19,"consola_pa":"CL 73CBis Sur - KR 27 (444A11)","panel_par":"CL 73CBis Sur - KR 27","audio_par":"Calle 73 CBis Sur Carrera 27","longitud":-74.161045369999997,"latitud":4.5442087960000004,"coor_x":99072.968770000007,"coor_y":99425.123309999995}},{"type":"Feature","id":129,"geometry":{"type":"Point","coordinates":[-74.160920349894184,4.5442136188141546]},"properties":{"OBJECTID":129,"OBJECTID_1":589,"object_id":22241,"cenefa":"448A11","consec_par":"448","modulo_par":"A","zona_par":11,"nombre_par":"Br. Bella Flor","via_par":"DG 73B S","direcc_par":"DG 73B Sur - KR 27Bis A","locali_par":19,"consola_pa":"DG 73B Sur - KR 27Bis A (448A11)","panel_par":"DG 73B Sur - KR 27Bis A","audio_par":"Diagonal 73 Be Sur Carrera 27 Bis A","longitud":-74.160920349999998,"latitud":4.5442136189999998,"coor_x":99074.356150000007,"coor_y":99425.176479999995}},{"type":"Feature","id":130,"geometry":{"type":"Point","coordinates":[-74.137599580256392,4.5444022606065113]},"properties":{"OBJECTID":130,"OBJECTID_1":591,"object_id":22243,"cenefa":"050A11","consec_par":"050","modulo_par":"A","zona_par":11,"nombre_par":"Br. Sotavento","via_par":"KR  17A","direcc_par":"KR 17A - CL 73A Sur","locali_par":19,"consola_pa":"KR 17A - CL 73A Sur (050A11)","panel_par":"KR 17A - CL 73A Sur","audio_par":"Carrera 17 A Calle 73 A Sur","longitud":-74.13759958,"latitud":4.5444022610000001,"coor_x":99333.151509999996,"coor_y":99427.236829999994}},{"type":"Feature","id":131,"geometry":{"type":"Point","coordinates":[-74.137689200396267,4.5444822004438601]},"properties":{"OBJECTID":131,"OBJECTID_1":593,"object_id":22245,"cenefa":"049A11","consec_par":"049","modulo_par":"A","zona_par":11,"nombre_par":"Br. Sotavento","via_par":"KR  17 A","direcc_par":"KR 17 A - CL 73B Sur","locali_par":19,"consola_pa":"KR 17 A - CL 73B Sur (049A11)","panel_par":"KR 17 A - CL 73B Sur","audio_par":"Carrera 17 A Calle 73 Be Sur","longitud":-74.137689199999997,"latitud":4.5444822010000001,"coor_x":99332.157059999998,"coor_y":99428.120899999994}},{"type":"Feature","id":132,"geometry":{"type":"Point","coordinates":[-74.149700560032784,4.5445177200674252]},"properties":{"OBJECTID":132,"OBJECTID_1":595,"object_id":22247,"cenefa":"261A11","consec_par":"261","modulo_par":"A","zona_par":11,"nombre_par":"Br. Naciones Unidas","via_par":"Dg  73A S","direcc_par":"DG 73A Sur - KR 18J","locali_par":19,"consola_pa":"DG 73A Sur - KR 18J (261A11)","panel_par":"DG 73A Sur - KR 18J","audio_par":"Diagonal 73 A Sur Carrera 18 J","longitud":-74.149700559999999,"latitud":4.54451772,"coor_x":99198.864730000001,"coor_y":99428.525880000001}},{"type":"Feature","id":133,"geometry":{"type":"Point","coordinates":[-74.142716999689753,4.5446919996866892]},"properties":{"OBJECTID":133,"OBJECTID_1":598,"object_id":22250,"cenefa":"600A11","consec_par":"600","modulo_par":"A","zona_par":11,"nombre_par":"Br. Quintas del Sur","via_par":"Cl 73","direcc_par":"CL 73 Sur - KR 18","locali_par":19,"consola_pa":"CL 73 Sur - KR 18 (600A11)","panel_par":"CL 73 Sur - KR 18","audio_par":"Calle 73 Sur Carrera 18","longitud":-74.142717000000005,"latitud":4.5446920000000004,"coor_x":99276.362810000006,"coor_y":99430.445730000007}},{"type":"Feature","id":134,"geometry":{"type":"Point","coordinates":[-74.14291657004361,4.5447117667852854]},"properties":{"OBJECTID":134,"OBJECTID_1":599,"object_id":22251,"cenefa":"275A11","consec_par":"275","modulo_par":"A","zona_par":11,"nombre_par":"Br. Estrella del Sur","via_par":"CL 73 Sur","direcc_par":"CL 73 Sur - KR 18","locali_par":19,"consola_pa":"CL 73 Sur - KR 18 (275A11)","panel_par":"CL 73 Sur - KR 18","audio_par":"Calle 73 Sur Carrera 18","longitud":-74.142916569999997,"latitud":4.5447117669999999,"coor_x":99274.148159999997,"coor_y":99430.664510000002}},{"type":"Feature","id":135,"geometry":{"type":"Point","coordinates":[-74.151138639836347,4.5447396898354793]},"properties":{"OBJECTID":135,"OBJECTID_1":601,"object_id":22253,"cenefa":"461A11","consec_par":"461","modulo_par":"A","zona_par":11,"nombre_par":"Br. San Rafael","via_par":"KR 18R","direcc_par":"KR 18R - DG 71D Sur","locali_par":19,"consola_pa":"KR 18R - DG 71D Sur (461A11)","panel_par":"KR 18R - DG 71D Sur","audio_par":"Carrera 18 R Diagonal 71 D Sur","longitud":-74.151138639999999,"latitud":4.5447396900000001,"coor_x":99182.906329999998,"coor_y":99430.982059999995}},{"type":"Feature","id":136,"geometry":{"type":"Point","coordinates":[-74.151019020111676,4.5447807546787713]},"properties":{"OBJECTID":136,"OBJECTID_1":603,"object_id":22255,"cenefa":"460A11","consec_par":"460","modulo_par":"A","zona_par":11,"nombre_par":"Br. San Rafael","via_par":"KR 18R","direcc_par":"KR 18R - DG 71D Sur","locali_par":19,"consola_pa":"KR 18R - DG 71D Sur (460A11)","panel_par":"KR 18R - DG 71D Sur","audio_par":"Carrera 18 R Diagonal 71 D Sur","longitud":-74.151019020000007,"latitud":4.5447807549999997,"coor_x":99184.233819999994,"coor_y":99431.436029999997}},{"type":"Feature","id":137,"geometry":{"type":"Point","coordinates":[-74.136287679832492,4.5450365002849402]},"properties":{"OBJECTID":137,"OBJECTID_1":607,"object_id":22259,"cenefa":"557B11","consec_par":"557","modulo_par":"B","zona_par":11,"nombre_par":"Br. Central de Mezclas","via_par":"AV. Boyacá","direcc_par":"Av. Boyacá – KR 16C","locali_par":19,"consola_pa":"Av. Boyacá – KR 16C (557B11)","panel_par":"Av. Boyacá – KR 16C","audio_par":"Avenida Boyacá Carrera 16 C","longitud":-74.136287679999995,"latitud":4.5450365000000001,"coor_x":99347.710489999998,"coor_y":99434.24914}},{"type":"Feature","id":138,"geometry":{"type":"Point","coordinates":[-74.1619824600225,4.5450628144479959]},"properties":{"OBJECTID":138,"OBJECTID_1":608,"object_id":22260,"cenefa":"443A11","consec_par":"443","modulo_par":"A","zona_par":11,"nombre_par":"Br. Bella Flor","via_par":"Tv 27B","direcc_par":"TV 27B - CL 73CBis Sur","locali_par":19,"consola_pa":"TV 27B - CL 73CBis Sur (443A11)","panel_par":"TV 27B - CL 73CBis Sur","audio_par":"Transversal 27 Be Calle 73 CBis Sur","longitud":-74.161982460000004,"latitud":4.5450628149999996,"coor_x":99062.570800000001,"coor_y":99434.568379999997}},{"type":"Feature","id":139,"geometry":{"type":"Point","coordinates":[-74.151107740030113,4.5451003125800211]},"properties":{"OBJECTID":139,"OBJECTID_1":609,"object_id":22261,"cenefa":"150A11","consec_par":"150","modulo_par":"A","zona_par":11,"nombre_par":"Br. Los Andes Sector V Nutibara","via_par":"KR 18R","direcc_par":"KR 18R - CL 73B Sur","locali_par":19,"consola_pa":"KR 18R - CL 73B Sur (150A11)","panel_par":"KR 18R - CL 73B Sur","audio_par":"Carrera 18 R Calle 73 Be Sur","longitud":-74.15110774,"latitud":4.5451003129999998,"coor_x":99183.249630000006,"coor_y":99434.969840000005}},{"type":"Feature","id":140,"geometry":{"type":"Point","coordinates":[-74.151061149752195,4.5451836941228398]},"properties":{"OBJECTID":140,"OBJECTID_1":610,"object_id":22262,"cenefa":"149A11","consec_par":"149","modulo_par":"A","zona_par":11,"nombre_par":"Br. Los Andes Sector V Nutibara","via_par":"KR 18R","direcc_par":"KR 18R - CL 71B Sur","locali_par":19,"consola_pa":"KR 18R - CL 71B Sur (149A11)","panel_par":"KR 18R - CL 71B Sur","audio_par":"Carrera 18 R Calle 71 Be Sur","longitud":-74.151061150000004,"latitud":4.5451836940000003,"coor_x":99183.766749999995,"coor_y":99435.891829999993}},{"type":"Feature","id":141,"geometry":{"type":"Point","coordinates":[-74.163058069874012,4.5454702388111521]},"properties":{"OBJECTID":141,"OBJECTID_1":618,"object_id":22270,"cenefa":"450A11","consec_par":"450","modulo_par":"A","zona_par":11,"nombre_par":"Canchas Nueva Esperanza","via_par":"Tv 27H","direcc_par":"TV 27H - CL 73DBis Sur","locali_par":19,"consola_pa":"TV 27H - CL 73DBis Sur (450A11)","panel_par":"TV 27H - CL 73DBis Sur","audio_par":"Transversal 27 H Calle 73 DBis Sur","longitud":-74.163058070000005,"latitud":4.5454702390000001,"coor_x":99050.635079999993,"coor_y":99439.075129999997}},{"type":"Feature","id":142,"geometry":{"type":"Point","coordinates":[-74.148831840117282,4.5455639967317314]},"properties":{"OBJECTID":142,"OBJECTID_1":620,"object_id":22272,"cenefa":"266A11","consec_par":"266","modulo_par":"A","zona_par":11,"nombre_par":"Vista Hermosa","via_par":"Dg  72 S","direcc_par":"DG 72 Sur - TV 18J","locali_par":19,"consola_pa":"DG 72 Sur - TV 18J (266A11)","panel_par":"DG 72 Sur - TV 18J","audio_par":"Diagonal 72 Sur Transversal 18 J","longitud":-74.14883184,"latitud":4.5455639970000004,"coor_x":99208.506219999996,"coor_y":99440.094790000003}},{"type":"Feature","id":143,"geometry":{"type":"Point","coordinates":[-74.161401640073564,4.5455701588863775]},"properties":{"OBJECTID":143,"OBJECTID_1":622,"object_id":22274,"cenefa":"449A11","consec_par":"449","modulo_par":"A","zona_par":11,"nombre_par":"Br. Bella Flor","via_par":"Tv 27B","direcc_par":"TV 27B - CL 73CBis Sur","locali_par":19,"consola_pa":"TV 27B - CL 73CBis Sur (449A11)","panel_par":"TV 27B - CL 73CBis Sur","audio_par":"Transversal 27 Be Calle 73 CBis Sur","longitud":-74.161401639999994,"latitud":4.5455701590000004,"coor_x":99069.016919999995,"coor_y":99440.177909999999}},{"type":"Feature","id":144,"geometry":{"type":"Point","coordinates":[-74.15215102015344,4.5456946484399499]},"properties":{"OBJECTID":144,"OBJECTID_1":624,"object_id":22276,"cenefa":"573A11","consec_par":"573","modulo_par":"A","zona_par":11,"nombre_par":"Br. Los Andes Sector V Nutibara","via_par":"KR 19D Bis","direcc_par":"KR 19D Bis - CL 71 Sur","locali_par":19,"consola_pa":"KR 19D Bis - CL 71 Sur (573A11)","panel_par":"KR 19D Bis - CL 71 Sur","audio_par":"Carrera 19 D Bis Calle 71 Sur","longitud":-74.152151020000005,"latitud":4.5456946489999996,"coor_x":99171.672839999999,"coor_y":99441.543279999998}},{"type":"Feature","id":145,"geometry":{"type":"Point","coordinates":[-74.162931180029886,4.5457181549195758]},"properties":{"OBJECTID":145,"OBJECTID_1":625,"object_id":22277,"cenefa":"442A11","consec_par":"442","modulo_par":"A","zona_par":11,"nombre_par":"Canchas Nueva Esperanza","via_par":"Tv 27H","direcc_par":"TV 27H - CL 73DBis Sur","locali_par":19,"consola_pa":"TV 27H - CL 73DBis Sur (442A11)","panel_par":"TV 27H - CL 73DBis Sur","audio_par":"Transversal 27 H Calle 73 DBis Sur","longitud":-74.162931180000001,"latitud":4.5457181550000003,"coor_x":99052.043529999995,"coor_y":99441.816449999998}},{"type":"Feature","id":146,"geometry":{"type":"Point","coordinates":[-74.152055999584661,4.5457199994290667]},"properties":{"OBJECTID":146,"OBJECTID_1":626,"object_id":22278,"cenefa":"594A11","consec_par":"594","modulo_par":"A","zona_par":11,"nombre_par":"Br. Los Andes Sector V Nutibara","via_par":"KR 19D Bis","direcc_par":"KR 19D Bis - CL 71 Sur","locali_par":19,"consola_pa":"KR 19D Bis - CL 71 Sur (594A11)","panel_par":"KR 19D Bis - CL 71 Sur","audio_par":"Carrera 19 D Bis Calle 71 Sur","longitud":-74.152056000000002,"latitud":4.5457200000000002,"coor_x":99172.727320000005,"coor_y":99441.823499999999}},{"type":"Feature","id":147,"geometry":{"type":"Point","coordinates":[-74.15598023989611,4.5457674962235988]},"properties":{"OBJECTID":147,"OBJECTID_1":628,"object_id":22280,"cenefa":"141A11","consec_par":"141","modulo_par":"A","zona_par":11,"nombre_par":"Br. Brisas Del Volador","via_par":"TV 23A","direcc_par":"TV 23A - CL 74 Sur","locali_par":19,"consola_pa":"TV 23A - CL 74 Sur (141A11)","panel_par":"TV 23A - CL 74 Sur","audio_par":"Transversal 23 A Calle 74 Sur","longitud":-74.155980240000005,"latitud":4.5457674959999999,"coor_x":99129.179399999994,"coor_y":99442.353329999998}},{"type":"Feature","id":148,"geometry":{"type":"Point","coordinates":[-74.141898280281396,4.5458363357289251]},"properties":{"OBJECTID":148,"OBJECTID_1":630,"object_id":22282,"cenefa":"280A11","consec_par":"280","modulo_par":"A","zona_par":11,"nombre_par":"Urbanización las Quintas","via_par":"KR 17N","direcc_par":"KR 17N - CL 70C Sur","locali_par":19,"consola_pa":"KR 17N - CL 70C Sur (280A11)","panel_par":"KR 17N - CL 70C Sur","audio_par":"Carrera 17 N Calle 70 C Sur","longitud":-74.141898280000007,"latitud":4.5458363359999998,"coor_x":99285.449429999993,"coor_y":99443.099130000002}},{"type":"Feature","id":149,"geometry":{"type":"Point","coordinates":[-74.15290867019894,4.5458488129230386]},"properties":{"OBJECTID":149,"OBJECTID_1":631,"object_id":22283,"cenefa":"148A11","consec_par":"148","modulo_par":"A","zona_par":11,"nombre_par":"Br. Los Andes Sector V Nutibara","via_par":"KR 20","direcc_par":"KR 20 - CL 70L Sur","locali_par":19,"consola_pa":"KR 20 - CL 70L Sur (148A11)","panel_par":"KR 20 - CL 70L Sur","audio_par":"Carrera 20 Calle 70 L Sur","longitud":-74.152908670000002,"latitud":4.5458488130000001,"coor_x":99163.265239999993,"coor_y":99443.248919999998}},{"type":"Feature","id":150,"geometry":{"type":"Point","coordinates":[-74.155923939638058,4.5459528060278274]},"properties":{"OBJECTID":150,"OBJECTID_1":636,"object_id":22288,"cenefa":"142A11","consec_par":"142","modulo_par":"A","zona_par":11,"nombre_par":"Br. Brisas Del Volador","via_par":"TV 23A","direcc_par":"TV 23A - CL 70I Bis Sur","locali_par":19,"consola_pa":"TV 23A - CL 70I Bis Sur (142A11)","panel_par":"TV 23A - CL 70I Bis Sur","audio_par":"Transversal 23 A Calle 70 I Bis Sur","longitud":-74.155923939999994,"latitud":4.5459528059999998,"coor_x":99129.804390000005,"coor_y":99444.402440000005}},{"type":"Feature","id":151,"geometry":{"type":"Point","coordinates":[-74.141951610078706,4.5460720462386055]},"properties":{"OBJECTID":151,"OBJECTID_1":638,"object_id":22290,"cenefa":"558A11","consec_par":"558","modulo_par":"A","zona_par":11,"nombre_par":"Br. Estrella del Sur","via_par":"Tv 17N","direcc_par":"TV 17N - CL 70C Sur","locali_par":19,"consola_pa":"TV 17N - CL 70C Sur (558A11)","panel_par":"TV 17N - CL 70C Sur","audio_par":"Transversal 17 N Calle 70 C Sur","longitud":-74.141951610000007,"latitud":4.5460720459999999,"coor_x":99284.85785,"coor_y":99445.705700000006}},{"type":"Feature","id":152,"geometry":{"type":"Point","coordinates":[-74.153682390230074,4.5461502045189652]},"properties":{"OBJECTID":152,"OBJECTID_1":640,"object_id":22292,"cenefa":"147A11","consec_par":"147","modulo_par":"A","zona_par":11,"nombre_par":"Br. Los Andes Sector V Nutibara","via_par":"KR 20","direcc_par":"KR 20 - CL 70L Sur","locali_par":19,"consola_pa":"KR 20 - CL 70L Sur (147A11)","panel_par":"KR 20 - CL 70L Sur","audio_par":"Carrera 20 Calle 70 L Sur","longitud":-74.15368239,"latitud":4.546150205,"coor_x":99154.679489999995,"coor_y":99446.582649999997}},{"type":"Feature","id":153,"geometry":{"type":"Point","coordinates":[-74.148466610145874,4.5461677170171413]},"properties":{"OBJECTID":153,"OBJECTID_1":642,"object_id":22294,"cenefa":"267A11","consec_par":"267","modulo_par":"A","zona_par":11,"nombre_par":"Br. San Rafael","via_par":"Dg  72 S","direcc_par":"DG 72 Sur - TV 18I","locali_par":19,"consola_pa":"DG 72 Sur - TV 18I (267A11)","panel_par":"DG 72 Sur - TV 18I","audio_par":"Diagonal 72 Sur Transversal 18 I","longitud":-74.14846661,"latitud":4.5461677170000003,"coor_x":99212.559899999993,"coor_y":99446.770409999997}},{"type":"Feature","id":154,"geometry":{"type":"Point","coordinates":[-74.139311560280248,4.5461699752148323]},"properties":{"OBJECTID":154,"OBJECTID_1":643,"object_id":22295,"cenefa":"283A11","consec_par":"283","modulo_par":"A","zona_par":11,"nombre_par":"Urbanización las Quintas","via_par":"KR  17F","direcc_par":"KR 17F - CL 71 Sur","locali_par":19,"consola_pa":"KR 17F - CL 71 Sur (283A11)","panel_par":"KR 17F - CL 71 Sur","audio_par":"Carrera 17 F Calle 71 A Sur","longitud":-74.139311559999996,"latitud":4.5461699749999998,"coor_x":99314.155010000002,"coor_y":99446.786049999995}},{"type":"Feature","id":155,"geometry":{"type":"Point","coordinates":[-74.137600940031291,4.5461898942988048]},"properties":{"OBJECTID":155,"OBJECTID_1":644,"object_id":22296,"cenefa":"577A11","consec_par":"577","modulo_par":"A","zona_par":11,"nombre_par":"Br. Sotavento","via_par":"KR 17A","direcc_par":"KR 17A - CL 71Bis Sur","locali_par":19,"consola_pa":"KR 17A - CL 71Bis Sur (577A11)","panel_par":"KR 17A - CL 71Bis Sur","audio_par":"Carrera 17 A Calle 71 Bis Sur","longitud":-74.137600939999999,"latitud":4.5461898940000003,"coor_x":99333.138059999997,"coor_y":99447.004719999997}},{"type":"Feature","id":156,"geometry":{"type":"Point","coordinates":[-74.150369920035757,4.5463383274025304]},"properties":{"OBJECTID":156,"OBJECTID_1":646,"object_id":22298,"cenefa":"262A11","consec_par":"262","modulo_par":"A","zona_par":11,"nombre_par":"Vista Hermosa","via_par":"Tv  J BIS A","direcc_par":"TV J BIS A - 71-54 Sur","locali_par":19,"consola_pa":"TV J BIS A - 71-54 Sur (262A11)","panel_par":"TV J BIS A - 71-54 Sur","audio_par":"Transversal 18 J Bis A Calle 71Bis Sur","longitud":-74.150369920000003,"latitud":4.546338328,"coor_x":99191.438739999998,"coor_y":99448.659150000007}},{"type":"Feature","id":157,"geometry":{"type":"Point","coordinates":[-74.139472000232558,4.5463780000952401]},"properties":{"OBJECTID":157,"OBJECTID_1":648,"object_id":22300,"cenefa":"281A11","consec_par":"281","modulo_par":"A","zona_par":11,"nombre_par":"Br. Quintas del Sur","via_par":"KR 17F","direcc_par":"KR 17F - CL 70C Sur","locali_par":19,"consola_pa":"KR 17F - CL 70C Sur  (281A11)","panel_par":"KR 17F - CL 70C Sur","audio_par":"Carrera 17 F Calle 70 C Sur","longitud":-74.139471999999998,"latitud":4.5463779999999998,"coor_x":99312.374779999998,"coor_y":99449.086569999999}},{"type":"Feature","id":158,"geometry":{"type":"Point","coordinates":[-74.158655990081854,4.5464631299201619]},"properties":{"OBJECTID":158,"OBJECTID_1":650,"object_id":22302,"cenefa":"140A11","consec_par":"140","modulo_par":"A","zona_par":11,"nombre_par":"Br. Bella Flor","via_par":"KR  26C","direcc_par":"KR 26C - DG 72D Sur","locali_par":19,"consola_pa":"KR 26C - DG 72D Sur (140A11)","panel_par":"KR 26C - DG 72D Sur","audio_par":"Carrera 26 C Diagonal 72 D Sur","longitud":-74.15865599,"latitud":4.5464631300000002,"coor_x":99099.486999999994,"coor_y":99450.049020000006}},{"type":"Feature","id":159,"geometry":{"type":"Point","coordinates":[-74.137016039858338,4.5464678891323862]},"properties":{"OBJECTID":159,"OBJECTID_1":652,"object_id":22304,"cenefa":"557A11","consec_par":"557","modulo_par":"A","zona_par":11,"nombre_par":"Br. Central de Mezclas","via_par":"AV. Boyacá","direcc_par":"Av. Boyacá – CL 71 Sur","locali_par":19,"consola_pa":"Av. Boyacá – CL 71 Sur (557A11)","panel_par":"Av. Boyacá – CL 71 Sur","audio_par":"Avenida Boyacá Calle 71 Sur","longitud":-74.137016040000006,"latitud":4.5464678889999997,"coor_x":99339.629050000003,"coor_y":99450.078280000002}},{"type":"Feature","id":160,"geometry":{"type":"Point","coordinates":[-74.158712999904992,4.5465659997717101]},"properties":{"OBJECTID":160,"OBJECTID_1":655,"object_id":22307,"cenefa":"139B11","consec_par":"139","modulo_par":"B","zona_par":11,"nombre_par":"Br. Bella Flor","via_par":"KR 26C Bis","direcc_par":"KR 26C Bis - CL 72F Sur","locali_par":19,"consola_pa":"KR 26C Bis - CL 72F Sur (139B11)","panel_par":"KR 26C Bis - CL 72F Sur","audio_par":"Carrera26 C Bis Calle 72 F Sur","longitud":-74.158713000000006,"latitud":4.5465660000000003,"coor_x":99098.854470000006,"coor_y":99451.18664}},{"type":"Feature","id":161,"geometry":{"type":"Point","coordinates":[-74.150506279740966,4.5465919551052885]},"properties":{"OBJECTID":161,"OBJECTID_1":656,"object_id":22308,"cenefa":"263A11","consec_par":"263","modulo_par":"A","zona_par":11,"nombre_par":"Vista Hermosa","via_par":"Tv  18J BIS A","direcc_par":"TV 18J BIS A - 71-64 Sur (AL LADO)","locali_par":19,"consola_pa":"TV 18J BIS A - 71-64 Sur (AL LADO) (263A11)","panel_par":"TV 18J BIS A - 71-64 Sur (AL LADO)","audio_par":"Transversal 18 J Bis A Calle 71Bis Sur","longitud":-74.150506280000002,"latitud":4.5465919550000002,"coor_x":99189.925810000001,"coor_y":99451.463940000001}},{"type":"Feature","id":162,"geometry":{"type":"Point","coordinates":[-74.137726999801146,4.5467090000709138]},"properties":{"OBJECTID":162,"OBJECTID_1":659,"object_id":22311,"cenefa":"578A11","consec_par":"578","modulo_par":"A","zona_par":11,"nombre_par":"Br. Sotavento","via_par":"KR 17A","direcc_par":"KR 17A - CL 70C Sur","locali_par":19,"consola_pa":"KR 17A - CL 70C Sur (578A11)","panel_par":"KR 17A - CL 70C Sur","audio_par":"Carrera 17 C Calle 70 C Sur","longitud":-74.137726999999998,"latitud":4.5467089999999999,"coor_x":99331.739629999996,"coor_y":99452.745169999995}},{"type":"Feature","id":163,"geometry":{"type":"Point","coordinates":[-74.159354870330958,4.5467238065090889]},"properties":{"OBJECTID":163,"OBJECTID_1":660,"object_id":22312,"cenefa":"139A11","consec_par":"139","modulo_par":"A","zona_par":11,"nombre_par":"Br. Bella Flor","via_par":"KR  26C","direcc_par":"KR 26C - CL 72D Sur","locali_par":19,"consola_pa":"KR 26C - CL 72D Sur (139A11)","panel_par":"KR 26C - CL 72D Sur","audio_par":"Carrera 26 C Calle 72 D Sur","longitud":-74.159354870000001,"latitud":4.5467238070000002,"coor_x":99091.731740000003,"coor_y":99452.932499999995}},{"type":"Feature","id":164,"geometry":{"type":"Point","coordinates":[-74.153900560362558,4.5467296817799996]},"properties":{"OBJECTID":164,"OBJECTID_1":661,"object_id":22313,"cenefa":"595A11","consec_par":"595","modulo_par":"A","zona_par":11,"nombre_par":"Br. Villa Gloria","via_par":"KR 20","direcc_par":"KR 20 - CL 70K Bis Sur","locali_par":19,"consola_pa":"KR 20 - CL 70K Bis Sur (595A11)","panel_par":"KR 20 - CL 70K Bis Sur","audio_par":"Carrera 20 Calle 70 K Bis Sur","longitud":-74.153900559999997,"latitud":4.5467296819999996,"coor_x":99152.259099999996,"coor_y":99452.990839999999}},{"type":"Feature","id":165,"geometry":{"type":"Point","coordinates":[-74.161360800060834,4.5467666106411615]},"properties":{"OBJECTID":165,"OBJECTID_1":662,"object_id":22314,"cenefa":"451A11","consec_par":"451","modulo_par":"A","zona_par":11,"nombre_par":"Parque Illimaní","via_par":"Tv 27H","direcc_par":"TV 27H - CL 72C Sur","locali_par":19,"consola_pa":"TV 27H - CL 72C Sur (451A11)","panel_par":"TV 27H - CL 72C Sur","audio_par":"Transversal 27 H Calle 72 C Sur","longitud":-74.161360799999997,"latitud":4.5467666109999998,"coor_x":99069.471659999996,"coor_y":99453.408379999993}},{"type":"Feature","id":166,"geometry":{"type":"Point","coordinates":[-74.138412900135222,4.5468065549291623]},"properties":{"OBJECTID":166,"OBJECTID_1":663,"object_id":22315,"cenefa":"284A11","consec_par":"284","modulo_par":"A","zona_par":11,"nombre_par":"Br. Quintas del Sur","via_par":"Cl 70C S","direcc_par":"CL 70C Sur - KR 17B","locali_par":19,"consola_pa":"CL 70C Sur - KR 17B (284A11)","panel_par":"CL 70C Sur - KR 17B","audio_par":"Calle 70 C Sur Carrera 17 Be","longitud":-74.138412900000006,"latitud":4.5468065549999999,"coor_x":99324.128190000003,"coor_y":99453.824590000004}},{"type":"Feature","id":167,"geometry":{"type":"Point","coordinates":[-74.161494989701964,4.5468139266719785]},"properties":{"OBJECTID":167,"OBJECTID_1":664,"object_id":22316,"cenefa":"441A11","consec_par":"441","modulo_par":"A","zona_par":11,"nombre_par":"Parque Illimaní","via_par":"Tv 27H","direcc_par":"TV 27H - CL 72C Sur","locali_par":19,"consola_pa":"TV 27H - CL 72C Sur (441A11)","panel_par":"TV 27H - CL 72C Sur","audio_par":"Transversal 27 H Calle 72 C Sur","longitud":-74.161494989999994,"latitud":4.5468139269999996,"coor_x":99067.98259,"coor_y":99453.931779999999}},{"type":"Feature","id":168,"geometry":{"type":"Point","coordinates":[-74.149584999847832,4.5468319994478215]},"properties":{"OBJECTID":168,"OBJECTID_1":665,"object_id":22317,"cenefa":"264B11","consec_par":"264","modulo_par":"B","zona_par":11,"nombre_par":"IED Rafael Uribe Uribe Localidad 19","via_par":"DG 71B","direcc_par":"DG 71B Sur - TV 18J","locali_par":19,"consola_pa":"DG 71B Sur - TV 18J (264B11)","panel_par":"DG 71B Sur - TV 18J","audio_par":"Diagonal 71 Be Sur Transversal 18 J","longitud":-74.149585000000002,"latitud":4.5468320000000002,"coor_x":99200.149669999999,"coor_y":99454.117370000007}},{"type":"Feature","id":169,"geometry":{"type":"Point","coordinates":[-74.149149569696817,4.5468480019843041]},"properties":{"OBJECTID":169,"OBJECTID_1":666,"object_id":22318,"cenefa":"264A11","consec_par":"264","modulo_par":"A","zona_par":11,"nombre_par":"Br. Vista Hermosa","via_par":"DG 71B Sur","direcc_par":"DG 71B Sur - KR 18I","locali_par":19,"consola_pa":"DG 71B Sur - KR 18I (264A11)","panel_par":"DG 71B Sur - KR 18I","audio_par":"Diagonal 71 Be Sur Carrera 18 I","longitud":-74.149149570000006,"latitud":4.5468480019999999,"coor_x":99204.981719999996,"coor_y":99454.293839999998}},{"type":"Feature","id":170,"geometry":{"type":"Point","coordinates":[-74.136648999551653,4.5468739995860146]},"properties":{"OBJECTID":170,"OBJECTID_1":667,"object_id":22319,"cenefa":"099A11","consec_par":"099","modulo_par":"A","zona_par":11,"nombre_par":"Central de mezclas","via_par":"AV. Boyacá","direcc_par":"AV. Boyacá - KR 16D","locali_par":19,"consola_pa":"AV. Boyacá - KR 16D (099A11)","panel_par":"AV. Boyacá - KR 16D","audio_par":"Avenida Boyacá Carrera 16 D","longitud":-74.136649000000006,"latitud":4.5468739999999999,"coor_x":99343.702520000006,"coor_y":99454.568780000001}},{"type":"Feature","id":171,"geometry":{"type":"Point","coordinates":[-74.161008479857401,4.5469036862067513]},"properties":{"OBJECTID":171,"OBJECTID_1":669,"object_id":22321,"cenefa":"451B11","consec_par":"451","modulo_par":"B","zona_par":11,"nombre_par":"Br. El Mirador II","via_par":"CL72C Sur","direcc_par":"CL 72C Sur - KR 27B","locali_par":19,"consola_pa":"CL 72C Sur - KR 27B (451B11)","panel_par":"CL 72C Sur - KR 27B","audio_par":"Calle 72 C Sur Carrera 27 Be","longitud":-74.161008480000007,"latitud":4.5469036860000003,"coor_x":99073.381590000005,"coor_y":99454.923729999995}},{"type":"Feature","id":172,"geometry":{"type":"Point","coordinates":[-74.138458109953774,4.5469100084407614]},"properties":{"OBJECTID":172,"OBJECTID_1":671,"object_id":22323,"cenefa":"289A11","consec_par":"289","modulo_par":"A","zona_par":11,"nombre_par":"Br. Quintas del Sur","via_par":"Cl 70C S","direcc_par":"CL 70C Sur - KR 17BBis","locali_par":19,"consola_pa":"CL 70C Sur - KR 17BBis  (289A11)","panel_par":"CL 70C Sur - KR 17BBis","audio_par":"Calle 70 C Sur Carrera 17 BBis","longitud":-74.138458110000002,"latitud":4.5469100090000003,"coor_x":99323.626579999996,"coor_y":99454.968640000006}},{"type":"Feature","id":173,"geometry":{"type":"Point","coordinates":[-74.158833300416461,4.5469130139750318]},"properties":{"OBJECTID":173,"OBJECTID_1":672,"object_id":22324,"cenefa":"140B11","consec_par":"140","modulo_par":"B","zona_par":11,"nombre_par":"Br. Bella Flor","via_par":"CL 72C Sur","direcc_par":"CL 72C Sur – KR 26C Bis","locali_par":19,"consola_pa":"CL 72C Sur – KR 26C Bis (140B11)","panel_par":"CL 72C Sur – KR 26C Bis","audio_par":"Calle 72C Sur Carrera 26 C Bis","longitud":-74.158833299999998,"latitud":4.5469130140000003,"coor_x":99097.519920000006,"coor_y":99455.024120000002}},{"type":"Feature","id":174,"geometry":{"type":"Point","coordinates":[-74.149375439824667,4.5469306244993435]},"properties":{"OBJECTID":174,"OBJECTID_1":673,"object_id":22325,"cenefa":"265A11","consec_par":"265","modulo_par":"A","zona_par":11,"nombre_par":"Br. Vista Hermosa","via_par":"DG 71B Sur","direcc_par":"DG 71B Sur - KR 18C","locali_par":19,"consola_pa":"DG 71B Sur - KR 18C (265A11)","panel_par":"DG 71B Sur - KR 18C","audio_par":"Diagonal 71 Be Sur Carrera 18 C","longitud":-74.14937544,"latitud":4.5469306249999999,"coor_x":99202.475300000006,"coor_y":99455.207739999998}},{"type":"Feature","id":175,"geometry":{"type":"Point","coordinates":[-74.154152000014733,4.5469549997240453]},"properties":{"OBJECTID":175,"OBJECTID_1":674,"object_id":22326,"cenefa":"147B11","consec_par":"147","modulo_par":"B","zona_par":11,"nombre_par":"Br. Villas del progreso","via_par":"KR 20","direcc_par":"KR 20 - CL 70I Sur","locali_par":19,"consola_pa":"KR 20 - CL 70I Sur (147B11)","panel_par":"KR 20 - CL 70I Sur","audio_par":"Carrera 20 Calle 70 I Sur","longitud":-74.154151999999996,"latitud":4.5469549999999996,"coor_x":99149.469089999999,"coor_y":99455.482730000003}},{"type":"Feature","id":176,"geometry":{"type":"Point","coordinates":[-74.14199791976813,4.5470553226955994]},"properties":{"OBJECTID":176,"OBJECTID_1":676,"object_id":22328,"cenefa":"279A11","consec_par":"279","modulo_par":"A","zona_par":11,"nombre_par":"Br. Lucero Sur Bajo","via_par":"KR  17N","direcc_par":"KR 17N - CL 70 Sur","locali_par":19,"consola_pa":"KR 17N - CL 70 Sur (279A11)","panel_par":"KR 17N - CL 70 Sur","audio_par":"Carrera 17 N Calle 70 Sur","longitud":-74.141997919999994,"latitud":4.5470553230000004,"coor_x":99284.34491,"coor_y":99456.578949999996}},{"type":"Feature","id":177,"geometry":{"type":"Point","coordinates":[-74.161062979672749,4.5471692856846149]},"properties":{"OBJECTID":177,"OBJECTID_1":679,"object_id":22331,"cenefa":"125A11","consec_par":"125","modulo_par":"A","zona_par":11,"nombre_par":"Br. Bella Flor","via_par":"KR  27B","direcc_par":"KR 27B - CL 71U Sur","locali_par":19,"consola_pa":"KR 27B - CL 71U Sur (125A11)","panel_par":"KR 27B - CL 71U Sur","audio_par":"Carrera 27 Be Calle 71 U Sur","longitud":-74.161062979999997,"latitud":4.5471692859999999,"coor_x":99072.777130000002,"coor_y":99457.860839999994}},{"type":"Feature","id":178,"geometry":{"type":"Point","coordinates":[-74.161002869886488,4.5476058939474138]},"properties":{"OBJECTID":178,"OBJECTID_1":683,"object_id":22335,"cenefa":"126A11","consec_par":"126","modulo_par":"A","zona_par":11,"nombre_par":"Br. Bella Flor","via_par":"KR  27B","direcc_par":"KR 27B - CL 71T Sur","locali_par":19,"consola_pa":"KR 27B - CL 71T Sur (126A11)","panel_par":"KR 27B - CL 71T Sur","audio_par":"Carrera 27 Be Calle 71 T Sur","longitud":-74.161002870000004,"latitud":4.5476058940000001,"coor_x":99073.444740000006,"coor_y":99462.688829999999}},{"type":"Feature","id":179,"geometry":{"type":"Point","coordinates":[-74.147824170449042,4.5477700660862563]},"properties":{"OBJECTID":179,"OBJECTID_1":685,"object_id":22337,"cenefa":"269A11","consec_par":"269","modulo_par":"A","zona_par":11,"nombre_par":"IED Confederación Suiza","via_par":"KR 18I","direcc_par":"KR 18I - CL 69B Sur","locali_par":19,"consola_pa":"KR 18I - CL 69B Sur (269A11)","panel_par":"KR 18I - CL 69B Sur","audio_par":"Carrera 18 I Calle 69 Be Sur","longitud":-74.147824170000007,"latitud":4.547770066,"coor_x":99219.690889999998,"coor_y":99464.488700000002}},{"type":"Feature","id":180,"geometry":{"type":"Point","coordinates":[-74.157368999979326,4.5478159998590693]},"properties":{"OBJECTID":180,"OBJECTID_1":688,"object_id":22340,"cenefa":"596A11","consec_par":"596","modulo_par":"A","zona_par":11,"nombre_par":"Br. Bella Flor II","via_par":"CL 70 Sur","direcc_par":"CL 70 Sur - KR 23","locali_par":19,"consola_pa":"CL 70 Sur - KR 23 (596A11)","panel_par":"CL 70 Sur - KR 23","audio_par":"Calle 70 Sur carrera 23","longitud":-74.157369000000003,"latitud":4.5478160000000001,"coor_x":99113.77059,"coor_y":99465.00765}},{"type":"Feature","id":181,"geometry":{"type":"Point","coordinates":[-74.154723000266188,4.5478390000203843]},"properties":{"OBJECTID":181,"OBJECTID_1":689,"object_id":22341,"cenefa":"145A11","consec_par":"145","modulo_par":"A","zona_par":11,"nombre_par":"IED Brisas Del Volador","via_par":"KR 20","direcc_par":"KR 20 - CL 70D Sur","locali_par":19,"consola_pa":"KR 20 - CL 70D Sur (145A11)","panel_par":"KR 20 - CL 70D Sur","audio_par":"Carrera 20 Calle 70 D Sur","longitud":-74.154723000000004,"latitud":4.5478389999999997,"coor_x":99143.133660000007,"coor_y":99465.258799999996}},{"type":"Feature","id":182,"geometry":{"type":"Point","coordinates":[-74.147920049870379,4.5478519601504379]},"properties":{"OBJECTID":182,"OBJECTID_1":690,"object_id":22342,"cenefa":"268A11","consec_par":"268","modulo_par":"A","zona_par":11,"nombre_par":"IED Confederación Suiza","via_par":"KR 18E","direcc_par":"KR 18E - CL 69D Sur","locali_par":19,"consola_pa":"KR 18E - CL 69D Sur  (268A11)","panel_par":"KR 18E - CL 69D Sur","audio_par":"Carrera 18 Este Calle 69 D Sur","longitud":-74.147920049999996,"latitud":4.54785196,"coor_x":99218.626980000001,"coor_y":99465.394400000005}},{"type":"Feature","id":183,"geometry":{"type":"Point","coordinates":[-74.154652819871728,4.5478719098113904]},"properties":{"OBJECTID":183,"OBJECTID_1":691,"object_id":22343,"cenefa":"146A11","consec_par":"146","modulo_par":"A","zona_par":11,"nombre_par":"IED Brisas Del Volador","via_par":"KR 20","direcc_par":"KR 20 - CL 70D Sur","locali_par":19,"consola_pa":"KR 20 - CL 70D Sur (146A11)","panel_par":"KR 20 - CL 70D Sur","audio_par":"Carrera 20 Calle 70 D Sur","longitud":-74.154652819999995,"latitud":4.5478719099999996,"coor_x":99143.912500000006,"coor_y":99465.622640000001}},{"type":"Feature","id":184,"geometry":{"type":"Point","coordinates":[-74.150844729700452,4.5480169030082243]},"properties":{"OBJECTID":184,"OBJECTID_1":694,"object_id":22346,"cenefa":"152A11","consec_par":"152","modulo_par":"A","zona_par":11,"nombre_par":"Nueva Colombia","via_par":"KR  18M","direcc_par":"KR 18M - 70M Sur","locali_par":19,"consola_pa":"KR 18M - 70M Sur (152A11)","panel_par":"KR 18M - 70M Sur","audio_par":"Carrera 18 M 70 M Sur","longitud":-74.150844730000003,"latitud":4.5480169029999997,"coor_x":99186.171579999995,"coor_y":99467.221590000001}},{"type":"Feature","id":185,"geometry":{"type":"Point","coordinates":[-74.137253000425574,4.5480879998119299]},"properties":{"OBJECTID":185,"OBJECTID_1":696,"object_id":22348,"cenefa":"048A11","consec_par":"048","modulo_par":"A","zona_par":11,"nombre_par":"Br. Quintas del Sur","via_par":"AV. Boyacá","direcc_par":"AV. Boyacá - CL 70B Sur","locali_par":19,"consola_pa":"AV. Boyacá - CL 70B Sur (048A11)","panel_par":"AV. Boyacá - CL 70B Sur","audio_par":"Avenida Boyacá Calle 70 Be Sur","longitud":-74.137253000000001,"latitud":4.5480879999999999,"coor_x":99337.000950000001,"coor_y":99467.993900000001}},{"type":"Feature","id":186,"geometry":{"type":"Point","coordinates":[-74.147804069702033,4.5481937654804652]},"properties":{"OBJECTID":186,"OBJECTID_1":699,"object_id":22351,"cenefa":"268B11","consec_par":"268","modulo_par":"B","zona_par":11,"nombre_par":"IED Confederación Suiza","via_par":"KR18E","direcc_par":"KR 18E - DG 69C Sur","locali_par":19,"consola_pa":"KR 18E - DG 69C Sur (268B11)","panel_par":"KR 18E - DG 69C Sur","audio_par":"Carrera 18 E Diagonal 69 C Sur","longitud":-74.147804070000007,"latitud":4.5481937659999998,"coor_x":99219.914399999994,"coor_y":99469.174010000002}},{"type":"Feature","id":187,"geometry":{"type":"Point","coordinates":[-74.151036719668866,4.5482071294060438]},"properties":{"OBJECTID":187,"OBJECTID_1":701,"object_id":22353,"cenefa":"151A11","consec_par":"151","modulo_par":"A","zona_par":11,"nombre_par":"Nueva Colombia","via_par":"KR  18M","direcc_par":"KR 18M - 70K-15 Sur","locali_par":19,"consola_pa":"KR 18M - 70K-15 Sur (151A11)","panel_par":"KR 18M - 70K-15 Sur","audio_par":"Carrera 18 M Calle 70 K Sur","longitud":-74.151036719999993,"latitud":4.5482071299999998,"coor_x":99184.041249999995,"coor_y":99469.325360000003}},{"type":"Feature","id":188,"geometry":{"type":"Point","coordinates":[-74.154878000219469,4.5483959996262318]},"properties":{"OBJECTID":188,"OBJECTID_1":709,"object_id":22361,"cenefa":"146B11","consec_par":"146","modulo_par":"B","zona_par":11,"nombre_par":"Br. Villas del Diamante","via_par":"KR 20","direcc_par":"KR 20 - CL 70D Sur","locali_par":19,"consola_pa":"KR 20 - CL 70D Sur (146B11)","panel_par":"KR 20 - CL 70D Sur","audio_par":"Carrera 20 Calle 70 D Sur","longitud":-74.154877999999997,"latitud":4.5483960000000003,"coor_x":99141.414260000005,"coor_y":99471.418359999996}},{"type":"Feature","id":189,"geometry":{"type":"Point","coordinates":[-74.161021100043683,4.548456850453829]},"properties":{"OBJECTID":189,"OBJECTID_1":710,"object_id":22362,"cenefa":"127A11","consec_par":"127","modulo_par":"A","zona_par":11,"nombre_par":"Br. Nueva Esperanza","via_par":"CL 71P Sur","direcc_par":"CL 71P Sur - KR 27B Sur","locali_par":19,"consola_pa":"CL 71P Sur - KR 27B Sur (127A11)","panel_par":"CL 71P Sur - KR 27B Sur","audio_par":"Calle 71 P Sur Carrera 27 Be Sur","longitud":-74.161021099999999,"latitud":4.5484568510000001,"coor_x":99073.243530000007,"coor_y":99472.098849999995}},{"type":"Feature","id":190,"geometry":{"type":"Point","coordinates":[-74.154966200329852,4.5484827140565605]},"properties":{"OBJECTID":190,"OBJECTID_1":711,"object_id":22363,"cenefa":"145B11","consec_par":"145","modulo_par":"B","zona_par":11,"nombre_par":"Br. Brisas Del Volador","via_par":"KR 20","direcc_par":"KR 20 - CL 70C Sur","locali_par":19,"consola_pa":"KR 20 - CL 70C Sur (145B11)","panel_par":"KR 20 - CL 70C Sur","audio_par":"Carrera Calle 70 C Sur","longitud":-74.154966200000004,"latitud":4.5484827140000004,"coor_x":99140.435599999997,"coor_y":99472.377359999999}},{"type":"Feature","id":191,"geometry":{"type":"Point","coordinates":[-74.161006100251313,4.5485368514450881]},"properties":{"OBJECTID":191,"OBJECTID_1":713,"object_id":22365,"cenefa":"128A11","consec_par":"128","modulo_par":"A","zona_par":11,"nombre_par":"Br. El Mirador","via_par":"CL 71P Sur","direcc_par":"CL 71P Sur - KR 27B","locali_par":19,"consola_pa":"CL 71P Sur - KR 27B (128A11)","panel_par":"CL 71P Sur - KR 27B","audio_par":"Calle 71 P Sur Carrera 27 Be","longitud":-74.161006099999994,"latitud":4.5485368519999998,"coor_x":99073.410090000005,"coor_y":99472.983500000002}},{"type":"Feature","id":192,"geometry":{"type":"Point","coordinates":[-74.139773239843123,4.5487235641916772]},"properties":{"OBJECTID":192,"OBJECTID_1":716,"object_id":22368,"cenefa":"288A11","consec_par":"288","modulo_par":"A","zona_par":11,"nombre_par":"Br. La Florida Sur","via_par":"KR  17F","direcc_par":"KR 17F - CL 69C Sur","locali_par":19,"consola_pa":"KR 17F - CL 69C Sur (288A11)","panel_par":"KR 17F - CL 69C Sur","audio_par":"Carrera 17 F Calle 69 C Sur","longitud":-74.139773239999997,"latitud":4.5487235640000003,"coor_x":99309.034109999993,"coor_y":99475.024409999998}},{"type":"Feature","id":193,"geometry":{"type":"Point","coordinates":[-74.139860449799869,4.5487467379221629]},"properties":{"OBJECTID":193,"OBJECTID_1":719,"object_id":22371,"cenefa":"287A11","consec_par":"287","modulo_par":"A","zona_par":11,"nombre_par":"Br. La Florida Sur","via_par":"KR  17F","direcc_par":"KR 17F - CL 69L Sur","locali_par":19,"consola_pa":"KR 17F - CL 69L Sur (287A11)","panel_par":"KR 17F - CL 69L Sur","audio_par":"Carrera 17 F Calle 69 L Sur","longitud":-74.13986045,"latitud":4.5487467380000002,"coor_x":99308.066349999994,"coor_y":99475.280759999994}},{"type":"Feature","id":194,"geometry":{"type":"Point","coordinates":[-74.156611879634511,4.548799734970312]},"properties":{"OBJECTID":194,"OBJECTID_1":720,"object_id":22372,"cenefa":"144A11","consec_par":"144","modulo_par":"A","zona_par":11,"nombre_par":"Br. Brisas Del Volador","via_par":"Cl 70 S","direcc_par":"CL 70 Sur - KR 22A","locali_par":19,"consola_pa":"CL 70 Sur - KR 22A (144A11)","panel_par":"CL 70 Sur - KR 22A","audio_par":"Calle 70 Sur Carrera 22 A","longitud":-74.15661188,"latitud":4.5487997350000002,"coor_x":99122.173649999997,"coor_y":99475.884999999995}},{"type":"Feature","id":195,"geometry":{"type":"Point","coordinates":[-74.156566820002695,4.5489531062514104]},"properties":{"OBJECTID":195,"OBJECTID_1":723,"object_id":22375,"cenefa":"143A11","consec_par":"143","modulo_par":"A","zona_par":11,"nombre_par":"Br. Brisas Del Volador","via_par":"Cl 70 S","direcc_par":"CL 70 Sur - KR 24","locali_par":19,"consola_pa":"CL 70 Sur - KR 24 (143A11)","panel_par":"CL 70 Sur - KR 24","audio_par":"Calle 70 Sur Carrera 24","longitud":-74.156566819999995,"latitud":4.5489531059999999,"coor_x":99122.673869999999,"coor_y":99477.580950000003}},{"type":"Feature","id":196,"geometry":{"type":"Point","coordinates":[-74.155856000354106,4.5490359994623653]},"properties":{"OBJECTID":196,"OBJECTID_1":724,"object_id":22376,"cenefa":"144B11","consec_par":"144","modulo_par":"B","zona_par":11,"nombre_par":"Br. Brisas Del Volador","via_par":"CL 70 Sur","direcc_par":"CL 70 Sur - KR 21","locali_par":19,"consola_pa":"CL 70 Sur - KR 21 (144B11)","panel_par":"CL 70 Sur - KR 21","audio_par":"Calle 70 Sur Carrera 21","longitud":-74.155856,"latitud":4.5490360000000001,"coor_x":99130.562030000001,"coor_y":99478.496740000002}},{"type":"Feature","id":197,"geometry":{"type":"Point","coordinates":[-74.141799249635596,4.5491373521576177]},"properties":{"OBJECTID":197,"OBJECTID_1":726,"object_id":22378,"cenefa":"523A11","consec_par":"523","modulo_par":"A","zona_par":11,"nombre_par":"Br. Lucero Sur Bajo","via_par":"KR 17M","direcc_par":"KR 17M - CL 69A Sur","locali_par":19,"consola_pa":"KR 17M - CL 69A Sur (523A11)","panel_par":"KR 17M - CL 69A Sur","audio_par":"Carrera 17 M Calle 69 A Sur","longitud":-74.141799250000005,"latitud":4.5491373519999998,"coor_x":99286.551630000002,"coor_y":99479.602100000004}},{"type":"Feature","id":198,"geometry":{"type":"Point","coordinates":[-74.163250999633874,4.5491579996924978]},"properties":{"OBJECTID":198,"OBJECTID_1":727,"object_id":22379,"cenefa":"124A11","consec_par":"124","modulo_par":"A","zona_par":11,"nombre_par":"CAI Paraíso","via_par":"DG 72A Sur","direcc_par":"DG 72A Sur - KR 27N","locali_par":19,"consola_pa":"DG 72A Sur - KR 27N (124A11)","panel_par":"DG 72A Sur - KR 27N","audio_par":"Diagonal 72 A Sur Carrera 27 N","longitud":-74.163251000000002,"latitud":4.5491580000000003,"coor_x":99048.498940000005,"coor_y":99479.855150000003}},{"type":"Feature","id":199,"geometry":{"type":"Point","coordinates":[-74.162961999796437,4.5492809999687331]},"properties":{"OBJECTID":199,"OBJECTID_1":730,"object_id":22382,"cenefa":"123A11","consec_par":"123","modulo_par":"A","zona_par":11,"nombre_par":"Br. El Paraíso","via_par":"DG 72A Sur","direcc_par":"DG 72A Sur - KR 27P","locali_par":19,"consola_pa":"DG 72A Sur - KR 27P (123A11)","panel_par":"DG 72A Sur - KR 27P","audio_par":"Diagonal 72 A Sur Carrera 27 P","longitud":-74.162961999999993,"latitud":4.5492809999999997,"coor_x":99051.706170000005,"coor_y":99481.214930000002}},{"type":"Feature","id":200,"geometry":{"type":"Point","coordinates":[-74.160319139616547,4.5493160114752804]},"properties":{"OBJECTID":200,"OBJECTID_1":732,"object_id":22384,"cenefa":"129A11","consec_par":"129","modulo_par":"A","zona_par":11,"nombre_par":"IED Paraíso Mirador","via_par":"KR 27B","direcc_par":"KR 27B - CL 71K Sur","locali_par":19,"consola_pa":"KR 27B - CL 71K Sur (129A11)","panel_par":"KR 27B - CL 71K Sur","audio_par":"Carrera 27 Be Calle 71 K Sur","longitud":-74.160319139999999,"latitud":4.5493160120000002,"coor_x":99081.034360000005,"coor_y":99481.598679999996}},{"type":"Feature","id":201,"geometry":{"type":"Point","coordinates":[-74.160224940128842,4.5493206654668752]},"properties":{"OBJECTID":201,"OBJECTID_1":733,"object_id":22385,"cenefa":"130A11","consec_par":"130","modulo_par":"A","zona_par":11,"nombre_par":"IED Paraíso Mirador","via_par":"KR 27B","direcc_par":"KR 27B - CL 71K Sur","locali_par":19,"consola_pa":"KR 27B - CL 71K Sur (130A11)","panel_par":"KR 27B - CL 71K Sur","audio_par":"Carrera 27 Be Calle 71 K Sur","longitud":-74.160224940000006,"latitud":4.5493206659999998,"coor_x":99082.079719999994,"coor_y":99481.650020000001}},{"type":"Feature","id":202,"geometry":{"type":"Point","coordinates":[-74.141764999854843,4.5495269996218601]},"properties":{"OBJECTID":202,"OBJECTID_1":736,"object_id":22388,"cenefa":"520A11","consec_par":"520","modulo_par":"A","zona_par":11,"nombre_par":"Br. Lucero Sur Bajo","via_par":"KR 17M","direcc_par":"KR 17M - CL 69C Sur","locali_par":19,"consola_pa":"KR 17M - CL 69C Sur (520A11)","panel_par":"KR 17M - CL 69C Sur","audio_par":"Carrera 17 M Calle 69 C Sur","longitud":-74.141765000000007,"latitud":4.5495270000000003,"coor_x":99286.932090000002,"coor_y":99483.91085}},{"type":"Feature","id":203,"geometry":{"type":"Point","coordinates":[-74.141550450392913,4.5499577721839275]},"properties":{"OBJECTID":203,"OBJECTID_1":740,"object_id":22392,"cenefa":"286A11","consec_par":"286","modulo_par":"A","zona_par":11,"nombre_par":"Br. Lucero Sur Bajo","via_par":"DG  69 Sur","direcc_par":"DG 69 Sur - KR 17J","locali_par":19,"consola_pa":"DG 69 Sur - KR 17J (286A11)","panel_par":"DG 69 Sur - KR 17J","audio_par":"Diagonal 69 Sur Carrera 17 J","longitud":-74.141550449999997,"latitud":4.549957772,"coor_x":99289.313389999996,"coor_y":99488.674169999998}},{"type":"Feature","id":204,"geometry":{"type":"Point","coordinates":[-74.159957999761843,4.5499739995509749]},"properties":{"OBJECTID":204,"OBJECTID_1":741,"object_id":22393,"cenefa":"130B11","consec_par":"130","modulo_par":"B","zona_par":11,"nombre_par":"Br. El Mirador","via_par":"KR 27B","direcc_par":"KR 27B - CL 71I Bis Sur","locali_par":19,"consola_pa":"KR 27B - CL 71I Bis Sur (130B11)","panel_par":"KR 27B - CL 71I Bis Sur","audio_par":"Carrera 27 Be Calle 71 I Bis Sur","longitud":-74.159958000000003,"latitud":4.5499739999999997,"coor_x":99085.042809999999,"coor_y":99488.874339999995}},{"type":"Feature","id":205,"geometry":{"type":"Point","coordinates":[-74.1474352001743,4.5500878950907806]},"properties":{"OBJECTID":205,"OBJECTID_1":743,"object_id":22395,"cenefa":"272A11","consec_par":"272","modulo_par":"A","zona_par":11,"nombre_par":"IED Lucero Alto","via_par":"KR 18I","direcc_par":"KR 18I - CL 68A Sur","locali_par":19,"consola_pa":"KR 18I - CL 68A Sur (272A11)","panel_par":"KR 18I - CL 68A Sur","audio_par":"Carrera 18 I Calle 68 A Sur","longitud":-74.147435200000004,"latitud":4.5500878949999999,"coor_x":99224.009820000007,"coor_y":99490.119149999999}},{"type":"Feature","id":206,"geometry":{"type":"Point","coordinates":[-74.147475759598592,4.5501458779803627]},"properties":{"OBJECTID":206,"OBJECTID_1":744,"object_id":22396,"cenefa":"271A11","consec_par":"271","modulo_par":"A","zona_par":11,"nombre_par":"IED Lucero Alto","via_par":"KR 18I","direcc_par":"KR 18I - DG 68A Sur","locali_par":19,"consola_pa":"KR 18I - DG 68A Sur (271A11)","panel_par":"KR 18I - DG 68A Sur","audio_par":"Carrera 18 I Diagonal 68 A Sur","longitud":-74.147475760000006,"latitud":4.5501458780000004,"coor_x":99223.559789999999,"coor_y":99490.760370000004}},{"type":"Feature","id":207,"geometry":{"type":"Point","coordinates":[-74.150834419872524,4.5501491596065264]},"properties":{"OBJECTID":207,"OBJECTID_1":745,"object_id":22397,"cenefa":"153A11","consec_par":"153","modulo_par":"A","zona_par":11,"nombre_par":"Villa Gloria Las Manitas","via_par":"KR  18L","direcc_par":"KR 18L - 70G Sur","locali_par":19,"consola_pa":"KR 18L - 70G Sur (153A11)","panel_par":"KR 18L - 70G Sur","audio_par":"Carrera 18 L 70 G Sur","longitud":-74.150834419999995,"latitud":4.5501491600000001,"coor_x":99186.288379999998,"coor_y":99490.800369999997}},{"type":"Feature","id":208,"geometry":{"type":"Point","coordinates":[-74.159909000200173,4.5503149999877373]},"properties":{"OBJECTID":208,"OBJECTID_1":749,"object_id":22401,"cenefa":"129B11","consec_par":"129","modulo_par":"B","zona_par":11,"nombre_par":"Br. El Mirador","via_par":"KR 27B","direcc_par":"KR 27B - CL 71H Sur","locali_par":19,"consola_pa":"KR 27B - CL 71H Sur (129B11)","panel_par":"KR 27B - CL 71H Sur","audio_par":"KR 27 Be Calle 71 H Sur","longitud":-74.159908999999999,"latitud":4.5503150000000003,"coor_x":99085.586989999996,"coor_y":99492.645099999994}},{"type":"Feature","id":209,"geometry":{"type":"Point","coordinates":[-74.150850610367343,4.5503418375562363]},"properties":{"OBJECTID":209,"OBJECTID_1":751,"object_id":22403,"cenefa":"154A11","consec_par":"154","modulo_par":"A","zona_par":11,"nombre_par":"Las Manitas","via_par":"KR  18L","direcc_par":"KR 18L - 70G Sur","locali_par":19,"consola_pa":"KR 18L - 70G Sur (154A11)","panel_par":"KR 18L - 70G Sur","audio_par":"Carrera 18 L 70 G Sur","longitud":-74.150850610000006,"latitud":4.5503418379999996,"coor_x":99186.108940000006,"coor_y":99492.931039999996}},{"type":"Feature","id":210,"geometry":{"type":"Point","coordinates":[-74.146676999743704,4.5504839996873434]},"properties":{"OBJECTID":210,"OBJECTID_1":754,"object_id":22406,"cenefa":"272B11","consec_par":"272","modulo_par":"B","zona_par":11,"nombre_par":"IED Lucero Alto","via_par":"KR 18I","direcc_par":"TV 18I - DG 68 Sur","locali_par":19,"consola_pa":"TV 18I - DG 68 Sur (272B11)","panel_par":"TV 18I - DG 68 Sur","audio_par":"Transversal 18 I Diagonal 68 Sur","longitud":-74.146676999999997,"latitud":4.550484,"coor_x":99232.424069999994,"coor_y":99494.498519999994}},{"type":"Feature","id":211,"geometry":{"type":"Point","coordinates":[-74.146540169693026,4.5506063155795005]},"properties":{"OBJECTID":211,"OBJECTID_1":755,"object_id":22407,"cenefa":"271B11","consec_par":"271","modulo_par":"B","zona_par":11,"nombre_par":"IED Lucero Alto","via_par":"KR 18I","direcc_par":"TV 18I - DG 67C Bis Sur","locali_par":19,"consola_pa":"TV 18I - DG 67C Bis Sur (271B11)","panel_par":"TV 18I - DG 67C Bis Sur","audio_par":"Transversal 18 I Diagonal 67 C Bis Sur","longitud":-74.146540169999994,"latitud":4.5506063159999997,"coor_x":99233.942609999998,"coor_y":99495.850959999996}},{"type":"Feature","id":212,"geometry":{"type":"Point","coordinates":[-74.141958009654388,4.5506265224465157]},"properties":{"OBJECTID":212,"OBJECTID_1":756,"object_id":22408,"cenefa":"521B11","consec_par":"521","modulo_par":"B","zona_par":11,"nombre_par":"Br. Lucero del Sur","via_par":"KR 17M - CL 67A","direcc_par":"KR 17M - CL 67A Bis A Sur","locali_par":19,"consola_pa":"KR 17M - CL 67A Bis A Sur (521B11)","panel_par":"KR 17M - CL 67A Bis A Sur","audio_par":"Carrera 17 M Calle 67 A Bis Sur","longitud":-74.141958009999996,"latitud":4.550626523,"coor_x":99284.791320000004,"coor_y":99496.069709999996}},{"type":"Feature","id":213,"geometry":{"type":"Point","coordinates":[-74.142094120247407,4.5509612276290294]},"properties":{"OBJECTID":213,"OBJECTID_1":760,"object_id":22412,"cenefa":"522B11","consec_par":"522","modulo_par":"B","zona_par":11,"nombre_par":"Br. Lucero del Sur","via_par":"KR 17M","direcc_par":"KR 17M - CL 67A Bis Sur","locali_par":19,"consola_pa":"KR 17M - CL 67A Bis Sur (522B11)","panel_par":"KR 17M - CL 67A Bis Sur","audio_par":"Carrera 17 M Calle 67 A Bis Sur","longitud":-74.142094119999996,"latitud":4.5509612280000002,"coor_x":99283.281220000004,"coor_y":99499.771059999999}},{"type":"Feature","id":214,"geometry":{"type":"Point","coordinates":[-74.145272179567371,4.5514101035439269]},"properties":{"OBJECTID":214,"OBJECTID_1":767,"object_id":22419,"cenefa":"276A11","consec_par":"276","modulo_par":"A","zona_par":11,"nombre_par":"Br. Lucero Medio","via_par":"KR 18C","direcc_par":"KR 18C - CL 67A Sur","locali_par":19,"consola_pa":"KR 18C - CL 67A Sur (276A11)","panel_par":"KR 18C - CL 67A Sur","audio_par":"Carrera 18 C Calle 67 A Sur","longitud":-74.145272180000006,"latitud":4.5514101040000003,"coor_x":99248.014460000006,"coor_y":99504.738020000004}},{"type":"Feature","id":215,"geometry":{"type":"Point","coordinates":[-74.159369809868792,4.5515978442155856]},"properties":{"OBJECTID":215,"OBJECTID_1":770,"object_id":22422,"cenefa":"132A11","consec_par":"132","modulo_par":"A","zona_par":11,"nombre_par":"IED Paraíso Mirador","via_par":"KR 27B","direcc_par":"KR 27B - CL 71F Sur","locali_par":19,"consola_pa":"KR 27B - CL 71F Sur (132A11)","panel_par":"KR 27B - CL 71F Sur","audio_par":"Carrera 27 Be Calle 71 F Sur","longitud":-74.159369810000001,"latitud":4.5515978439999998,"coor_x":99091.572050000002,"coor_y":99506.830289999998}},{"type":"Feature","id":216,"geometry":{"type":"Point","coordinates":[-74.159436490101882,4.551614536532119]},"properties":{"OBJECTID":216,"OBJECTID_1":772,"object_id":22424,"cenefa":"131A11","consec_par":"131","modulo_par":"A","zona_par":11,"nombre_par":"IED Paraíso Mirador","via_par":"KR 27B","direcc_par":"KR 27B - CL 71F Sur","locali_par":19,"consola_pa":"KR 27B - CL 71F Sur (131A11)","panel_par":"KR 27B - CL 71F Sur","audio_par":"Carrera 27 Be Calle 71 F Sur","longitud":-74.159436490000004,"latitud":4.5516145369999998,"coor_x":99090.832120000006,"coor_y":99507.014970000004}},{"type":"Feature","id":217,"geometry":{"type":"Point","coordinates":[-74.142098869567121,4.551616491658212]},"properties":{"OBJECTID":217,"OBJECTID_1":773,"object_id":22425,"cenefa":"521A11","consec_par":"521","modulo_par":"A","zona_par":11,"nombre_par":"Br. Lucero Sur Bajo","via_par":"KR 17M","direcc_par":"KR 17M - CL 66A Sur","locali_par":19,"consola_pa":"KR 17M - CL 66A Sur (521A11)","panel_par":"KR 17M - CL 66A Sur","audio_par":"Carrera 17 M Calle 66 A Sur","longitud":-74.142098869999998,"latitud":4.551616492,"coor_x":99283.229160000003,"coor_y":99507.017059999998}},{"type":"Feature","id":218,"geometry":{"type":"Point","coordinates":[-74.142168700125353,4.5516439110880507]},"properties":{"OBJECTID":218,"OBJECTID_1":774,"object_id":22426,"cenefa":"522A11","consec_par":"522","modulo_par":"A","zona_par":11,"nombre_par":"Br. Lucero Sur Bajo","via_par":"KR 17M","direcc_par":"KR 17M - CL 66A Sur","locali_par":19,"consola_pa":"KR 17M - CL 66A Sur (522A11)","panel_par":"KR 17M - CL 66A Sur","audio_par":"Carrera 17 M Calle 66 A Sur","longitud":-74.142168699999999,"latitud":4.5516439110000002,"coor_x":99282.454280000005,"coor_y":99507.320330000002}},{"type":"Feature","id":219,"geometry":{"type":"Point","coordinates":[-74.14534322960634,4.5518583202557013]},"properties":{"OBJECTID":219,"OBJECTID_1":778,"object_id":22430,"cenefa":"437A11","consec_par":"437","modulo_par":"A","zona_par":11,"nombre_par":"Br. San Rafael","via_par":"Cl 67A S","direcc_par":"CL 67A Sur - KR 18C","locali_par":19,"consola_pa":"CL 67A Sur - KR 18C (437A11)","panel_par":"CL 67A Sur - KR 18C","audio_par":"Calle 67 A Sur Carrera 18 C","longitud":-74.145343229999995,"latitud":4.55185832,"coor_x":99247.226479999998,"coor_y":99509.694529999993}},{"type":"Feature","id":220,"geometry":{"type":"Point","coordinates":[-74.14499197959617,4.5519360027947258]},"properties":{"OBJECTID":220,"OBJECTID_1":780,"object_id":22432,"cenefa":"277A11","consec_par":"277","modulo_par":"A","zona_par":11,"nombre_par":"Br. Lucero Medio","via_par":"KR 18C","direcc_par":"KR 18C - CL 67 Sur","locali_par":19,"consola_pa":"KR 18C - CL 67 Sur (277A11)","panel_par":"KR 18C - CL 67 Sur","audio_par":"Carrera 18 C Calle 67 Sur","longitud":-74.14499198,"latitud":4.5519360029999998,"coor_x":99251.124410000004,"coor_y":99510.553190000006}},{"type":"Feature","id":221,"geometry":{"type":"Point","coordinates":[-74.151681910391801,4.5525429012843057]},"properties":{"OBJECTID":221,"OBJECTID_1":783,"object_id":22435,"cenefa":"185A11","consec_par":"185","modulo_par":"A","zona_par":11,"nombre_par":"El Triunfo Sur","via_par":"KR  18L","direcc_par":"KR 18L - CL 69M Sur","locali_par":19,"consola_pa":"KR 18L - CL 69M Sur (185A11)","panel_par":"KR 18L - CL 69M Sur","audio_par":"Carrera 18 L Calle 69 M Sur","longitud":-74.151681909999994,"latitud":4.5525429009999998,"coor_x":99176.886410000006,"coor_y":99517.271640000006}},{"type":"Feature","id":222,"geometry":{"type":"Point","coordinates":[-74.137071990280106,4.5525970009012893]},"properties":{"OBJECTID":222,"OBJECTID_1":784,"object_id":22436,"cenefa":"009A11","consec_par":"009","modulo_par":"A","zona_par":11,"nombre_par":"Br. Lucero del Sur","via_par":"AV. Boyacá","direcc_par":"AV. Boyacá - CL 66 Sur","locali_par":19,"consola_pa":"AV. Boyacá - CL 66 Sur (009A11)","panel_par":"AV. Boyacá - CL 66 Sur","audio_par":"Avenida Boyacá Calle 66 Sur","longitud":-74.137071989999995,"latitud":4.5525970009999996,"coor_x":99339.013749999998,"coor_y":99517.854869999996}},{"type":"Feature","id":223,"geometry":{"type":"Point","coordinates":[-74.151826700341928,4.552730833511573]},"properties":{"OBJECTID":223,"OBJECTID_1":785,"object_id":22437,"cenefa":"184A11","consec_par":"184","modulo_par":"A","zona_par":11,"nombre_par":"Br. Villa Gloria","via_par":"KR  18L","direcc_par":"KR 18L - CL 69L Sur","locali_par":19,"consola_pa":"KR 18L - CL 69L Sur (184A11)","panel_par":"KR 18L - CL 69L Sur","audio_par":"Carrera 18 L Calle 69 L Sur","longitud":-74.151826700000001,"latitud":4.5527308340000001,"coor_x":99175.279880000002,"coor_y":99519.349990000002}},{"type":"Feature","id":224,"geometry":{"type":"Point","coordinates":[-74.136619859718735,4.5527795722698352]},"properties":{"OBJECTID":224,"OBJECTID_1":787,"object_id":22439,"cenefa":"008A11","consec_par":"008","modulo_par":"A","zona_par":11,"nombre_par":"Br. México","via_par":"AV. Boyacá","direcc_par":"AV. Boyacá - CL 65A Sur","locali_par":19,"consola_pa":"AV. Boyacá - CL 65A Sur (008A11)","panel_par":"AV. Boyacá - CL 65A Sur","audio_par":"Avenida Boyacá Calle 65 A Sur","longitud":-74.136619859999996,"latitud":4.5527795720000004,"coor_x":99344.031229999993,"coor_y":99519.873349999994}},{"type":"Feature","id":225,"geometry":{"type":"Point","coordinates":[-74.14028162030047,4.5527800588031209]},"properties":{"OBJECTID":225,"OBJECTID_1":788,"object_id":22440,"cenefa":"329A11","consec_par":"329","modulo_par":"A","zona_par":11,"nombre_par":"IED Ciudad de Montreal","via_par":"KR  17G","direcc_par":"KR 17G - CL 65 Sur","locali_par":19,"consola_pa":"KR 17G - CL 65 Sur (329A11)","panel_par":"KR 17G - CL 65 Sur","audio_par":"Carrera 17 G Calle 65 Sur","longitud":-74.140281619999996,"latitud":4.5527800589999998,"coor_x":99303.39645,"coor_y":99519.882159999994}},{"type":"Feature","id":226,"geometry":{"type":"Point","coordinates":[-74.142686089991003,4.5528321538312539]},"properties":{"OBJECTID":226,"OBJECTID_1":789,"object_id":22441,"cenefa":"301A11","consec_par":"301","modulo_par":"A","zona_par":11,"nombre_par":"IED Compartir Recuerdo","via_par":"DG 65A Sur","direcc_par":"DG 65A Sur - KR 17 N","locali_par":19,"consola_pa":"DG 65A Sur - KR 17 N (301A11)","panel_par":"DG 65A Sur - KR 17 N","audio_par":"Diagonal 65 A Sur Carrera 17 N","longitud":-74.142686089999998,"latitud":4.5528321539999999,"coor_x":99276.713940000001,"coor_y":99520.460600000006}},{"type":"Feature","id":227,"geometry":{"type":"Point","coordinates":[-74.140371199970843,4.552872482129743]},"properties":{"OBJECTID":227,"OBJECTID_1":790,"object_id":22442,"cenefa":"326A11","consec_par":"326","modulo_par":"A","zona_par":11,"nombre_par":"Br. Lucero","via_par":"KR  17G","direcc_par":"KR 17G - CL 65 Sur","locali_par":19,"consola_pa":"KR 17G - CL 65 Sur (326A11)","panel_par":"KR 17G - CL 65 Sur","audio_par":"Carrera 17 G Calle 65 Sur","longitud":-74.140371200000004,"latitud":4.5528724819999997,"coor_x":99302.402459999998,"coor_y":99520.904280000002}},{"type":"Feature","id":228,"geometry":{"type":"Point","coordinates":[-74.141993999623367,4.5529330002081849]},"properties":{"OBJECTID":228,"OBJECTID_1":791,"object_id":22443,"cenefa":"328B11","consec_par":"328","modulo_par":"B","zona_par":11,"nombre_par":"JAC Lucero Medio","via_par":"DG 64A BIS Sur","direcc_par":"TV 17N - CL 64F Sur","locali_par":19,"consola_pa":"TV 17N - CL 64F Sur (328B11)","panel_par":"TV 17N - CL 64F Sur","audio_par":"Transversal 17 N Calle 64 F Sur","longitud":-74.141993999999997,"latitud":4.5529330000000003,"coor_x":99284.394209999999,"coor_y":99521.575079999995}},{"type":"Feature","id":229,"geometry":{"type":"Point","coordinates":[-74.142866570435842,4.5529387801509813]},"properties":{"OBJECTID":229,"OBJECTID_1":792,"object_id":22444,"cenefa":"302A11","consec_par":"302","modulo_par":"A","zona_par":11,"nombre_par":"IED Compartir Recuerdo","via_par":"DG 65A Sur","direcc_par":"DG 65A Sur - KR 18","locali_par":19,"consola_pa":"DG 65A Sur - KR 18 (302A11)","panel_par":"DG 65A Sur - KR 18","audio_par":"Diagonal 65 A Sur Carrera 18","longitud":-74.142866569999995,"latitud":4.5529387799999999,"coor_x":99274.711249999993,"coor_y":99521.639869999999}},{"type":"Feature","id":230,"geometry":{"type":"Point","coordinates":[-74.141668999924377,4.5531339995848406]},"properties":{"OBJECTID":230,"OBJECTID_1":795,"object_id":22447,"cenefa":"301B11","consec_par":"301","modulo_par":"B","zona_par":11,"nombre_par":"Br. Lucero del Sur","via_par":"Tv 17N","direcc_par":"TV 17N - CL 64F Sur","locali_par":19,"consola_pa":"TV 17N - CL 64F Sur (301B11)","panel_par":"TV 17N - CL 64F Sur","audio_par":"Transversal 17 N Calle 64 F Sur","longitud":-74.141668999999993,"latitud":4.553134,"coor_x":99288.000950000001,"coor_y":99523.797439999995}},{"type":"Feature","id":231,"geometry":{"type":"Point","coordinates":[-74.141822540277985,4.5531353800441563]},"properties":{"OBJECTID":231,"OBJECTID_1":796,"object_id":22448,"cenefa":"302B11","consec_par":"302","modulo_par":"B","zona_par":11,"nombre_par":"IED Compartir Recuerdo","via_par":"Tv 17N","direcc_par":"TV 17N - CL 64F Sur","locali_par":19,"consola_pa":"TV 17N - CL 64F Sur (302B11)","panel_par":"TV 17N - CL 64F Sur","audio_par":"Transversal 17 N Calle 64 F Sur","longitud":-74.141822540000007,"latitud":4.5531353799999996,"coor_x":99286.29711,"coor_y":99523.812860000005}},{"type":"Feature","id":232,"geometry":{"type":"Point","coordinates":[-74.143851999869867,4.5532769998840354]},"properties":{"OBJECTID":232,"OBJECTID_1":798,"object_id":22450,"cenefa":"591A11","consec_par":"591","modulo_par":"A","zona_par":11,"nombre_par":"Br. Lucero Medio","via_par":"KR 18C","direcc_par":"KR 18C - CL 65D Sur","locali_par":19,"consola_pa":"KR 18C - CL 65D Sur (591A11)","panel_par":"KR 18C - CL 65D Sur","audio_par":"Carrera 18 C Calle 65 D Sur","longitud":-74.143851999999995,"latitud":4.5532769999999996,"coor_x":99263.77622,"coor_y":99525.380950000006}},{"type":"Feature","id":233,"geometry":{"type":"Point","coordinates":[-74.158818209792514,4.5532924277537425]},"properties":{"OBJECTID":233,"OBJECTID_1":799,"object_id":22451,"cenefa":"427A11","consec_par":"427","modulo_par":"A","zona_par":11,"nombre_par":"IED Paraíso Mirador","via_par":"KR 27B","direcc_par":"KR 27B - CL 71 Sur","locali_par":19,"consola_pa":"KR 27B - CL 71 Sur (427A11)","panel_par":"KR 27B - CL 71 Sur","audio_par":"Carrera 27 Be Calle 71 Sur","longitud":-74.158818210000007,"latitud":4.5532924279999998,"coor_x":99097.695319999999,"coor_y":99525.568539999993}},{"type":"Feature","id":234,"geometry":{"type":"Point","coordinates":[-74.143828999708546,4.5533980000680749]},"properties":{"OBJECTID":234,"OBJECTID_1":801,"object_id":22453,"cenefa":"590A11","consec_par":"590","modulo_par":"A","zona_par":11,"nombre_par":"Br. Lucero Medio","via_par":"KR 18C","direcc_par":"KR 18C - CL 65D Sur","locali_par":19,"consola_pa":"KR 18C - CL 65D Sur (590A11)","panel_par":"KR 18C - CL 65D Sur","audio_par":"Carrera 18 C Calle 65 D Sur","longitud":-74.143828999999997,"latitud":4.5533979999999996,"coor_x":99264.031570000006,"coor_y":99526.718959999998}},{"type":"Feature","id":235,"geometry":{"type":"Point","coordinates":[-74.158848470180715,4.5534621262265329]},"properties":{"OBJECTID":235,"OBJECTID_1":803,"object_id":22455,"cenefa":"428A11","consec_par":"428","modulo_par":"A","zona_par":11,"nombre_par":"IED Paraíso Mirador","via_par":"KR 27B","direcc_par":"KR 27B - CL 71 Sur","locali_par":19,"consola_pa":"KR 27B - CL 71 Sur (428A11)","panel_par":"KR 27B - CL 71 Sur","audio_par":"Carrera 27 Be Calle 71 Sur","longitud":-74.158848469999995,"latitud":4.5534621260000003,"coor_x":99097.359729999996,"coor_y":99527.445120000004}},{"type":"Feature","id":236,"geometry":{"type":"Point","coordinates":[-74.146419360165282,4.5535951620374924]},"properties":{"OBJECTID":236,"OBJECTID_1":805,"object_id":22457,"cenefa":"439A11","consec_par":"439","modulo_par":"A","zona_par":11,"nombre_par":"Br. Sumapaz","via_par":"Cl 67A S","direcc_par":"CL 67A Sur - KR 18N","locali_par":19,"consola_pa":"CL 67A Sur - KR 18N (439A11)","panel_par":"CL 67A Sur - KR 18N","audio_par":"Calle 67 A Sur Carrera 18 N","longitud":-74.146419359999996,"latitud":4.5535951619999997,"coor_x":99235.286410000001,"coor_y":99528.901899999997}},{"type":"Feature","id":237,"geometry":{"type":"Point","coordinates":[-74.146495289925667,4.5536053315712008]},"properties":{"OBJECTID":237,"OBJECTID_1":806,"object_id":22458,"cenefa":"436A11","consec_par":"436","modulo_par":"A","zona_par":11,"nombre_par":"Br. Juan Pablo II","via_par":"Cl 67A S","direcc_par":"CL 67A Sur - KR 18N Bis","locali_par":19,"consola_pa":"CL 67A Sur - KR 18N Bis (436A11)","panel_par":"CL 67A Sur - KR 18N Bis","audio_par":"Calle 67 A Sur Carrera 18 N Bis","longitud":-74.146495290000004,"latitud":4.5536053320000001,"coor_x":99234.44382,"coor_y":99529.014439999999}},{"type":"Feature","id":238,"geometry":{"type":"Point","coordinates":[-74.140735539613445,4.5537164374140522]},"properties":{"OBJECTID":238,"OBJECTID_1":810,"object_id":22462,"cenefa":"328A11","consec_par":"328","modulo_par":"A","zona_par":11,"nombre_par":"JAC Lucero Medio","via_par":"DG 64A BIS Sur","direcc_par":"DG 64A Bis Sur - KR 17G","locali_par":19,"consola_pa":"DG 64A Bis Sur - KR 17G (328A11)","panel_par":"DG 64A Bis Sur - KR 17G","audio_par":"Diagonal 64 A Bis Sur Carrera 17 G","longitud":-74.140735539999994,"latitud":4.5537164380000004,"coor_x":99298.360180000003,"coor_y":99530.237210000007}},{"type":"Feature","id":239,"geometry":{"type":"Point","coordinates":[-74.151889779689554,4.5538420187445503]},"properties":{"OBJECTID":239,"OBJECTID_1":811,"object_id":22463,"cenefa":"574A11","consec_par":"574","modulo_par":"A","zona_par":11,"nombre_par":"Br. EL Triunfo Sur","via_par":"KR 18L","direcc_par":"KR 18L - CL 69I Bis Sur","locali_par":19,"consola_pa":"KR 18L - CL 69I Bis Sur (574A11)","panel_par":"KR 18L - CL 69I Bis Sur","audio_par":"Carrera 18 L Calle 69 I Bis Sur","longitud":-74.151889780000005,"latitud":4.5538420190000002,"coor_x":99174.581149999998,"coor_y":99531.637700000007}},{"type":"Feature","id":240,"geometry":{"type":"Point","coordinates":[-74.140050999953644,4.5539609999505606]},"properties":{"OBJECTID":240,"OBJECTID_1":814,"object_id":22466,"cenefa":"327A11","consec_par":"327","modulo_par":"A","zona_par":11,"nombre_par":"JAC Lucero Medio","via_par":"DG 64A BIS Sur","direcc_par":"DG 64A Bis Sur - KR 17G","locali_par":19,"consola_pa":"DG 64A Bis Sur - KR 17G (327A11)","panel_par":"DG 64A Bis Sur - KR 17G","audio_par":"Diagonal 64 A Bis Sur Carrera 17 G","longitud":-74.140051,"latitud":4.5539610000000001,"coor_x":99305.956789999997,"coor_y":99532.94094}},{"type":"Feature","id":241,"geometry":{"type":"Point","coordinates":[-74.139779000000829,4.5540689995351018]},"properties":{"OBJECTID":241,"OBJECTID_1":819,"object_id":22471,"cenefa":"330B11","consec_par":"330","modulo_par":"B","zona_par":11,"nombre_par":"Br. Lucero del Sur","via_par":"DG 64 A Bis Sur","direcc_par":"DG 64 A Bis Sur - KR 17D Bis","locali_par":19,"consola_pa":"DG 64 A Bis Sur - KR 17D Bis (330B11)","panel_par":"DG 64 A Bis Sur - KR 17D Bis","audio_par":"Diagonal 64 A Bis Sur Carrera 17 D Bis","longitud":-74.139779000000004,"latitud":4.5540690000000001,"coor_x":99308.975290000002,"coor_y":99534.134959999996}},{"type":"Feature","id":242,"geometry":{"type":"Point","coordinates":[-74.139663779759587,4.5541798922385954]},"properties":{"OBJECTID":242,"OBJECTID_1":821,"object_id":22473,"cenefa":"327B11","consec_par":"327","modulo_par":"B","zona_par":11,"nombre_par":"Altos de Jalisco","via_par":"DG 64A Bis","direcc_par":"DG 64A Bis Sur - KR 17D","locali_par":19,"consola_pa":"DG 64A Bis Sur - KR 17D (327B11)","panel_par":"DG 64A Bis Sur - KR 17D","audio_par":"Diagonal 64 A Bis Sur Carrera 17 D","longitud":-74.139663780000006,"latitud":4.5541798919999996,"coor_x":99310.253989999997,"coor_y":99535.361109999998}},{"type":"Feature","id":243,"geometry":{"type":"Point","coordinates":[-74.139042570358299,4.5542817755338527]},"properties":{"OBJECTID":243,"OBJECTID_1":822,"object_id":22474,"cenefa":"330A11","consec_par":"330","modulo_par":"A","zona_par":11,"nombre_par":"Br. Domingo Laín I","via_par":"DG 64A BIS Sur","direcc_par":"DG 64A Bis Sur - KR 17B","locali_par":19,"consola_pa":"DG 64A Bis Sur - KR 17B (330A11)","panel_par":"DG 64A Bis Sur - KR 17B","audio_par":"Diagonal 64 A Bis Sur Carrera 17 Be","longitud":-74.139042570000001,"latitud":4.5542817759999998,"coor_x":99317.147679999995,"coor_y":99536.487169999993}},{"type":"Feature","id":244,"geometry":{"type":"Point","coordinates":[-74.146899000088752,4.5545310001558992]},"properties":{"OBJECTID":244,"OBJECTID_1":826,"object_id":22478,"cenefa":"294A11","consec_par":"294","modulo_par":"A","zona_par":11,"nombre_par":"Br. Juan Pablo II","via_par":"Cl 67C S","direcc_par":"CL 67C Sur - 18P-44","locali_par":19,"consola_pa":"CL 67C Sur - 18P-44 (294A11)","panel_par":"CL 67C Sur - 18P-44","audio_par":"Calle 67 C Sur 18 P","longitud":-74.146899000000005,"latitud":4.5545309999999999,"coor_x":99229.964810000005,"coor_y":99539.251029999999}},{"type":"Feature","id":245,"geometry":{"type":"Point","coordinates":[-74.138583589660868,4.5545486511497089]},"properties":{"OBJECTID":245,"OBJECTID_1":827,"object_id":22479,"cenefa":"331A11","consec_par":"331","modulo_par":"A","zona_par":11,"nombre_par":"Br. Domingo Laín I","via_par":"DG 64A BIS Sur","direcc_par":"DG 64A Bis Sur - KR 17B","locali_par":19,"consola_pa":"DG 64A Bis Sur - KR 17B (331A11)","panel_par":"DG 64A Bis Sur - KR 17B","audio_par":"Diagonal 64 A Bis Sur Carrera 17 Be","longitud":-74.138583589999996,"latitud":4.5545486510000002,"coor_x":99322.241250000006,"coor_y":99539.437869999994}},{"type":"Feature","id":246,"geometry":{"type":"Point","coordinates":[-74.14810080011182,4.554560988049535]},"properties":{"OBJECTID":246,"OBJECTID_1":828,"object_id":22480,"cenefa":"466A11","consec_par":"466","modulo_par":"A","zona_par":11,"nombre_par":"Br. Juan Pablo II","via_par":"KR 18Q","direcc_par":"KR 18Q - DG 68A Sur","locali_par":19,"consola_pa":"KR 18Q - DG 68A Sur (466A11)","panel_par":"KR 18Q - DG 68A Sur","audio_par":"Carrera 18 Q Diagonal 68 A Sur","longitud":-74.148100799999995,"latitud":4.5545609880000004,"coor_x":99216.628429999997,"coor_y":99539.583929999993}},{"type":"Feature","id":247,"geometry":{"type":"Point","coordinates":[-74.148203230194895,4.5545886574908883]},"properties":{"OBJECTID":247,"OBJECTID_1":829,"object_id":22481,"cenefa":"462A11","consec_par":"462","modulo_par":"A","zona_par":11,"nombre_par":"Br. Juan Pablo II","via_par":"KR 18Q","direcc_par":"KR 18Q - DG 68A Sur","locali_par":19,"consola_pa":"KR 18Q - DG 68A Sur (462A11)","panel_par":"KR 18Q - DG 68A Sur","audio_par":"Carrera 18 Q Diagonal 68 A Sur","longitud":-74.148203229999993,"latitud":4.5545886580000001,"coor_x":99215.49179,"coor_y":99539.890020000006}},{"type":"Feature","id":248,"geometry":{"type":"Point","coordinates":[-74.147097000226324,4.5546399997865352]},"properties":{"OBJECTID":248,"OBJECTID_1":831,"object_id":22483,"cenefa":"293A11","consec_par":"293","modulo_par":"A","zona_par":11,"nombre_par":"Br. Juan Pablo II","via_par":"Cl 67C S","direcc_par":"CL 67C Sur - 18P-13","locali_par":19,"consola_pa":"CL 67C Sur - 18P-13 (293A11)","panel_par":"CL 67C Sur - 18P-13","audio_par":"Calle 67 C Sur 18 P","longitud":-74.147097000000002,"latitud":4.55464,"coor_x":99227.767720000003,"coor_y":99540.456579999998}},{"type":"Feature","id":249,"geometry":{"type":"Point","coordinates":[-74.137787870413831,4.5546991320096888]},"properties":{"OBJECTID":249,"OBJECTID_1":833,"object_id":22485,"cenefa":"007A11","consec_par":"007","modulo_par":"A","zona_par":11,"nombre_par":"Br. Lucero del Sur","via_par":"AV. Boyacá","direcc_par":"AV. Boyacá - CL 64ABis Sur","locali_par":19,"consola_pa":"AV. Boyacá - CL 64ABis Sur (007A11)","panel_par":"AV. Boyacá - CL 64ABis Sur","audio_par":"Avenida Boyacá Calle 64 A Bis Sur","longitud":-74.137787869999997,"latitud":4.5546991319999997,"coor_x":99331.071530000001,"coor_y":99541.101169999994}},{"type":"Feature","id":250,"geometry":{"type":"Point","coordinates":[-74.137294469963763,4.5547158531045113]},"properties":{"OBJECTID":250,"OBJECTID_1":835,"object_id":22487,"cenefa":"006B11","consec_par":"006","modulo_par":"B","zona_par":11,"nombre_par":"Br. México","via_par":"AV. Boyacá","direcc_par":"AV. Boyacá - CL 64 Sur","locali_par":19,"consola_pa":"AV. Boyacá - CL 64 Sur (006B11)","panel_par":"AV. Boyacá - CL 64 Sur","audio_par":"Avenida Boyacá Calle 64 Sur","longitud":-74.137294470000001,"latitud":4.5547158530000003,"coor_x":99336.546820000003,"coor_y":99541.285619999995}},{"type":"Feature","id":251,"geometry":{"type":"Point","coordinates":[-74.137426660412018,4.5550400056420868]},"properties":{"OBJECTID":251,"OBJECTID_1":843,"object_id":22495,"cenefa":"006A11","consec_par":"006","modulo_par":"A","zona_par":11,"nombre_par":"Br. México","via_par":"AV. Boyacá","direcc_par":"AV. Boyacá - CL 64 Sur","locali_par":19,"consola_pa":"AV. Boyacá - CL 64 Sur (006A11)","panel_par":"AV. Boyacá - CL 64 Sur","audio_par":"Avenida Boyacá Calle 64 Sur","longitud":-74.137426660000003,"latitud":4.5550400059999996,"coor_x":99335.080199999997,"coor_y":99544.870269999999}},{"type":"Feature","id":252,"geometry":{"type":"Point","coordinates":[-74.151618660172971,4.5551339065549081]},"properties":{"OBJECTID":252,"OBJECTID_1":846,"object_id":22498,"cenefa":"186A11","consec_par":"186","modulo_par":"A","zona_par":11,"nombre_par":"Br. Cañada Honda","via_par":"Cl 69D S","direcc_par":"DG 69A Sur - KR 18U","locali_par":19,"consola_pa":"DG 69A Sur - KR 18U (186A11)","panel_par":"DG 69A Sur - KR 18U","audio_par":"Diagonal 69 A Sur Carrera 18 U","longitud":-74.151618659999997,"latitud":4.5551339070000001,"coor_x":99177.591249999998,"coor_y":99545.923269999999}},{"type":"Feature","id":253,"geometry":{"type":"Point","coordinates":[-74.149826369791072,4.5551598834722]},"properties":{"OBJECTID":253,"OBJECTID_1":847,"object_id":22499,"cenefa":"290A11","consec_par":"290","modulo_par":"A","zona_par":11,"nombre_par":"Br. Juan Pablo II","via_par":"Dg  69B S","direcc_par":"DG 69B Sur - KR 18R","locali_par":19,"consola_pa":"DG 69B Sur - KR 18R (290A11)","panel_par":"DG 69B Sur - KR 18R","audio_par":"Diagonal 69 Be Sur Carrera 18 R","longitud":-74.14982637,"latitud":4.555159884,"coor_x":99197.480370000005,"coor_y":99546.208499999993}},{"type":"Feature","id":254,"geometry":{"type":"Point","coordinates":[-74.151408250290501,4.5553812030304446]},"properties":{"OBJECTID":254,"OBJECTID_1":851,"object_id":22503,"cenefa":"187A11","consec_par":"187","modulo_par":"A","zona_par":11,"nombre_par":"Br. Juan Pablo II","via_par":"Cl 69E S","direcc_par":"DG 69A Sur - KR 18U","locali_par":19,"consola_pa":"DG 69A Sur - KR 18U (187A11)","panel_par":"DG 69A Sur - KR 18U","audio_par":"Diagonal 69 A Sur Carrera 18 U","longitud":-74.151408250000003,"latitud":4.5553812029999996,"coor_x":99179.926449999999,"coor_y":99548.657659999997}},{"type":"Feature","id":255,"geometry":{"type":"Point","coordinates":[-74.138080519700168,4.5555488924177991]},"properties":{"OBJECTID":255,"OBJECTID_1":853,"object_id":22505,"cenefa":"007B11","consec_par":"007","modulo_par":"B","zona_par":11,"nombre_par":"Br. Lucero del Sur","via_par":"AV. Boyacá","direcc_par":"AV. Boyacá - CL 64ABis Sur","locali_par":19,"consola_pa":"AV. Boyacá - CL 64ABis Sur (007B11)","panel_par":"AV. Boyacá - CL 64ABis Sur","audio_par":"Avenida Boyacá Calle 64 A Bis Sur","longitud":-74.138080520000003,"latitud":4.5555488930000001,"coor_x":99327.824770000007,"coor_y":99550.498210000005}},{"type":"Feature","id":256,"geometry":{"type":"Point","coordinates":[-74.149604790328794,4.555655922533111]},"properties":{"OBJECTID":256,"OBJECTID_1":857,"object_id":22509,"cenefa":"291A11","consec_par":"291","modulo_par":"A","zona_par":11,"nombre_par":"Br. Juan Pablo II","via_par":"Dg 69B S","direcc_par":"DG 69B Sur - KR 18U","locali_par":19,"consola_pa":"DG 69B Sur - KR 18U (291A11)","panel_par":"DG 69B Sur - KR 18U","audio_par":"Diagonal 69 Be Sur Carrera 18 U","longitud":-74.149604789999998,"latitud":4.5556559229999998,"coor_x":99199.939799999993,"coor_y":99551.693530000004}},{"type":"Feature","id":257,"geometry":{"type":"Point","coordinates":[-74.150513100199362,4.556494132048873]},"properties":{"OBJECTID":257,"OBJECTID_1":868,"object_id":22520,"cenefa":"296A11","consec_par":"296","modulo_par":"A","zona_par":11,"nombre_par":"Desarrollo Marandú","via_par":"Cl 69B BIS S","direcc_par":"CL 69B BIS Sur - KR 18V","locali_par":19,"consola_pa":"CL 69B BIS Sur - KR 18V (296A11)","panel_par":"CL 69B BIS Sur - KR 18V","audio_par":"Calle 69 Be Bis Sur Carrera 18 Ve","longitud":-74.150513099999998,"latitud":4.5564941320000001,"coor_x":99189.861199999999,"coor_y":99560.963570000007}},{"type":"Feature","id":258,"geometry":{"type":"Point","coordinates":[-74.150625599991429,4.5565287262699918]},"properties":{"OBJECTID":258,"OBJECTID_1":870,"object_id":22522,"cenefa":"295A11","consec_par":"295","modulo_par":"A","zona_par":11,"nombre_par":"Desarrollo Marandú","via_par":"Cl 69B BIS S","direcc_par":"CL 69B BIS Sur - KR 18V","locali_par":19,"consola_pa":"CL 69B BIS Sur - KR 18V (295A11)","panel_par":"CL 69B BIS Sur - KR 18V","audio_par":"Calle 69 Be Bis Sur Carrera 18 Ve","longitud":-74.150625599999998,"latitud":4.5565287259999998,"coor_x":99188.612829999998,"coor_y":99561.346239999999}},{"type":"Feature","id":259,"geometry":{"type":"Point","coordinates":[-74.142159379551686,4.557032289059193]},"properties":{"OBJECTID":259,"OBJECTID_1":881,"object_id":22533,"cenefa":"502A11","consec_par":"502","modulo_par":"A","zona_par":11,"nombre_par":"Br. Gibraltar II","via_par":"KR 18P - Cl 6A-05 Sur","direcc_par":"KR 18P - CL 63A Sur","locali_par":19,"consola_pa":"KR 18P - CL 63A Sur (502A11)","panel_par":"KR 18P - CL 63A Sur","audio_par":"Carrera 18 P Calle 63 A Sur","longitud":-74.142159379999995,"latitud":4.5570322890000003,"coor_x":99282.563039999994,"coor_y":99566.905740000002}},{"type":"Feature","id":260,"geometry":{"type":"Point","coordinates":[-74.14193784955205,4.5570437734017011]},"properties":{"OBJECTID":260,"OBJECTID_1":882,"object_id":22534,"cenefa":"501A11","consec_par":"501","modulo_par":"A","zona_par":11,"nombre_par":"Br. Gibraltar II","via_par":"KR 18P - Cl 63-16 Sur","direcc_par":"KR 18P - CL 63 Sur","locali_par":19,"consola_pa":"KR 18P - CL 63 Sur (501A11)","panel_par":"KR 18P - CL 63 Sur","audio_par":"Carrera 18 P Calle 63 Sur","longitud":-74.141937850000005,"latitud":4.5570437740000003,"coor_x":99285.021370000002,"coor_y":99567.032519999993}},{"type":"Feature","id":261,"geometry":{"type":"Point","coordinates":[-74.146569779871413,4.5571180142352565]},"properties":{"OBJECTID":261,"OBJECTID_1":887,"object_id":22539,"cenefa":"413A11","consec_par":"413","modulo_par":"A","zona_par":11,"nombre_par":"CAI Compartir","via_par":"CL 66 Bis Sur","direcc_par":"CL 66 Bis Sur - TV 18T","locali_par":19,"consola_pa":"CL 66 Bis Sur - TV 18T (413A11)","panel_par":"CL 66 Bis Sur - TV 18T","audio_par":"Calle 66 Bis Sur Transversal 18 T","longitud":-74.146569779999993,"latitud":4.5571180140000003,"coor_x":99233.620920000001,"coor_y":99567.858229999998}},{"type":"Feature","id":262,"geometry":{"type":"Point","coordinates":[-74.14375457990991,4.5571275749279163]},"properties":{"OBJECTID":262,"OBJECTID_1":888,"object_id":22540,"cenefa":"500A11","consec_par":"500","modulo_par":"A","zona_par":11,"nombre_par":"Br. Acacias Sur","via_par":"KR 18Q - Cl 63F - 52 Sur","direcc_par":"KR 18Q Bis - CL 63F Sur","locali_par":19,"consola_pa":"KR 18Q Bis - CL 63F Sur (500A11)","panel_par":"KR 18Q Bis - CL 63F Sur","audio_par":"Carrera 18 Q Bis Calle 63 F Sur","longitud":-74.143754580000007,"latitud":4.557127575,"coor_x":99264.861199999999,"coor_y":99567.961030000006}},{"type":"Feature","id":263,"geometry":{"type":"Point","coordinates":[-74.143457729890258,4.5573880069012507]},"properties":{"OBJECTID":263,"OBJECTID_1":892,"object_id":22544,"cenefa":"503A11","consec_par":"503","modulo_par":"A","zona_par":11,"nombre_par":"Br. Acacias Sur","via_par":"KR 18Q - Cl 63A - 05 Sur","direcc_par":"KR 18Q Bis - CL 63F Sur","locali_par":19,"consola_pa":"KR 18Q Bis - CL 63F Sur (503A11)","panel_par":"KR 18Q Bis - CL 63F Sur","audio_par":"Carrera 18 Q Bis Calle 63 F Sur","longitud":-74.143457729999994,"latitud":4.5573880070000001,"coor_x":99268.155610000002,"coor_y":99570.840620000003}},{"type":"Feature","id":264,"geometry":{"type":"Point","coordinates":[-74.149885000192569,4.5574750001214248]},"properties":{"OBJECTID":264,"OBJECTID_1":894,"object_id":22546,"cenefa":"309A11","consec_par":"309","modulo_par":"A","zona_par":11,"nombre_par":"Compartir","via_par":"Dg 68 G Sur","direcc_par":"DG 68C Sur - KR 19","locali_par":19,"consola_pa":"DG 68C Sur - KR 19 (309A11)","panel_par":"DG 68C Sur - KR 19","audio_par":"Diagonal 68 C Sur Carrera 19","longitud":-74.149884999999998,"latitud":4.5574750000000002,"coor_x":99196.832320000001,"coor_y":99571.809439999997}},{"type":"Feature","id":265,"geometry":{"type":"Point","coordinates":[-74.149867850121154,4.557547880280711]},"properties":{"OBJECTID":265,"OBJECTID_1":898,"object_id":22550,"cenefa":"535A11","consec_par":"535","modulo_par":"A","zona_par":11,"nombre_par":"Br. Las Delicias del Sur","via_par":"Cl 68C Sur","direcc_par":"CL 68C Sur - KR 18X","locali_par":19,"consola_pa":"CL 68C Sur - KR 18X (535A11)","panel_par":"CL 68C Sur - KR 18X","audio_par":"Calle 68 C Sur Carrera 18 X","longitud":-74.149867850000007,"latitud":4.5575478800000004,"coor_x":99197.022719999994,"coor_y":99572.615340000004}},{"type":"Feature","id":266,"geometry":{"type":"Point","coordinates":[-74.151053140390104,4.5575845627276372]},"properties":{"OBJECTID":266,"OBJECTID_1":899,"object_id":22551,"cenefa":"188A11","consec_par":"188","modulo_par":"A","zona_par":11,"nombre_par":"Desarrollo Marandú","via_par":"Dg  69A S","direcc_par":"DG 69A Sur - TV 18Z","locali_par":19,"consola_pa":"DG 69A Sur - TV 18Z (188A11)","panel_par":"DG 69A Sur - TV 18Z","audio_par":"Diagonal 69 A Sur Transversal 18 Z","longitud":-74.151053140000002,"latitud":4.5575845629999998,"coor_x":99183.869600000005,"coor_y":99573.02231}},{"type":"Feature","id":267,"geometry":{"type":"Point","coordinates":[-74.146669340217841,4.5576356586089917]},"properties":{"OBJECTID":267,"OBJECTID_1":901,"object_id":22553,"cenefa":"300A11","consec_par":"300","modulo_par":"A","zona_par":11,"nombre_par":"Br. Las Delicias del Sur","via_par":"KR 18Z","direcc_par":"KR 18Z - CL 66A Sur","locali_par":19,"consola_pa":"KR 18Z - CL 66A Sur (300A11)","panel_par":"KR 18Z - CL 66A Sur","audio_par":"Carrera 18 Z Calle 66 A Sur","longitud":-74.146669340000003,"latitud":4.5576356589999998,"coor_x":99232.516650000005,"coor_y":99573.58253}},{"type":"Feature","id":268,"geometry":{"type":"Point","coordinates":[-74.150983370086408,4.5579527280861916]},"properties":{"OBJECTID":268,"OBJECTID_1":906,"object_id":22558,"cenefa":"189A11","consec_par":"189","modulo_par":"A","zona_par":11,"nombre_par":"Sauces Hortalizas","via_par":"Dg  69A S","direcc_par":"DG 69A Sur - TV 18Z","locali_par":19,"consola_pa":"DG 69A Sur - TV 18Z (189A11)","panel_par":"DG 69A Sur - TV 18Z","audio_par":"Diagonal 69 A Sur Transversal 18 Z","longitud":-74.150983370000006,"latitud":4.5579527280000001,"coor_x":99184.644249999998,"coor_y":99577.09345}},{"type":"Feature","id":269,"geometry":{"type":"Point","coordinates":[-74.145609169927184,4.5582897858951394]},"properties":{"OBJECTID":269,"OBJECTID_1":912,"object_id":22564,"cenefa":"306A11","consec_par":"306","modulo_par":"A","zona_par":11,"nombre_par":"Br. Las Delicias del Sur","via_par":"CL 65B Sur","direcc_par":"CL 65B Sur - KR 19","locali_par":19,"consola_pa":"CL 65B Sur - KR 19 (306A11)","panel_par":"CL 65B Sur - KR 19","audio_par":"Calle 65 Be Sur Carrera 19","longitud":-74.14560917,"latitud":4.5582897859999996,"coor_x":99244.282030000002,"coor_y":99580.814830000003}},{"type":"Feature","id":270,"geometry":{"type":"Point","coordinates":[-74.145736549901812,4.5583358626601838]},"properties":{"OBJECTID":270,"OBJECTID_1":914,"object_id":22566,"cenefa":"307A11","consec_par":"307","modulo_par":"A","zona_par":11,"nombre_par":"Br. Colmena III","via_par":"DG 64B Sur","direcc_par":"DG 64B Sur - KR 19","locali_par":19,"consola_pa":"DG 64B Sur - KR 19 (307A11)","panel_par":"DG 64B Sur - KR 19","audio_par":"Diagonal 64 Be Sur Carrera 19","longitud":-74.145736549999995,"latitud":4.5583358629999999,"coor_x":99242.868549999999,"coor_y":99581.324489999999}},{"type":"Feature","id":271,"geometry":{"type":"Point","coordinates":[-74.138299250110265,4.5583594141059187]},"properties":{"OBJECTID":271,"OBJECTID_1":915,"object_id":22567,"cenefa":"336A11","consec_par":"336","modulo_par":"A","zona_par":11,"nombre_par":"Br. Meissen","via_par":"KR 18 Bis","direcc_par":"KR 18 Bis - CL 60G Sur","locali_par":19,"consola_pa":"KR 18 Bis - CL 60G Sur (336A11)","panel_par":"KR 18 Bis - CL 60G Sur","audio_par":"Carrera 18 Bis Calle 60 G Sur","longitud":-74.138299250000003,"latitud":4.5583594139999999,"coor_x":99325.400139999998,"coor_y":99581.577539999998}},{"type":"Feature","id":272,"geometry":{"type":"Point","coordinates":[-74.136694989981777,4.5585955724779037]},"properties":{"OBJECTID":272,"OBJECTID_1":919,"object_id":22571,"cenefa":"339A11","consec_par":"339","modulo_par":"A","zona_par":11,"nombre_par":"Br. Meissen","via_par":"AC  60G S","direcc_par":"AC 60G Sur - KR 17 BIS A","locali_par":19,"consola_pa":"AC 60G Sur - KR 17 BIS A (339A11)","panel_par":"AC 60G Sur - KR 17 BIS A","audio_par":"Avenida Calle 60 G Sur Carrera 17 Bis A","longitud":-74.136694989999995,"latitud":4.5585955729999998,"coor_x":99343.202789999996,"coor_y":99584.187529999996}},{"type":"Feature","id":273,"geometry":{"type":"Point","coordinates":[-74.145019810016208,4.5586634029439335]},"properties":{"OBJECTID":273,"OBJECTID_1":921,"object_id":22573,"cenefa":"465A11","consec_par":"465","modulo_par":"A","zona_par":11,"nombre_par":"Desarrollo San Luis","via_par":"Tv 18R","direcc_par":"TV 18R CL 65 Sur","locali_par":19,"consola_pa":"TV 18R CL 65 Sur (465A11)","panel_par":"TV 18R CL 65 Sur","audio_par":"Transversal 18 R Calle 65 Sur","longitud":-74.145019809999994,"latitud":4.5586634029999997,"coor_x":99250.822539999994,"coor_y":99584.945730000007}},{"type":"Feature","id":274,"geometry":{"type":"Point","coordinates":[-74.136419409827852,4.5586692008731262]},"properties":{"OBJECTID":274,"OBJECTID_1":922,"object_id":22574,"cenefa":"337A11","consec_par":"337","modulo_par":"A","zona_par":11,"nombre_par":"Br. Meissen","via_par":"AC  60G S","direcc_par":"AC 60G Sur - KR 17","locali_par":19,"consola_pa":"AC 60G Sur - KR 17 (337A11)","panel_par":"AC 60G Sur - KR 17","audio_par":"Avenida Calle 60 G Sur Carrera 17","longitud":-74.136419410000002,"latitud":4.5586692009999998,"coor_x":99346.26096,"coor_y":99585.001470000003}},{"type":"Feature","id":275,"geometry":{"type":"Point","coordinates":[-74.138672369833955,4.5586835342679297]},"properties":{"OBJECTID":275,"OBJECTID_1":923,"object_id":22575,"cenefa":"005B11","consec_par":"005","modulo_par":"B","zona_par":11,"nombre_par":"Hsp. de Meissen","via_par":"AV. Boyacá","direcc_par":"AV. Boyacá - KR 18 Bis","locali_par":19,"consola_pa":"AV. Boyacá - KR 18 Bis (005B11)","panel_par":"AV. Boyacá - KR 18 Bis","audio_par":"Avenida Boyacá Carrera 18 Bis","longitud":-74.138672369999995,"latitud":4.558683534,"coor_x":99321.259940000004,"coor_y":99585.162049999999}},{"type":"Feature","id":276,"geometry":{"type":"Point","coordinates":[-74.148715520005226,4.5586985376576354]},"properties":{"OBJECTID":276,"OBJECTID_1":924,"object_id":22576,"cenefa":"534A11","consec_par":"534","modulo_par":"A","zona_par":11,"nombre_par":"Br. Las Delicias del Sur","via_par":"KR 19 Bis","direcc_par":"KR 19 Bis - CL 67D Sur","locali_par":19,"consola_pa":"KR 19 Bis - CL 67D Sur (534A11)","panel_par":"KR 19 Bis - CL 67D Sur","audio_par":"Carrera 19 Bis Calle 67 D Sur","longitud":-74.148715519999996,"latitud":4.5586985379999998,"coor_x":99209.811369999996,"coor_y":99585.338199999998}},{"type":"Feature","id":277,"geometry":{"type":"Point","coordinates":[-74.139153980172011,4.5587247780762947]},"properties":{"OBJECTID":277,"OBJECTID_1":925,"object_id":22577,"cenefa":"004A11","consec_par":"004","modulo_par":"A","zona_par":11,"nombre_par":"Br. Lucero Alto","via_par":"AV. Boyacá","direcc_par":"AV. Boyacá - KR 18Q","locali_par":19,"consola_pa":"AV. Boyacá - KR 18Q (004A11)","panel_par":"AV. Boyacá - KR 18Q","audio_par":"Avenida Boyacá Carrera 18 Q","longitud":-74.139153980000003,"latitud":4.5587247780000002,"coor_x":99315.915559999994,"coor_y":99585.618589999998}},{"type":"Feature","id":278,"geometry":{"type":"Point","coordinates":[-74.138747519882088,4.5589017367759705]},"properties":{"OBJECTID":278,"OBJECTID_1":927,"object_id":22579,"cenefa":"005A11","consec_par":"005","modulo_par":"A","zona_par":11,"nombre_par":"Hsp. de Meissen","via_par":"AV. Boyacá","direcc_par":"AV. Boyacá - KR 18B","locali_par":19,"consola_pa":"AV. Boyacá - KR 18B (005A11)","panel_par":"AV. Boyacá - KR 18B","audio_par":"Avenida Boyacá Carrera 18 Be","longitud":-74.138747519999995,"latitud":4.5589017370000002,"coor_x":99320.426200000002,"coor_y":99587.575039999996}},{"type":"Feature","id":279,"geometry":{"type":"Point","coordinates":[-74.139226159759403,4.5589139972333959]},"properties":{"OBJECTID":279,"OBJECTID_1":928,"object_id":22580,"cenefa":"004B11","consec_par":"004","modulo_par":"B","zona_par":11,"nombre_par":"Br. Lucero Alto","via_par":"AV. Boyacá","direcc_par":"AV. Boyacá - KR 18Q","locali_par":19,"consola_pa":"AV. Boyacá - KR 18Q (004B11)","panel_par":"AV. Boyacá - KR 18Q","audio_par":"Avenida Boyacá Carrera 18 Q","longitud":-74.139226160000007,"latitud":4.5589139970000003,"coor_x":99315.114759999997,"coor_y":99587.711060000001}},{"type":"Feature","id":280,"geometry":{"type":"Point","coordinates":[-74.144880899833595,4.5590462326477459]},"properties":{"OBJECTID":280,"OBJECTID_1":935,"object_id":22587,"cenefa":"464A11","consec_par":"464","modulo_par":"A","zona_par":11,"nombre_par":"Desarrollo San Luis","via_par":"Tv 18R","direcc_par":"TV 18R CL 65 Sur","locali_par":19,"consola_pa":"TV 18R CL 65 Sur (464A11)","panel_par":"TV 18R CL 65 Sur","audio_par":"Transversal 18 R Calle 65 Sur","longitud":-74.144880900000004,"latitud":4.5590462330000001,"coor_x":99252.364409999995,"coor_y":99589.178969999994}},{"type":"Feature","id":281,"geometry":{"type":"Point","coordinates":[-74.14957100010156,4.5590780002996834]},"properties":{"OBJECTID":281,"OBJECTID_1":937,"object_id":22589,"cenefa":"298A11","consec_par":"298","modulo_par":"A","zona_par":11,"nombre_par":"Br. Millán","via_par":"Dg  68 S","direcc_par":"DG 68 Sur - KR 19C","locali_par":19,"consola_pa":"DG 68 Sur - KR 19C (298A11)","panel_par":"DG 68 Sur - KR 19C","audio_par":"Diagonal 68 Sur Carrera 19 C","longitud":-74.149570999999995,"latitud":4.5590780000000004,"coor_x":99200.318549999996,"coor_y":99589.53529}},{"type":"Feature","id":282,"geometry":{"type":"Point","coordinates":[-74.149468999894395,4.5591550002532699]},"properties":{"OBJECTID":282,"OBJECTID_1":939,"object_id":22591,"cenefa":"297A11","consec_par":"297","modulo_par":"A","zona_par":11,"nombre_par":"Br. Millán","via_par":"Dg  68 S","direcc_par":"DG 68 Sur - KR 19C","locali_par":19,"consola_pa":"DG 68 Sur - KR 19C (297A11)","panel_par":"DG 68 Sur - KR 19C","audio_par":"Diagonal 68 Sur Carrera 19 C","longitud":-74.149468999999996,"latitud":4.5591549999999996,"coor_x":99201.450530000002,"coor_y":99590.38665}},{"type":"Feature","id":283,"geometry":{"type":"Point","coordinates":[-74.138878999865938,4.5593919994913623]},"properties":{"OBJECTID":283,"OBJECTID_1":944,"object_id":22596,"cenefa":"002C11","consec_par":"002","modulo_par":"C","zona_par":11,"nombre_par":"Br. Meissen","via_par":"AV. Boyacá","direcc_par":"AV Boyacá - KR 18C","locali_par":19,"consola_pa":"AV Boyacá - KR 18C (002C11)","panel_par":"AV Boyacá - KR 18C","audio_par":"Avenida Boyacá Carrera 18 C","longitud":-74.138879000000003,"latitud":4.5593919999999999,"coor_x":99318.967640000003,"coor_y":99592.99656}},{"type":"Feature","id":284,"geometry":{"type":"Point","coordinates":[-74.138050039877385,4.5597174524486794]},"properties":{"OBJECTID":284,"OBJECTID_1":950,"object_id":22602,"cenefa":"342A11","consec_par":"342","modulo_par":"A","zona_par":11,"nombre_par":"Br. Meissen","via_par":"AC  60G S","direcc_par":"AC 60G Sur - KR 18C","locali_par":19,"consola_pa":"AC 60G Sur - KR 18C (342A11)","panel_par":"AC 60G Sur - KR 18C","audio_par":"Avenida Calle 60 G Sur Carrera 18 C","longitud":-74.138050039999996,"latitud":4.5597174530000002,"coor_x":99328.166880000004,"coor_y":99596.594679999995}},{"type":"Feature","id":285,"geometry":{"type":"Point","coordinates":[-74.138656520182224,4.5602523925840295]},"properties":{"OBJECTID":285,"OBJECTID_1":955,"object_id":22607,"cenefa":"341A11","consec_par":"341","modulo_par":"A","zona_par":11,"nombre_par":"Br. Meissen","via_par":"AC  60G S","direcc_par":"AC 60G Sur - 18C-04 Sur","locali_par":19,"consola_pa":"AC 60G Sur - 18C-04 Sur  (341A11)","panel_par":"AC 60G Sur - 18C-04 Sur","audio_par":"Calle 60 G Sur Carrera 18 C","longitud":-74.138656519999998,"latitud":4.5602523929999998,"coor_x":99321.437290000002,"coor_y":99602.510689999996}},{"type":"Feature","id":286,"geometry":{"type":"Point","coordinates":[-74.148027619578954,4.5603388138353775]},"properties":{"OBJECTID":286,"OBJECTID_1":958,"object_id":22610,"cenefa":"314A11","consec_par":"314","modulo_par":"A","zona_par":11,"nombre_par":"Br. Millán","via_par":"KR 19D","direcc_par":"KR 19D - CL 66 Sur","locali_par":19,"consola_pa":"KR 19D - CL 66 Sur (314A11)","panel_par":"KR 19D - CL 66 Sur","audio_par":"Carrera 19 D Calle 66 Sur","longitud":-74.148027619999993,"latitud":4.5603388139999996,"coor_x":99217.446760000006,"coor_y":99603.475850000003}},{"type":"Feature","id":287,"geometry":{"type":"Point","coordinates":[-74.144885749877403,4.5606044852589323]},"properties":{"OBJECTID":287,"OBJECTID_1":961,"object_id":22613,"cenefa":"315A11","consec_par":"315","modulo_par":"A","zona_par":11,"nombre_par":"Br. Millán","via_par":"Dg 64 Bis S","direcc_par":"DG 64 Bis Sur - TV 19C","locali_par":19,"consola_pa":"DG 64 Bis Sur - TV 19C (315A11)","panel_par":"DG 64 Bis Sur - TV 19C","audio_par":"Diagonal 64 Bis Sur Transversal 19 C","longitud":-74.14488575,"latitud":4.5606044849999998,"coor_x":99252.3122,"coor_y":99606.410340000002}},{"type":"Feature","id":288,"geometry":{"type":"Point","coordinates":[-74.14721600031811,4.5607959994859533]},"properties":{"OBJECTID":288,"OBJECTID_1":964,"object_id":22616,"cenefa":"601A11","consec_par":"601","modulo_par":"A","zona_par":11,"nombre_par":"San Francisco II Sector","via_par":"CL 66 Sur","direcc_par":"CL 66 Sur - KR 19D","locali_par":19,"consola_pa":"CL 66 Sur - KR 19D (601A11)","panel_par":"CL 66 Sur - KR 19D","audio_par":"Calle 66 Sur Carrera 19 D","longitud":-74.147216,"latitud":4.5607959999999999,"coor_x":99226.453750000001,"coor_y":99608.530599999998}},{"type":"Feature","id":289,"geometry":{"type":"Point","coordinates":[-74.131582960185426,4.560808263540709]},"properties":{"OBJECTID":289,"OBJECTID_1":965,"object_id":22617,"cenefa":"353A11","consec_par":"353","modulo_par":"A","zona_par":11,"nombre_par":"Br. Tunjuelito","via_par":"KR  16B","direcc_par":"AK 16B - CL 59-34 Sur","locali_par":6,"consola_pa":"AK 16B - CL 59-34 Sur (353A11)","panel_par":"AK 16B - CL 59-34 Sur","audio_par":"Avenida Carrera 16 Be Calle 59 Sur","longitud":-74.131582960000003,"latitud":4.5608082640000003,"coor_x":99399.932690000001,"coor_y":99608.651310000001}},{"type":"Feature","id":290,"geometry":{"type":"Point","coordinates":[-74.131687689834962,4.5608779915762101]},"properties":{"OBJECTID":290,"OBJECTID_1":967,"object_id":22619,"cenefa":"354A11","consec_par":"354","modulo_par":"A","zona_par":11,"nombre_par":"San Benito","via_par":"KR 16B","direcc_par":"KR 16B - CL 58 Sur","locali_par":6,"consola_pa":"KR 16B - CL 58 Sur (354A11)","panel_par":"KR 16B - CL 58 Sur","audio_par":"Carrera 16 Be Calle 58 Sur","longitud":-74.131687690000007,"latitud":4.560877992,"coor_x":99398.770560000004,"coor_y":99609.422460000002}},{"type":"Feature","id":291,"geometry":{"type":"Point","coordinates":[-74.146185710002499,4.5610768460697324]},"properties":{"OBJECTID":291,"OBJECTID_1":974,"object_id":22626,"cenefa":"531A11","consec_par":"531","modulo_par":"A","zona_par":11,"nombre_par":"Br. San Francisco II Sector","via_par":"CL 65 Sur","direcc_par":"CL 65 Sur - KR 19D","locali_par":19,"consola_pa":"CL 65 Sur - KR 19D (531A11)","panel_par":"CL 65 Sur - KR 19D","audio_par":"Calle 65 Sur Carrera 19 D","longitud":-74.146185709999997,"latitud":4.5610768459999997,"coor_x":99237.887119999999,"coor_y":99611.635129999995}},{"type":"Feature","id":292,"geometry":{"type":"Point","coordinates":[-74.145318949709747,4.5611233536100064]},"properties":{"OBJECTID":292,"OBJECTID_1":975,"object_id":22627,"cenefa":"423A11","consec_par":"423","modulo_par":"A","zona_par":11,"nombre_par":"Br. Las Acacias","via_par":"KR 19D","direcc_par":"KR 19D - CL 64 Sur","locali_par":19,"consola_pa":"KR 19D - CL 64 Sur (423A11)","panel_par":"KR 19D - CL 64 Sur","audio_par":"Carrera 19 D Calle 64 Sur","longitud":-74.145318950000004,"latitud":4.5611233540000002,"coor_x":99247.505550000002,"coor_y":99612.148509999999}},{"type":"Feature","id":293,"geometry":{"type":"Point","coordinates":[-74.147192490241196,4.5616135812519278]},"properties":{"OBJECTID":293,"OBJECTID_1":985,"object_id":22637,"cenefa":"317A11","consec_par":"317","modulo_par":"A","zona_par":11,"nombre_par":"San Francisco II Sector","via_par":"KR 19 G","direcc_par":"KR 19G - CL 65 Sur","locali_par":19,"consola_pa":"KR 19G - CL 65 Sur (317A11)","panel_par":"KR 19G - CL 65 Sur","audio_par":"Carrera 19 G Calle 65 Sur","longitud":-74.147192489999995,"latitud":4.5616135809999996,"coor_x":99226.715509999995,"coor_y":99617.571490000002}},{"type":"Feature","id":294,"geometry":{"type":"Point","coordinates":[-74.13876111043686,4.5616843372125491]},"properties":{"OBJECTID":294,"OBJECTID_1":986,"object_id":22638,"cenefa":"002B11","consec_par":"002","modulo_par":"B","zona_par":11,"nombre_par":"Br. San Benito","via_par":"AV. Boyacá","direcc_par":"AV. Boyacá - CL 60B Bis Sur","locali_par":19,"consola_pa":"AV. Boyacá - CL 60B Bis Sur (002B11)","panel_par":"AV. Boyacá - CL 60B Bis Sur","audio_par":"Avenida Boyacá Calle 60 Be Bis Sur","longitud":-74.138761110000004,"latitud":4.561684337,"coor_x":99320.278009999995,"coor_y":99618.345419999998}},{"type":"Feature","id":295,"geometry":{"type":"Point","coordinates":[-74.143400999756295,4.5617319994823085]},"properties":{"OBJECTID":295,"OBJECTID_1":987,"object_id":22639,"cenefa":"321B11","consec_par":"321","modulo_par":"B","zona_par":11,"nombre_par":"Urbanización La Palmera","via_par":"KR 19D","direcc_par":"KR 19D - DG 62A Sur","locali_par":19,"consola_pa":"KR 19D - DG 62A Sur (321B11)","panel_par":"KR 19D - DG 62A Sur","audio_par":"Carrera 19 D Diagonal 62 A Sur","longitud":-74.143400999999997,"latitud":4.5617320000000001,"coor_x":99268.789529999995,"coor_y":99618.877030000003}},{"type":"Feature","id":296,"geometry":{"type":"Point","coordinates":[-74.14296955989721,4.5618446971252222]},"properties":{"OBJECTID":296,"OBJECTID_1":991,"object_id":22643,"cenefa":"321A11","consec_par":"321","modulo_par":"A","zona_par":11,"nombre_par":"Urbanización La Palmera","via_par":"KR 19D","direcc_par":"KR 19D - CL 62 Sur","locali_par":19,"consola_pa":"KR 19D - CL 62 Sur (321A11)","panel_par":"KR 19D - CL 62 Sur","audio_par":"Carrera 19 D Calle 62 Sur","longitud":-74.142969559999997,"latitud":4.5618446969999997,"coor_x":99273.577309999993,"coor_y":99620.122810000001}},{"type":"Feature","id":297,"geometry":{"type":"Point","coordinates":[-74.140355999629662,4.5618729996893066]},"properties":{"OBJECTID":297,"OBJECTID_1":993,"object_id":22645,"cenefa":"085A11","consec_par":"085","modulo_par":"A","zona_par":11,"nombre_par":"Br. Lucero Alto","via_par":"Av. Tunjuelito","direcc_par":"DG 62 Sur - KR 19","locali_par":19,"consola_pa":"DG 62 Sur - KR 19 (085A11)","panel_par":"DG 62 Sur - KR 19","audio_par":"Diagonal 62 Sur Carrera 19","longitud":-74.140355999999997,"latitud":4.5618730000000003,"coor_x":99302.579809999996,"coor_y":99620.433210000003}},{"type":"Feature","id":298,"geometry":{"type":"Point","coordinates":[-74.146145000391414,4.5619139997814075]},"properties":{"OBJECTID":298,"OBJECTID_1":995,"object_id":22647,"cenefa":"317B11","consec_par":"317","modulo_par":"B","zona_par":11,"nombre_par":"San Francisco II Sector","via_par":"KR 19 G","direcc_par":"KR 19G - CL 64 Sur","locali_par":19,"consola_pa":"KR 19G - CL 64 Sur (317B11)","panel_par":"KR 19G - CL 64 Sur","audio_par":"Carrera 19 G Calle 64 Sur","longitud":-74.146145000000004,"latitud":4.5619139999999998,"coor_x":99238.339749999999,"coor_y":99620.892449999999}},{"type":"Feature","id":299,"geometry":{"type":"Point","coordinates":[-74.139172140182097,4.5620560845707931]},"properties":{"OBJECTID":299,"OBJECTID_1":1000,"object_id":22652,"cenefa":"003A11","consec_par":"003","modulo_par":"A","zona_par":11,"nombre_par":"Br. San Benito","via_par":"AV. Boyacá","direcc_par":"AV. Boyacá - CL 60A Sur","locali_par":19,"consola_pa":"AV. Boyacá - CL 60A Sur (003A11)","panel_par":"AV. Boyacá - CL 60A Sur","audio_par":"Avenida Boyacá Calle 60 A Sur","longitud":-74.139172139999999,"latitud":4.562056085,"coor_x":99315.717189999996,"coor_y":99622.456649999993}},{"type":"Feature","id":300,"geometry":{"type":"Point","coordinates":[-74.140523000136284,4.562070999826882]},"properties":{"OBJECTID":300,"OBJECTID_1":1001,"object_id":22653,"cenefa":"086A11","consec_par":"086","modulo_par":"A","zona_par":11,"nombre_par":"Br. Lucero Alto","via_par":"Av. Tunjuelito","direcc_par":"DG 62 Sur - KR 19A","locali_par":19,"consola_pa":"DG 62 Sur - KR 19A (086A11)","panel_par":"DG 62 Sur - KR 19A","audio_par":"Diagonal 62 Sur Carrera 19 A","longitud":-74.140523000000002,"latitud":4.5620710000000004,"coor_x":99300.726819999996,"coor_y":99622.622879999995}},{"type":"Feature","id":301,"geometry":{"type":"Point","coordinates":[-74.139142469749117,4.5623129480342257]},"properties":{"OBJECTID":301,"OBJECTID_1":1006,"object_id":22658,"cenefa":"003B11","consec_par":"003","modulo_par":"B","zona_par":11,"nombre_par":"Br. San Benito","via_par":"AV. Boyacá","direcc_par":"AV. Boyacá - CL 60 Sur","locali_par":19,"consola_pa":"AV. Boyacá - CL 60 Sur (003B11)","panel_par":"AV. Boyacá - CL 60 Sur","audio_par":"Avenida Boyacá Calle 60 Sur","longitud":-74.139142469999996,"latitud":4.5623129479999998,"coor_x":99316.046679999999,"coor_y":99625.297049999994}},{"type":"Feature","id":302,"geometry":{"type":"Point","coordinates":[-74.141352999741116,4.5623589996182625]},"properties":{"OBJECTID":302,"OBJECTID_1":1007,"object_id":22659,"cenefa":"602A11","consec_par":"602","modulo_par":"A","zona_par":11,"nombre_par":"Br. Acacias Sur","via_par":"KR 19D","direcc_par":"KR 19D - DG 62 Sur","locali_par":19,"consola_pa":"KR 19D - DG 62 Sur (602A11)","panel_par":"KR 19D - DG 62 Sur","audio_par":"Carrera 19 D Diagonal 62 Sur","longitud":-74.141352999999995,"latitud":4.5623589999999998,"coor_x":99291.516659999994,"coor_y":99625.808430000005}},{"type":"Feature","id":303,"geometry":{"type":"Point","coordinates":[-74.144040309812397,4.5625630270121773]},"properties":{"OBJECTID":303,"OBJECTID_1":1011,"object_id":22663,"cenefa":"322A11","consec_par":"322","modulo_par":"A","zona_par":11,"nombre_par":"Br. Las Acacías","via_par":"KR  19G","direcc_par":"KR 19G - CL 62 Sur","locali_par":19,"consola_pa":"KR 19G - CL 62 Sur (322A11)","panel_par":"KR 19G - CL 62 Sur","audio_par":"Carrera 19 G Calle 62 Sur","longitud":-74.144040309999994,"latitud":4.5625630270000004,"coor_x":99261.69601,"coor_y":99628.067290000006}},{"type":"Feature","id":304,"geometry":{"type":"Point","coordinates":[-74.143829999754644,4.5626220000553444]},"properties":{"OBJECTID":304,"OBJECTID_1":1013,"object_id":22665,"cenefa":"322B11","consec_par":"322","modulo_par":"B","zona_par":11,"nombre_par":"Br. Las Acacías","via_par":"KR  19G","direcc_par":"KR 19G - CL 62 Sur","locali_par":19,"consola_pa":"KR 19G - CL 62 Sur (322B11)","panel_par":"KR 19G - CL 62 Sur","audio_par":"Carrera 19 G Calle 62 Sur","longitud":-74.143829999999994,"latitud":4.5626220000000002,"coor_x":99264.029859999995,"coor_y":99628.719209999996}},{"type":"Feature","id":305,"geometry":{"type":"Point","coordinates":[-74.15223057957752,4.5626248482082579]},"properties":{"OBJECTID":305,"OBJECTID_1":1014,"object_id":22666,"cenefa":"194A11","consec_par":"194","modulo_par":"A","zona_par":11,"nombre_par":"Br. Juan José Rondón","via_par":"KR 20D Bis","direcc_par":"KR 20D Bis - CL 68B Sur","locali_par":19,"consola_pa":"KR 20D Bis - CL 68B Sur (194A11)","panel_par":"KR 20D Bis - CL 68B Sur","audio_par":"Carrera 20 D Bis Calle 68 Be Sur","longitud":-74.152230579999994,"latitud":4.5626248479999996,"coor_x":99170.809340000007,"coor_y":99628.759829999995}},{"type":"Feature","id":306,"geometry":{"type":"Point","coordinates":[-74.164416149585577,4.5626361679748602]},"properties":{"OBJECTID":306,"OBJECTID_1":1016,"object_id":22668,"cenefa":"169A11","consec_par":"169","modulo_par":"A","zona_par":11,"nombre_par":"Parque Ecológico Arborizadora Alta","via_par":"Dg  72F S","direcc_par":"DG 72F Sur - KR 33","locali_par":19,"consola_pa":"DG 72F Sur - KR 33 (169A11)","panel_par":"DG 72F Sur - KR 33","audio_par":"Diagonal 72 F Sur Carrera 33","longitud":-74.164416149999994,"latitud":4.562636168,"coor_x":99035.587079999998,"coor_y":99628.900179999997}},{"type":"Feature","id":307,"geometry":{"type":"Point","coordinates":[-74.152082689664383,4.5627456361522709]},"properties":{"OBJECTID":307,"OBJECTID_1":1019,"object_id":22671,"cenefa":"195A11","consec_par":"195","modulo_par":"A","zona_par":11,"nombre_par":"Br. Juan José Rondón","via_par":"KR 20D Bis","direcc_par":"KR 20D Bis - CL 68G Sur","locali_par":19,"consola_pa":"KR 20D Bis - CL 68G Sur (195A11)","panel_par":"KR 20D Bis - CL 68G Sur","audio_par":"Carrera 20 D Bis Calle 68 G Sur","longitud":-74.15208269,"latitud":4.5627456359999998,"coor_x":99172.450599999996,"coor_y":99630.095350000003}},{"type":"Feature","id":308,"geometry":{"type":"Point","coordinates":[-74.14559764961183,4.5627684366640935]},"properties":{"OBJECTID":308,"OBJECTID_1":1020,"object_id":22672,"cenefa":"318A11","consec_par":"318","modulo_par":"A","zona_par":11,"nombre_par":"Br. Las Acacias","via_par":"Cl 64 S","direcc_par":"CL 64 Sur - KR 20","locali_par":19,"consola_pa":"CL 64 Sur - KR 20 (318A11)","panel_par":"CL 64 Sur - KR 20","audio_par":"Calle 64 Sur Carrera 20","longitud":-74.145597649999999,"latitud":4.5627684369999999,"coor_x":99244.414550000001,"coor_y":99630.340360000002}},{"type":"Feature","id":309,"geometry":{"type":"Point","coordinates":[-74.149731430161353,4.5627798661479844]},"properties":{"OBJECTID":309,"OBJECTID_1":1021,"object_id":22673,"cenefa":"310A11","consec_par":"310","modulo_par":"A","zona_par":11,"nombre_par":"IED San Francisco","via_par":"KR 20C","direcc_par":"KR 20C - CL 67 Sur","locali_par":19,"consola_pa":"KR 20C - CL 67 Sur (310A11)","panel_par":"KR 20C - CL 67 Sur","audio_par":"Carrera 20 C Calle 67 Sur","longitud":-74.149731430000003,"latitud":4.5627798659999996,"coor_x":99198.542369999996,"coor_y":99630.471210000003}},{"type":"Feature","id":310,"geometry":{"type":"Point","coordinates":[-74.13858469043106,4.562783915795193]},"properties":{"OBJECTID":310,"OBJECTID_1":1023,"object_id":22675,"cenefa":"002A11","consec_par":"002","modulo_par":"A","zona_par":11,"nombre_par":"Br. San Benito","via_par":"AV. Boyacá","direcc_par":"AV. Boyacá - CL 60 Sur","locali_par":19,"consola_pa":"AV. Boyacá - CL 60 Sur (002A11)","panel_par":"AV. Boyacá - CL 60 Sur","audio_par":"Avenida Boyacá Calle 60 Sur","longitud":-74.138584690000002,"latitud":4.5627839159999999,"coor_x":99322.23676,"coor_y":99630.504549999998}},{"type":"Feature","id":311,"geometry":{"type":"Point","coordinates":[-74.14944588012321,4.5627896858454182]},"properties":{"OBJECTID":311,"OBJECTID_1":1024,"object_id":22676,"cenefa":"415A11","consec_par":"415","modulo_par":"A","zona_par":11,"nombre_par":"Br. San Francisco","via_par":"KR 20C","direcc_par":"KR 20C - CL 67 Sur","locali_par":19,"consola_pa":"KR 20C - CL 67 Sur (415A11)","panel_par":"KR 20C - CL 67 Sur","audio_par":"Carrera 20 C Calle 67 Sur","longitud":-74.149445880000002,"latitud":4.5627896860000003,"coor_x":99201.7111,"coor_y":99630.57948}},{"type":"Feature","id":312,"geometry":{"type":"Point","coordinates":[-74.145622559933145,4.5631229422200885]},"properties":{"OBJECTID":312,"OBJECTID_1":1028,"object_id":22680,"cenefa":"320A11","consec_par":"320","modulo_par":"A","zona_par":11,"nombre_par":"Br. San Francisco I Sector","via_par":"Cl 64 S","direcc_par":"CL 64 Sur - KR 20A","locali_par":19,"consola_pa":"CL 64 Sur - KR 20A (320A11)","panel_par":"CL 64 Sur - KR 20A","audio_par":"Calle 64 Sur Carrera 20 A","longitud":-74.145622560000007,"latitud":4.5631229419999997,"coor_x":99244.138500000001,"coor_y":99634.260550000006}},{"type":"Feature","id":313,"geometry":{"type":"Point","coordinates":[-74.146651139738253,4.5636068404333781]},"properties":{"OBJECTID":313,"OBJECTID_1":1037,"object_id":22689,"cenefa":"416A11","consec_par":"416","modulo_par":"A","zona_par":11,"nombre_par":"Br. Las Acacias","via_par":"KR 20C","direcc_par":"KR 20C - CL 64 Sur","locali_par":19,"consola_pa":"KR 20C - CL 64 Sur (416A11)","panel_par":"KR 20C - CL 64 Sur","audio_par":"Carrera 20 C Calle 64 Sur","longitud":-74.146651140000003,"latitud":4.5636068410000004,"coor_x":99232.724950000003,"coor_y":99639.612659999999}},{"type":"Feature","id":314,"geometry":{"type":"Point","coordinates":[-74.146372539660945,4.5637680861783174]},"properties":{"OBJECTID":314,"OBJECTID_1":1041,"object_id":22693,"cenefa":"319A11","consec_par":"319","modulo_par":"A","zona_par":11,"nombre_par":"Colegio Confraternidad de San Fernando","via_par":"KR 20C","direcc_par":"KR 20C - CL 64 Sur","locali_par":19,"consola_pa":"KR 20C - CL 64 Sur (319A11)","panel_par":"KR 20C - CL 64 Sur","audio_par":"Carrera 20 C Calle 64 Sur","longitud":-74.146372540000002,"latitud":4.5637680859999996,"coor_x":99235.816720000003,"coor_y":99641.395430000004}},{"type":"Feature","id":315,"geometry":{"type":"Point","coordinates":[-74.142457860042157,4.5637766072546997]},"properties":{"OBJECTID":315,"OBJECTID_1":1042,"object_id":22694,"cenefa":"087A11","consec_par":"087","modulo_par":"A","zona_par":11,"nombre_par":"Br.  San Francisco I Sector","via_par":"Av. Tunjuelito","direcc_par":"DG 62 Sur - KR 20","locali_par":19,"consola_pa":"DG 62 Sur - KR 20 (087A11)","panel_par":"DG 62 Sur - KR 20","audio_par":"Diagonal 62 Sur Carrera 20","longitud":-74.142457859999993,"latitud":4.5637766070000003,"coor_x":99279.257530000003,"coor_y":99641.485620000007}},{"type":"Feature","id":316,"geometry":{"type":"Point","coordinates":[-74.142400090291915,4.5638531035879373]},"properties":{"OBJECTID":316,"OBJECTID_1":1043,"object_id":22695,"cenefa":"088A11","consec_par":"088","modulo_par":"A","zona_par":11,"nombre_par":"Br.  Las Acacias","via_par":"Av. Tunjuelito","direcc_par":"DG 62 Sur - KR 20A","locali_par":19,"consola_pa":"DG 62 Sur - KR 20A (088A11)","panel_par":"DG 62 Sur - KR 20A","audio_par":"Diagonal 62 Sur Carrera 20 A","longitud":-74.142400089999995,"latitud":4.5638531039999997,"coor_x":99279.898669999995,"coor_y":99642.331479999993}},{"type":"Feature","id":317,"geometry":{"type":"Point","coordinates":[-74.163397859823306,4.5641120867534388]},"properties":{"OBJECTID":317,"OBJECTID_1":1048,"object_id":22700,"cenefa":"172A11","consec_par":"172","modulo_par":"A","zona_par":11,"nombre_par":"Br. Arborizadora Alta","via_par":"Cl 72F S","direcc_par":"CL 72F Sur - KR 35","locali_par":19,"consola_pa":"CL 72F Sur - KR 35 (172A11)","panel_par":"CL 72F Sur - KR 35","audio_par":"Calle 72 F Sur Carrera 35","longitud":-74.163397860000003,"latitud":4.5641120869999998,"coor_x":99046.888909999994,"coor_y":99645.219750000004}},{"type":"Feature","id":318,"geometry":{"type":"Point","coordinates":[-74.163629410069177,4.5642035316177632]},"properties":{"OBJECTID":318,"OBJECTID_1":1050,"object_id":22702,"cenefa":"171A11","consec_par":"171","modulo_par":"A","zona_par":11,"nombre_par":"Br. Arborizadora Alta","via_par":"Dg  72 S","direcc_par":"DG 72 Sur - KR 35A","locali_par":19,"consola_pa":"DG 72 Sur - KR 35A (171A11)","panel_par":"DG 72 Sur - KR 35A","audio_par":"Diagonal 72 Sur Carrera 35 A","longitud":-74.163629409999999,"latitud":4.5642035319999996,"coor_x":99044.31955,"coor_y":99646.231270000004}},{"type":"Feature","id":319,"geometry":{"type":"Point","coordinates":[-74.143731999731983,4.5644950000942073]},"properties":{"OBJECTID":319,"OBJECTID_1":1061,"object_id":22713,"cenefa":"417A11","consec_par":"417","modulo_par":"A","zona_par":11,"nombre_par":"Br. San Francisco","via_par":"KR 20C","direcc_par":"KR 20C - CL 61B Sur","locali_par":19,"consola_pa":"KR 20C - CL 61B Sur (417A11)","panel_par":"KR 20C - CL 61B Sur","audio_par":"Carrera 20 C Calle 61 Be Sur","longitud":-74.143732,"latitud":4.564495,"coor_x":99265.119260000007,"coor_y":99649.430999999997}},{"type":"Feature","id":320,"geometry":{"type":"Point","coordinates":[-74.167344190182177,4.5645147635955174]},"properties":{"OBJECTID":320,"OBJECTID_1":1062,"object_id":22714,"cenefa":"158A11","consec_par":"158","modulo_par":"A","zona_par":11,"nombre_par":"Br. Arborizadora Alta","via_par":"Tv  34","direcc_par":"TV 34 - CL 75 A Sur","locali_par":19,"consola_pa":"TV 34 - CL 75 A Sur (158A11)","panel_par":"TV 34 - CL 75 A Sur","audio_par":"Transversal 34 75 A Sur","longitud":-74.167344189999994,"latitud":4.5645147640000001,"coor_x":99003.097450000001,"coor_y":99649.677949999998}},{"type":"Feature","id":321,"geometry":{"type":"Point","coordinates":[-74.167785699750198,4.5648847069137277]},"properties":{"OBJECTID":321,"OBJECTID_1":1074,"object_id":22726,"cenefa":"174A11","consec_par":"174","modulo_par":"A","zona_par":11,"nombre_par":"Br. Arborizadora Alta TV  34","via_par":"Tv  34","direcc_par":"TV 34 - CL 75 C Sur","locali_par":19,"consola_pa":"TV 34 - CL 75 C Sur (174A11)","panel_par":"TV 34 - CL 75 C Sur","audio_par":"Transversal 34 Calle 75 C Sur","longitud":-74.167785699999996,"latitud":4.564884707,"coor_x":98998.198579999997,"coor_y":99653.769450000007}},{"type":"Feature","id":322,"geometry":{"type":"Point","coordinates":[-74.164652659592548,4.5649571392106445]},"properties":{"OBJECTID":322,"OBJECTID_1":1076,"object_id":22728,"cenefa":"177A11","consec_par":"177","modulo_par":"A","zona_par":11,"nombre_par":"Br. Arborizadora Alta","via_par":"Dg  73 A S","direcc_par":"DG 73 BIS Sur - TV 36B","locali_par":19,"consola_pa":"DG 73 BIS Sur - TV 36B (177A11)","panel_par":"DG 73 BIS Sur - TV 36B","audio_par":"Diagonal 73 A Sur 72 G","longitud":-74.164652660000002,"latitud":4.5649571389999997,"coor_x":99032.965660000002,"coor_y":99654.566130000007}},{"type":"Feature","id":323,"geometry":{"type":"Point","coordinates":[-74.155056969803297,4.5651517686891623]},"properties":{"OBJECTID":323,"OBJECTID_1":1078,"object_id":22730,"cenefa":"190A11","consec_par":"190","modulo_par":"A","zona_par":11,"nombre_par":"Br. Juan José Rondón","via_par":"Tv  22","direcc_par":"TV 22 - CL 69C Sur","locali_par":19,"consola_pa":"TV 22 - CL 69C Sur (190A11)","panel_par":"TV 22 - CL 69C Sur","audio_par":"Transversal 22 Calle 69 C Sur","longitud":-74.155056970000004,"latitud":4.5651517689999999,"coor_x":99139.448130000004,"coor_y":99656.706189999997}},{"type":"Feature","id":324,"geometry":{"type":"Point","coordinates":[-74.164670340263967,4.5652033996671868]},"properties":{"OBJECTID":324,"OBJECTID_1":1079,"object_id":22731,"cenefa":"175A11","consec_par":"175","modulo_par":"A","zona_par":11,"nombre_par":"Br. Arborizadora Alta DG 73 BIS Sur","via_par":"Cl 74 BIS S","direcc_par":"DG 73 BIS Sur - TV 36B","locali_par":19,"consola_pa":"DG 73 BIS Sur - TV 36B (175A11)","panel_par":"DG 73 BIS Sur - TV 36B","audio_par":"Diagonal 73 Bis Sur Transversal 36 Be","longitud":-74.164670340000001,"latitud":4.5652033999999997,"coor_x":99032.769790000006,"coor_y":99657.289340000003}},{"type":"Feature","id":325,"geometry":{"type":"Point","coordinates":[-74.155309449971128,4.5653163707039823]},"properties":{"OBJECTID":325,"OBJECTID_1":1081,"object_id":22733,"cenefa":"191A11","consec_par":"191","modulo_par":"A","zona_par":11,"nombre_par":"Br. Juan José Rondón","via_par":"Tv  22","direcc_par":"TV 22 - CL 69C Bis Sur","locali_par":19,"consola_pa":"TV 22 - CL 69C Bis Sur (191A11)","panel_par":"TV 22 - CL 69C Bis Sur","audio_par":"Transversal 22 Calle 69 C Bis Sur","longitud":-74.155309450000004,"latitud":4.5653163709999998,"coor_x":99136.646590000004,"coor_y":99658.526689999999}},{"type":"Feature","id":326,"geometry":{"type":"Point","coordinates":[-74.168950890171402,4.5653943284355272]},"properties":{"OBJECTID":326,"OBJECTID_1":1086,"object_id":22738,"cenefa":"159A11","consec_par":"159","modulo_par":"A","zona_par":11,"nombre_par":"Br. Arborizadora Alta Cl 79 Sur","via_par":"Cl 79 Sur","direcc_par":"CL 79 Sur - TV 34","locali_par":19,"consola_pa":"CL 79 Sur - TV 34 (159A11)","panel_par":"CL 79 Sur - TV 34","audio_par":"Calle 79 Sur Transversal 34","longitud":-74.168950890000005,"latitud":4.5653943290000001,"coor_x":98985.269310000003,"coor_y":99659.40655}},{"type":"Feature","id":327,"geometry":{"type":"Point","coordinates":[-74.169085700344738,4.5654325631122905]},"properties":{"OBJECTID":327,"OBJECTID_1":1088,"object_id":22740,"cenefa":"155A11","consec_par":"155","modulo_par":"A","zona_par":11,"nombre_par":"Br. Arborizadora Alta","via_par":"Cl 79 S","direcc_par":"CL 79 Sur - TV 35A","locali_par":19,"consola_pa":"CL 79 Sur - TV 35A (155A11)","panel_par":"CL 79 Sur - TV 35A","audio_par":"Calle 79 Sur Transversal 35 A","longitud":-74.169085699999997,"latitud":4.5654325629999999,"coor_x":98983.773390000002,"coor_y":99659.829540000006}},{"type":"Feature","id":328,"geometry":{"type":"Point","coordinates":[-74.146494000297821,4.5657660002506937]},"properties":{"OBJECTID":328,"OBJECTID_1":1098,"object_id":22750,"cenefa":"312B11","consec_par":"312","modulo_par":"B","zona_par":11,"nombre_par":"IED San Francisco","via_par":"CL 64 Sur","direcc_par":"CL 64 Sur - KR 21A","locali_par":19,"consola_pa":"CL 64 Sur - KR 21A (312B11)","panel_par":"CL 64 Sur - KR 21A","audio_par":"Calle 64 Sur Carrera 21 A","longitud":-74.146494000000004,"latitud":4.565766,"coor_x":99234.471009999994,"coor_y":99663.488769999996}},{"type":"Feature","id":329,"geometry":{"type":"Point","coordinates":[-74.146582679746814,4.5663177855873212]},"properties":{"OBJECTID":329,"OBJECTID_1":1107,"object_id":22759,"cenefa":"313A11","consec_par":"313","modulo_par":"A","zona_par":11,"nombre_par":"IED San Francisco","via_par":"Cl 64 S","direcc_par":"CL 64 Sur - KR 22A","locali_par":19,"consola_pa":"CL 64 Sur - KR 22A (313A11)","panel_par":"CL 64 Sur - KR 22A","audio_par":"Calle 64 Sur Carrera 22 A","longitud":-74.146582679999995,"latitud":4.5663177859999999,"coor_x":99233.487519999995,"coor_y":99669.590590000007}},{"type":"Feature","id":330,"geometry":{"type":"Point","coordinates":[-74.146715179561852,4.5664737559090884]},"properties":{"OBJECTID":330,"OBJECTID_1":1109,"object_id":22761,"cenefa":"312A11","consec_par":"312","modulo_par":"A","zona_par":11,"nombre_par":"IED San Francisco","via_par":"Cl 64 S","direcc_par":"CL 64 Sur - KR 22","locali_par":19,"consola_pa":"CL 64 Sur - KR 22 (312A11)","panel_par":"CL 64 Sur - KR 22","audio_par":"Calle 64 Sur Carrera 22","longitud":-74.146715180000001,"latitud":4.5664737559999997,"coor_x":99232.017359999998,"coor_y":99671.315470000001}},{"type":"Feature","id":331,"geometry":{"type":"Point","coordinates":[-74.162219739849093,4.5666769397389366]},"properties":{"OBJECTID":331,"OBJECTID_1":1115,"object_id":22767,"cenefa":"182A11","consec_par":"182","modulo_par":"A","zona_par":11,"nombre_par":"Br. Arborizadora Alta","via_par":"Cl 72F S","direcc_par":"CL 72F Sur - TV 39A","locali_par":19,"consola_pa":"CL 72F Sur - TV 39A  (182A11)","panel_par":"CL 72F Sur - TV 39A","audio_par":"Calle 72 F Sur Transversal 39 A","longitud":-74.162219739999998,"latitud":4.5666769399999998,"coor_x":99059.965729999996,"coor_y":99673.580709999995}},{"type":"Feature","id":332,"geometry":{"type":"Point","coordinates":[-74.168601160015498,4.5667270796409829]},"properties":{"OBJECTID":332,"OBJECTID_1":1116,"object_id":22768,"cenefa":"160A11","consec_par":"160","modulo_par":"A","zona_par":11,"nombre_par":"Br. Arborizadora Alta TV  37","via_par":"Tv  37","direcc_par":"TV 37 - CL 78 Bis Sur","locali_par":19,"consola_pa":"TV 37 - CL 78 Bis Sur (160A11)","panel_par":"TV 37 - CL 78 Bis Sur","audio_par":"Transversal 37 Calle 78 Bis Sur","longitud":-74.168601159999994,"latitud":4.5667270799999997,"coor_x":98989.152090000003,"coor_y":99674.143809999994}},{"type":"Feature","id":333,"geometry":{"type":"Point","coordinates":[-74.156831000350337,4.566740000200789]},"properties":{"OBJECTID":333,"OBJECTID_1":1117,"object_id":22769,"cenefa":"192A11","consec_par":"192","modulo_par":"A","zona_par":11,"nombre_par":"Br. Arborizadora Alta","via_par":"Cl 69J S","direcc_par":"CL 69J Sur - KR 32","locali_par":19,"consola_pa":"CL 69J Sur - KR 32 (192A11)","panel_par":"CL 69J Sur - KR 32","audio_par":"Calle 69 J Sur Carrera 32","longitud":-74.156830999999997,"latitud":4.5667400000000002,"coor_x":99119.763869999995,"coor_y":99674.271219999995}},{"type":"Feature","id":334,"geometry":{"type":"Point","coordinates":[-74.143424990071196,4.5667475590026188]},"properties":{"OBJECTID":334,"OBJECTID_1":1118,"object_id":22770,"cenefa":"083A11","consec_par":"083","modulo_par":"A","zona_par":11,"nombre_par":"Br. Ronda","via_par":"Av. V/cio","direcc_par":"AV. V/cio - TV 20F","locali_par":19,"consola_pa":"AV. V/cio - TV 20F (083A11)","panel_par":"AV. V/cio - TV 20F","audio_par":"Avenida Villavicencio Transversal 20 F","longitud":-74.14342499,"latitud":4.5667475590000004,"coor_x":99268.528399999996,"coor_y":99674.339800000002}},{"type":"Feature","id":335,"geometry":{"type":"Point","coordinates":[-74.162945980172822,4.5668400794560569]},"properties":{"OBJECTID":335,"OBJECTID_1":1121,"object_id":22773,"cenefa":"183A11","consec_par":"183","modulo_par":"A","zona_par":11,"nombre_par":"Br. Arborizadora Alta","via_par":"Cl 72F S","direcc_par":"CL 72F Sur - TV 39A","locali_par":19,"consola_pa":"CL 72F Sur - TV 39A (183A11)","panel_par":"CL 72F Sur - TV 39A","audio_par":"Calle 72 F Sur Transversal 39 A","longitud":-74.162945980000003,"latitud":4.5668400800000004,"coor_x":99051.906959999993,"coor_y":99675.385689999996}},{"type":"Feature","id":336,"geometry":{"type":"Point","coordinates":[-74.156761999866376,4.5668789994162253]},"properties":{"OBJECTID":336,"OBJECTID_1":1123,"object_id":22775,"cenefa":"193A11","consec_par":"193","modulo_par":"A","zona_par":11,"nombre_par":"Br. Arborizadora Alta","via_par":"Cl 69J S","direcc_par":"CL 69J Sur - KR 32","locali_par":19,"consola_pa":"CL 69J Sur - KR 32 (193A11)","panel_par":"CL 69J Sur - KR 32","audio_par":"Calle 69 J Sur Carrera 32","longitud":-74.156762000000001,"latitud":4.5668790000000001,"coor_x":99120.529729999995,"coor_y":99675.808220000006}},{"type":"Feature","id":337,"geometry":{"type":"Point","coordinates":[-74.143103840369918,4.5669284135653667]},"properties":{"OBJECTID":337,"OBJECTID_1":1125,"object_id":22777,"cenefa":"084A11","consec_par":"084","modulo_par":"A","zona_par":11,"nombre_par":"Br. Ronda","via_par":"Av. V/cio","direcc_par":"AV. V/cio - KR 22","locali_par":19,"consola_pa":"AV. V/cio - KR 22 (084A11)","panel_par":"AV. V/cio - KR 22","audio_par":"Avenida Villavicencio Carrera 22","longitud":-74.143103839999995,"latitud":4.5669284140000004,"coor_x":99272.092329999999,"coor_y":99676.339389999994}},{"type":"Feature","id":338,"geometry":{"type":"Point","coordinates":[-74.144583680192625,4.5669306447834117]},"properties":{"OBJECTID":338,"OBJECTID_1":1126,"object_id":22778,"cenefa":"089A11","consec_par":"089","modulo_par":"A","zona_par":11,"nombre_par":"Br.  San Francisco I Sector","via_par":"Av. Tunjuelito","direcc_par":"DG 62 Sur - KR 22","locali_par":19,"consola_pa":"DG 62 Sur - KR 22 (089A11)","panel_par":"DG 62 Sur - KR 22","audio_par":"Diagonal 62 Sur Carrera 22","longitud":-74.144583679999997,"latitud":4.5669306450000002,"coor_x":99255.670769999997,"coor_y":99676.365569999994}},{"type":"Feature","id":339,"geometry":{"type":"Point","coordinates":[-74.168567350003173,4.5670635762730001]},"properties":{"OBJECTID":339,"OBJECTID_1":1131,"object_id":22783,"cenefa":"161A11","consec_par":"161","modulo_par":"A","zona_par":11,"nombre_par":"Br. Jerusalén Potosí","via_par":"Tv  37 (KR  40)","direcc_par":"KR 40 - CL 78 BIS Sur","locali_par":19,"consola_pa":"KR 40 - CL 78 BIS Sur (161A11)","panel_par":"KR 40 - CL 78 BIS Sur","audio_par":"Transversal 37 (Carrera 40) Transversal 37 (Calle 78 Bis Sur","longitud":-74.168567350000004,"latitud":4.5670635759999998,"coor_x":98989.527740000005,"coor_y":99677.864790000007}},{"type":"Feature","id":340,"geometry":{"type":"Point","coordinates":[-74.144690349679877,4.567156366523049]},"properties":{"OBJECTID":340,"OBJECTID_1":1134,"object_id":22786,"cenefa":"090A11","consec_par":"090","modulo_par":"A","zona_par":11,"nombre_par":"Br.  Las Acacias","via_par":"Av. Tunjuelito","direcc_par":"DG 62 Sur - KR 22A","locali_par":19,"consola_pa":"DG 62 Sur - KR 22A (090A11)","panel_par":"DG 62 Sur - KR 22A","audio_par":"Diagonal 62 Sur Carrera 22 A","longitud":-74.144690350000005,"latitud":4.5671563669999999,"coor_x":99254.487309999997,"coor_y":99678.861749999996}},{"type":"Feature","id":341,"geometry":{"type":"Point","coordinates":[-74.16686222011532,4.567427713568085]},"properties":{"OBJECTID":341,"OBJECTID_1":1144,"object_id":22796,"cenefa":"163A11","consec_par":"163","modulo_par":"A","zona_par":11,"nombre_par":"Br. Jerusalén las Brisas","via_par":"KR  40","direcc_par":"KR 40 - CL 76 Sur","locali_par":19,"consola_pa":"KR 40 - CL 76 Sur (163A11)","panel_par":"KR 40 - CL 76 Sur","audio_par":"Carrera 40 76","longitud":-74.166862219999999,"latitud":4.5674277139999999,"coor_x":99008.449819999994,"coor_y":99681.889110000004}},{"type":"Feature","id":342,"geometry":{"type":"Point","coordinates":[-74.164981600120711,4.5674700428581474]},"properties":{"OBJECTID":342,"OBJECTID_1":1145,"object_id":22797,"cenefa":"179A11","consec_par":"179","modulo_par":"A","zona_par":11,"nombre_par":"Br. Arborizadora Alta TV 38B","via_par":"KR  38B","direcc_par":"TV 38B - CL 74 Sur","locali_par":19,"consola_pa":"TV 38B - CL 74 Sur (179A11)","panel_par":"TV 38B - CL 74 Sur","audio_par":"Transversal 38 Be Calle 74 Sur","longitud":-74.164981600000004,"latitud":4.5674700430000001,"coor_x":99029.318830000004,"coor_y":99682.354619999998}},{"type":"Feature","id":343,"geometry":{"type":"Point","coordinates":[-74.164784639599418,4.5675094871230746]},"properties":{"OBJECTID":343,"OBJECTID_1":1148,"object_id":22800,"cenefa":"178A11","consec_par":"178","modulo_par":"A","zona_par":11,"nombre_par":"Br. Arborizadora Alta","via_par":"Dg  74A S","direcc_par":"DG 74A Sur - TV 36B","locali_par":19,"consola_pa":"DG 74A Sur - TV 36B (178A11)","panel_par":"DG 74A Sur - TV 36B","audio_par":"Diagonal 74 A Sur Transversal 36 Be","longitud":-74.164784639999993,"latitud":4.5675094869999997,"coor_x":99031.504509999999,"coor_y":99682.790540000002}},{"type":"Feature","id":344,"geometry":{"type":"Point","coordinates":[-74.147823100255835,4.5676289314799385]},"properties":{"OBJECTID":344,"OBJECTID_1":1150,"object_id":22802,"cenefa":"463A11","consec_par":"463","modulo_par":"A","zona_par":11,"nombre_par":"Br. Candelaria La Nueva","via_par":"Cl 64 S","direcc_par":"CL 64 Sur - KR 23","locali_par":19,"consola_pa":"CL 64 Sur - KR 23 (463A11)","panel_par":"CL 64 Sur - KR 23","audio_par":"Calle 64 Sur Carrera 23","longitud":-74.147823099999997,"latitud":4.5676289319999999,"coor_x":99219.724180000005,"coor_y":99684.090760000006}},{"type":"Feature","id":345,"geometry":{"type":"Point","coordinates":[-74.147913000084827,4.5678490000812015]},"properties":{"OBJECTID":345,"OBJECTID_1":1159,"object_id":22811,"cenefa":"323A11","consec_par":"323","modulo_par":"A","zona_par":11,"nombre_par":"Br. Candelaria La Nueva","via_par":"Cl 64 S","direcc_par":"CL 64 Sur - KR 23A","locali_par":19,"consola_pa":"CL 64 Sur - KR 23A (323A11)","panel_par":"CL 64 Sur - KR 23A","audio_par":"Calle 64 Sur Carrera 23 A","longitud":-74.147913000000003,"latitud":4.5678489999999998,"coor_x":99218.726809999993,"coor_y":99686.524399999995}},{"type":"Feature","id":346,"geometry":{"type":"Point","coordinates":[-74.168795999935412,4.5680470002188232]},"properties":{"OBJECTID":346,"OBJECTID_1":1162,"object_id":22814,"cenefa":"157A11","consec_par":"157","modulo_par":"A","zona_par":11,"nombre_par":"Br. Potosí","via_par":"KR  42","direcc_par":"KR 42 - CL 78 Sur","locali_par":19,"consola_pa":"KR 42 - CL 78 Sur (157A11)","panel_par":"KR 42 - CL 78 Sur","audio_par":"Carrera 42 Calle 78 Sur","longitud":-74.168796,"latitud":4.568047,"coor_x":98986.991829999999,"coor_y":99688.739960000006}},{"type":"Feature","id":347,"geometry":{"type":"Point","coordinates":[-74.169085999819004,4.5680919995960387]},"properties":{"OBJECTID":347,"OBJECTID_1":1165,"object_id":22817,"cenefa":"162A11","consec_par":"162","modulo_par":"A","zona_par":11,"nombre_par":"Br. Potosí","via_par":"KR  42","direcc_par":"KR 42 - CL 78 Sur","locali_par":19,"consola_pa":"KR 42 - CL 78 Sur (162A11)","panel_par":"KR 42 - CL 78 Sur","audio_par":"Carrera 42 Calle 78 Sur","longitud":-74.169085999999993,"latitud":4.568092,"coor_x":98983.773809999999,"coor_y":99689.237980000005}},{"type":"Feature","id":348,"geometry":{"type":"Point","coordinates":[-74.163474000025019,4.5681020000571833]},"properties":{"OBJECTID":348,"OBJECTID_1":1166,"object_id":22818,"cenefa":"178B11","consec_par":"178","modulo_par":"B","zona_par":11,"nombre_par":"CED Gimnasio Sabio Caldas","via_par":"KR 42","direcc_par":"KR 42 - CL 73 Sur","locali_par":19,"consola_pa":"KR 42 - CL 73 Sur (178B11)","panel_par":"KR 42 - CL 73 Sur","audio_par":"Carrera 42 Calle 73 Sur","longitud":-74.163473999999994,"latitud":4.5681019999999997,"coor_x":99046.04926,"coor_y":99689.340880000003}},{"type":"Feature","id":349,"geometry":{"type":"Point","coordinates":[-74.157243999610841,4.5682089995955728]},"properties":{"OBJECTID":349,"OBJECTID_1":1170,"object_id":22822,"cenefa":"604A11","consec_par":"604","modulo_par":"A","zona_par":11,"nombre_par":"Br. Arborizadora Alta I","via_par":"CL 69J Sur","direcc_par":"CL 69J Sur - TV 38","locali_par":19,"consola_pa":"CL 69J Sur - TV 38 (604A11)","panel_par":"CL 69J Sur - TV 38","audio_par":"Calle 69 J sur Transversal 38","longitud":-74.157244000000006,"latitud":4.5682090000000004,"coor_x":99115.182669999995,"coor_y":99690.516140000007}},{"type":"Feature","id":350,"geometry":{"type":"Point","coordinates":[-74.157385999863948,4.5682230002411668]},"properties":{"OBJECTID":350,"OBJECTID_1":1171,"object_id":22823,"cenefa":"605A11","consec_par":"605","modulo_par":"A","zona_par":11,"nombre_par":"Br. Arborizadora Alta I","via_par":"CL 69J Sur","direcc_par":"CL 69J Sur - TV 38","locali_par":19,"consola_pa":"CL 69J Sur - TV 38 (605A11)","panel_par":"CL 69J Sur - TV 38","audio_par":"Calle 69 J sur Transversal 38","longitud":-74.157386000000002,"latitud":4.5682229999999997,"coor_x":99113.606939999998,"coor_y":99690.671130000002}},{"type":"Feature","id":351,"geometry":{"type":"Point","coordinates":[-74.163545999748067,4.5682459995031621]},"properties":{"OBJECTID":351,"OBJECTID_1":1172,"object_id":22824,"cenefa":"181B11","consec_par":"181","modulo_par":"B","zona_par":11,"nombre_par":"CED Gimnasio Sabio Caldas","via_par":"KR 42","direcc_par":"KR 42 - CL 73 Sur","locali_par":19,"consola_pa":"KR 42 - CL 73 Sur (181B11)","panel_par":"KR 42 - CL 73 Sur","audio_par":"Carrera 42 Calle 73 Sur","longitud":-74.163545999999997,"latitud":4.5682460000000003,"coor_x":99045.250480000002,"coor_y":99690.933350000007}},{"type":"Feature","id":352,"geometry":{"type":"Point","coordinates":[-74.162152039784758,4.5684233907767675]},"properties":{"OBJECTID":352,"OBJECTID_1":1177,"object_id":22829,"cenefa":"202A11","consec_par":"202","modulo_par":"A","zona_par":11,"nombre_par":"Parque Deportivo Arborizadora Alta","via_par":"KR  42","direcc_par":"KR 42 - CL 72A Sur","locali_par":19,"consola_pa":"KR 42 - CL 72A Sur (202A11)","panel_par":"KR 42 - CL 72A Sur","audio_par":"Carrera 42 Calle 72 A Sur","longitud":-74.162152039999995,"latitud":4.5684233909999996,"coor_x":99060.719249999995,"coor_y":99692.893129999997}},{"type":"Feature","id":353,"geometry":{"type":"Point","coordinates":[-74.145531460408506,4.568533050509795]},"properties":{"OBJECTID":353,"OBJECTID_1":1180,"object_id":22832,"cenefa":"062B11","consec_par":"062","modulo_par":"B","zona_par":11,"nombre_par":"Br. El Chircal Sur","via_par":"Av. V/cio","direcc_par":"AV. V/cio - KR 22B","locali_par":19,"consola_pa":"AV. V/cio - KR 22B (062B11)","panel_par":"AV. V/cio - KR 22B","audio_par":"Avenida Villavicencio Carrera 22 Be","longitud":-74.145531460000001,"latitud":4.5685330510000002,"coor_x":99245.155079999997,"coor_y":99694.086190000002}},{"type":"Feature","id":354,"geometry":{"type":"Point","coordinates":[-74.161887679572715,4.5685850996725037]},"properties":{"OBJECTID":354,"OBJECTID_1":1184,"object_id":22836,"cenefa":"203A11","consec_par":"203","modulo_par":"A","zona_par":11,"nombre_par":"IED Arborizadora Alta","via_par":"KR  42","direcc_par":"KR 42 - CL 69 Sur","locali_par":19,"consola_pa":"KR 42 - CL 69 Sur (203A11)","panel_par":"KR 42 - CL 69 Sur","audio_par":"Carrera 42 Calle 69 Sur","longitud":-74.161887680000007,"latitud":4.5685851,"coor_x":99063.653019999998,"coor_y":99694.680980000005}},{"type":"Feature","id":355,"geometry":{"type":"Point","coordinates":[-74.160591000174463,4.5686159994786815]},"properties":{"OBJECTID":355,"OBJECTID_1":1186,"object_id":22838,"cenefa":"206B11","consec_par":"206","modulo_par":"B","zona_par":11,"nombre_par":"CED Arborizadora Alta","via_par":"KR 42","direcc_par":"KR 42 - CL 70C Sur","locali_par":19,"consola_pa":"KR 42 - CL 70C Sur (206B11)","panel_par":"KR 42 - CL 70C Sur","audio_par":"Carrera 42 Calle 70 C Sur","longitud":-74.160590999999997,"latitud":4.5686159999999996,"coor_x":99078.042100000006,"coor_y":99695.021009999997}},{"type":"Feature","id":356,"geometry":{"type":"Point","coordinates":[-74.159946949791845,4.5686170471889014]},"properties":{"OBJECTID":356,"OBJECTID_1":1187,"object_id":22839,"cenefa":"206A11","consec_par":"206","modulo_par":"A","zona_par":11,"nombre_par":"Br. Arborizadora Alta","via_par":"KR  42","direcc_par":"KR 42 - CL 70C Sur","locali_par":19,"consola_pa":"KR 42 - CL 70C Sur (206A11)","panel_par":"KR 42 - CL 70C Sur","audio_par":"Carrera 42 Calle 70 C Sur","longitud":-74.159946950000005,"latitud":4.568617047,"coor_x":99085.189010000002,"coor_y":99695.031759999998}},{"type":"Feature","id":357,"geometry":{"type":"Point","coordinates":[-74.146241530022564,4.5686366074433868]},"properties":{"OBJECTID":357,"OBJECTID_1":1189,"object_id":22841,"cenefa":"061A11","consec_par":"061","modulo_par":"A","zona_par":11,"nombre_par":"Br. El Satélite","via_par":"Av. V/cio","direcc_par":"AV. V/cio - KR 22B","locali_par":19,"consola_pa":"AV. V/cio - KR 22B (061A11)","panel_par":"AV. V/cio - KR 22B","audio_par":"Avenida Villavicencio Carrera 22 Be","longitud":-74.146241529999998,"latitud":4.5686366080000003,"coor_x":99237.275670000003,"coor_y":99695.232090000005}},{"type":"Feature","id":358,"geometry":{"type":"Point","coordinates":[-74.160246999599337,4.5687149995474972]},"properties":{"OBJECTID":358,"OBJECTID_1":1191,"object_id":22843,"cenefa":"207B11","consec_par":"207","modulo_par":"B","zona_par":11,"nombre_par":"Br. Arborizadora Alta","via_par":"KR 42","direcc_par":"KR 42 - CL 70C Sur","locali_par":19,"consola_pa":"KR 42 - CL 70C Sur (207B11)","panel_par":"KR 42 - CL 70C Sur","audio_par":"Carrera 42 Calle 70 C Sur","longitud":-74.160246999999998,"latitud":4.5687150000000001,"coor_x":99081.859530000002,"coor_y":99696.115319999997}},{"type":"Feature","id":359,"geometry":{"type":"Point","coordinates":[-74.159887240203943,4.5687804620985437]},"properties":{"OBJECTID":359,"OBJECTID_1":1195,"object_id":22847,"cenefa":"207A11","consec_par":"207","modulo_par":"A","zona_par":11,"nombre_par":"Br. Arborizadora Alta","via_par":"KR  42","direcc_par":"KR 42 - CL 69N Sur","locali_par":19,"consola_pa":"KR 42 - CL 69N Sur (207A11)","panel_par":"KR 42 - CL 69N Sur","audio_par":"Carrera 42 Calle 69 N Sur","longitud":-74.159887240000003,"latitud":4.5687804620000003,"coor_x":99085.851809999993,"coor_y":99696.838749999995}},{"type":"Feature","id":360,"geometry":{"type":"Point","coordinates":[-74.146442149885274,4.5687981481658833]},"properties":{"OBJECTID":360,"OBJECTID_1":1197,"object_id":22849,"cenefa":"061B11","consec_par":"061","modulo_par":"B","zona_par":11,"nombre_par":"Br. El Satélite","via_par":"Av. V/cio","direcc_par":"AV. V/cio - KR 22H","locali_par":19,"consola_pa":"AV. V/cio - KR 22H (061B11)","panel_par":"AV. V/cio - KR 22H","audio_par":"Avenida Villavicencio Carrera22 H","longitud":-74.146442149999999,"latitud":4.5687981479999999,"coor_x":99235.049589999995,"coor_y":99697.018630000006}},{"type":"Feature","id":361,"geometry":{"type":"Point","coordinates":[-74.154835000035177,4.5688287062297057]},"properties":{"OBJECTID":361,"OBJECTID_1":1199,"object_id":22851,"cenefa":"219A11","consec_par":"219","modulo_par":"A","zona_par":11,"nombre_par":"Br. Arborizadora Alta","via_par":"Cl 68G S","direcc_par":"CL 68G Sur - KR 38","locali_par":19,"consola_pa":"CL 68G Sur - KR 38 (219A11)","panel_par":"CL 68G Sur - KR 38","audio_par":"Calle 68 G Sur Carrera 38","longitud":-74.154835000000006,"latitud":4.5688287059999997,"coor_x":99141.915680000006,"coor_y":99697.366020000001}},{"type":"Feature","id":362,"geometry":{"type":"Point","coordinates":[-74.146177660170849,4.5689286460900265]},"properties":{"OBJECTID":362,"OBJECTID_1":1202,"object_id":22854,"cenefa":"062A11","consec_par":"062","modulo_par":"A","zona_par":11,"nombre_par":"Br. El Chircal Sur","via_par":"Av. V/cio","direcc_par":"AV. V/cio - KR 22G","locali_par":19,"consola_pa":"AV. V/cio - KR 22G (062A11)","panel_par":"AV. V/cio - KR 22G","audio_par":"Avenida Villavicencio Carrera 22 G","longitud":-74.146177660000006,"latitud":4.5689286459999998,"coor_x":99237.984729999996,"coor_y":99698.461420000007}},{"type":"Feature","id":363,"geometry":{"type":"Point","coordinates":[-74.149704999985715,4.5690359999612928]},"properties":{"OBJECTID":363,"OBJECTID_1":1203,"object_id":22855,"cenefa":"344A11","consec_par":"344","modulo_par":"A","zona_par":11,"nombre_par":"Br. Candelaria La Nueva","via_par":"Cl 64 S","direcc_par":"CL 64 Sur - KR 29","locali_par":19,"consola_pa":"CL 64 Sur - KR 29 (344A11)","panel_par":"CL 64 Sur - KR 29","audio_par":"Calle 64 Sur Carrera 29","longitud":-74.149704999999997,"latitud":4.5690359999999997,"coor_x":99198.842600000004,"coor_y":99699.652390000003}},{"type":"Feature","id":364,"geometry":{"type":"Point","coordinates":[-74.169787999816322,4.5690499997076222]},"properties":{"OBJECTID":364,"OBJECTID_1":1205,"object_id":22857,"cenefa":"164A11","consec_par":"164","modulo_par":"A","zona_par":11,"nombre_par":"Br. Potosí","via_par":"TV  44A","direcc_par":"TV 44A - CL 78A Sur","locali_par":19,"consola_pa":"TV 44A - CL 78A Sur (164A11)","panel_par":"TV 44A - CL 78A Sur","audio_par":"Transversal 44 A Calle 78 A Sur","longitud":-74.169787999999997,"latitud":4.5690499999999998,"coor_x":98975.985190000007,"coor_y":99699.832680000007}},{"type":"Feature","id":365,"geometry":{"type":"Point","coordinates":[-74.149975999892433,4.5690960000302656]},"properties":{"OBJECTID":365,"OBJECTID_1":1208,"object_id":22860,"cenefa":"343A11","consec_par":"343","modulo_par":"A","zona_par":11,"nombre_par":"Br. Candelaria La Nueva","via_par":"Cl 64 S","direcc_par":"CL 64 Sur - KR 29","locali_par":19,"consola_pa":"CL 64 Sur - KR 29 (343A11)","panel_par":"CL 64 Sur - KR 29","audio_par":"Calle 64 Sur Carrera 29","longitud":-74.149975999999995,"latitud":4.569096,"coor_x":99195.835430000006,"coor_y":99700.316179999994}},{"type":"Feature","id":366,"geometry":{"type":"Point","coordinates":[-74.145556240328176,4.5691635975718592]},"properties":{"OBJECTID":366,"OBJECTID_1":1211,"object_id":22863,"cenefa":"348A11","consec_par":"348","modulo_par":"A","zona_par":11,"nombre_par":"Br. Protecho Bogotá II","via_par":"KR  22G","direcc_par":"KR 22G - CL 60A Sur","locali_par":19,"consola_pa":"KR 22G - CL 60A Sur (348A11)","panel_par":"KR 22G - CL 60A Sur","audio_par":"Carrera 22 G Calle 60 A Sur","longitud":-74.145556240000005,"latitud":4.5691635980000003,"coor_x":99244.88076,"coor_y":99701.05889}},{"type":"Feature","id":367,"geometry":{"type":"Point","coordinates":[-74.154018049593276,4.5692092237765278]},"properties":{"OBJECTID":367,"OBJECTID_1":1212,"object_id":22864,"cenefa":"220A11","consec_par":"220","modulo_par":"A","zona_par":11,"nombre_par":"Br. Arborizadora Alta Cl 68G S","via_par":"Cl 68G S","direcc_par":"CL 68G Sur - KR 38","locali_par":19,"consola_pa":"CL 68G Sur - KR 38 (220A11)","panel_par":"CL 68G Sur - KR 38","audio_par":"Calle 68 G Sur Carrera 38","longitud":-74.154018050000005,"latitud":4.5692092239999997,"coor_x":99150.981669999994,"coor_y":99701.572870000004}},{"type":"Feature","id":368,"geometry":{"type":"Point","coordinates":[-74.169550999678847,4.5693019996374549]},"properties":{"OBJECTID":368,"OBJECTID_1":1217,"object_id":22869,"cenefa":"165A11","consec_par":"165","modulo_par":"A","zona_par":11,"nombre_par":"Br. Potosí","via_par":"CL 80 Sur","direcc_par":"CL 80 Sur - KR 44A","locali_par":19,"consola_pa":"CL 80 Sur - KR 44A (165A11)","panel_par":"CL 80 Sur - KR 44A","audio_par":"Calle 80 Sur Carrera 44 A","longitud":-74.169550999999998,"latitud":4.5693020000000004,"coor_x":98978.615489999996,"coor_y":99702.619000000006}},{"type":"Feature","id":369,"geometry":{"type":"Point","coordinates":[-74.15488821022268,4.5697430262695171]},"properties":{"OBJECTID":369,"OBJECTID_1":1236,"object_id":22888,"cenefa":"215A11","consec_par":"215","modulo_par":"A","zona_par":11,"nombre_par":"Br. Arborizadora Alta Cl 69D S","via_par":"Cl 69 D Sur","direcc_par":"CL 69D Sur - KR 39","locali_par":19,"consola_pa":"CL 69D Sur - KR 39 (215A11)","panel_par":"CL 69D Sur - KR 39","audio_par":"Calle 69 D Sur Carrera 39","longitud":-74.154888209999996,"latitud":4.5697430260000003,"coor_x":99141.326300000001,"coor_y":99707.476760000005}},{"type":"Feature","id":370,"geometry":{"type":"Point","coordinates":[-74.15788676036567,4.5697998607248529]},"properties":{"OBJECTID":370,"OBJECTID_1":1239,"object_id":22891,"cenefa":"211A11","consec_par":"211","modulo_par":"A","zona_par":11,"nombre_par":"Br. Arborizadora Alta","via_par":"Cl 69J BIS S","direcc_par":"CL 69J BIS Sur - KR 43","locali_par":19,"consola_pa":"CL 69J BIS Sur - KR 43 (211A11)","panel_par":"CL 69J BIS Sur - KR 43","audio_par":"Calle 69 J Bis Sur Carrera 43","longitud":-74.157886759999997,"latitud":4.5697998609999999,"coor_x":99108.052039999995,"coor_y":99708.108900000007}},{"type":"Feature","id":371,"geometry":{"type":"Point","coordinates":[-74.158073740210909,4.5698262324445338]},"properties":{"OBJECTID":371,"OBJECTID_1":1240,"object_id":22892,"cenefa":"210A11","consec_par":"210","modulo_par":"A","zona_par":11,"nombre_par":"Br. Arborizadora Alta","via_par":"Cl 69J BIS S","direcc_par":"CL 69J BIS Sur - KR 43","locali_par":19,"consola_pa":"CL 69J BIS Sur - KR 43 (210A11)","panel_par":"CL 69J BIS Sur - KR 43","audio_par":"Calle 69 J Bis Sur Carrera 43","longitud":-74.158073740000006,"latitud":4.5698262329999997,"coor_x":99105.977190000005,"coor_y":99708.400760000004}},{"type":"Feature","id":372,"geometry":{"type":"Point","coordinates":[-74.164809999581792,4.5698780001194974]},"properties":{"OBJECTID":372,"OBJECTID_1":1242,"object_id":22894,"cenefa":"630A11","consec_par":"630","modulo_par":"A","zona_par":11,"nombre_par":"Pq.Tanque Laguna","via_par":"KR 45","direcc_par":"KR 45 - CL 74 Sur","locali_par":19,"consola_pa":"KR 45 - CL 74 Sur (630A11)","panel_par":"KR 45 - CL 74 Sur","audio_par":"Carrera 45 Calle 74 Sur","longitud":-74.164810000000003,"latitud":4.5698780000000001,"coor_x":99031.226280000003,"coor_y":99708.981929999994}},{"type":"Feature","id":373,"geometry":{"type":"Point","coordinates":[-74.154940000380691,4.5699170369915052]},"properties":{"OBJECTID":373,"OBJECTID_1":1244,"object_id":22896,"cenefa":"216A11","consec_par":"216","modulo_par":"A","zona_par":11,"nombre_par":"Br. Arborizadora Alta","via_par":"Cl 69 D S","direcc_par":"CL 69D Sur - KR 39","locali_par":19,"consola_pa":"CL 69D Sur - KR 39 (216A11)","panel_par":"CL 69D Sur - KR 39","audio_par":"Calle 69 D Sur Carrera 39","longitud":-74.154939999999996,"latitud":4.5699170369999997,"coor_x":99140.751810000002,"coor_y":99709.401060000004}},{"type":"Feature","id":374,"geometry":{"type":"Point","coordinates":[-74.158495999790546,4.5700229996116253]},"properties":{"OBJECTID":374,"OBJECTID_1":1250,"object_id":22902,"cenefa":"212B11","consec_par":"212","modulo_par":"B","zona_par":11,"nombre_par":"Br. Manuela Beltrán","via_par":"KR 45","direcc_par":"KR 45 - DG 69N Sur","locali_par":19,"consola_pa":"KR 45 - DG 69N Sur (212B11)","panel_par":"KR 45 - DG 69N Sur","audio_par":"Carrea 45 Diagonal 69 N Sur","longitud":-74.158496,"latitud":4.5700229999999999,"coor_x":99101.291700000002,"coor_y":99710.577160000001}},{"type":"Feature","id":375,"geometry":{"type":"Point","coordinates":[-74.160786000173744,4.5700910000494819]},"properties":{"OBJECTID":375,"OBJECTID_1":1252,"object_id":22904,"cenefa":"629A11","consec_par":"629","modulo_par":"A","zona_par":11,"nombre_par":"Br Jerusalen","via_par":"KR 45","direcc_par":"KR 45 - CL 70C Sur","locali_par":19,"consola_pa":"KR 45 - CL 70C Sur (629A11)","panel_par":"KR 45 - CL 70C Sur","audio_par":"Carrera 45 Calle 70 C Sur","longitud":-74.160786000000002,"latitud":4.5700909999999997,"coor_x":99075.880099999995,"coor_y":99711.332020000002}},{"type":"Feature","id":376,"geometry":{"type":"Point","coordinates":[-74.158367000136934,4.5701320001415171]},"properties":{"OBJECTID":376,"OBJECTID_1":1253,"object_id":22905,"cenefa":"213B11","consec_par":"213","modulo_par":"B","zona_par":11,"nombre_par":"Br. Arborizadora Alta I","via_par":"KR 45","direcc_par":"KR 45 - DG 69N Sur","locali_par":19,"consola_pa":"KR 45 - DG 69N Sur (213B11)","panel_par":"KR 45 - DG 69N Sur","audio_par":"Carrea 45 Diagonal 69 N Sur","longitud":-74.158366999999998,"latitud":4.5701320000000001,"coor_x":99102.723320000005,"coor_y":99711.782340000005}},{"type":"Feature","id":377,"geometry":{"type":"Point","coordinates":[-74.156400340203504,4.5702159626464232]},"properties":{"OBJECTID":377,"OBJECTID_1":1258,"object_id":22910,"cenefa":"214A11","consec_par":"214","modulo_par":"A","zona_par":11,"nombre_par":"Br. Arborizadora Alta Cl 69D S","via_par":"Cl 69D S","direcc_par":"CL 69D Sur - KR 42A","locali_par":19,"consola_pa":"CL 69D Sur - KR 42A (214A11)","panel_par":"CL 69D Sur - KR 42A","audio_par":"Calle 69 D Sur Carrera 42 A","longitud":-74.156400340000005,"latitud":4.5702159629999999,"coor_x":99124.547059999997,"coor_y":99712.70839}},{"type":"Feature","id":378,"geometry":{"type":"Point","coordinates":[-74.151670999816758,4.5702739994953099]},"properties":{"OBJECTID":378,"OBJECTID_1":1260,"object_id":22912,"cenefa":"222A11","consec_par":"222","modulo_par":"A","zona_par":11,"nombre_par":"Br. Candelaria La Nueva","via_par":"CL 64 Sur","direcc_par":"CL 64 Sur - KR 37B","locali_par":19,"consola_pa":"CL 64 Sur - KR 37B (222A11)","panel_par":"CL 64 Sur - KR 37B","audio_par":"Calle 64 Sur Carrera 37 Be","longitud":-74.151670999999993,"latitud":4.5702740000000004,"coor_x":99177.027669999996,"coor_y":99713.344589999993}},{"type":"Feature","id":379,"geometry":{"type":"Point","coordinates":[-74.153629389584637,4.5703065945235473]},"properties":{"OBJECTID":379,"OBJECTID_1":1262,"object_id":22914,"cenefa":"480A11","consec_par":"480","modulo_par":"A","zona_par":11,"nombre_par":"Br. Arborizadora Alta","via_par":"Cl 68C S","direcc_par":"CL 68C Sur - KR 39","locali_par":19,"consola_pa":"CL 68C Sur - KR 39 (480A11)","panel_par":"CL 68C Sur - KR 39","audio_par":"Calle 68 C Sur Carrera 39","longitud":-74.153629390000006,"latitud":4.5703065949999999,"coor_x":99155.295840000006,"coor_y":99713.707299999995}},{"type":"Feature","id":380,"geometry":{"type":"Point","coordinates":[-74.153571760128614,4.5704649129752175]},"properties":{"OBJECTID":380,"OBJECTID_1":1265,"object_id":22917,"cenefa":"479A11","consec_par":"479","modulo_par":"A","zona_par":11,"nombre_par":"Br. Arborizadora Alta","via_par":"Cl 68C S","direcc_par":"CL 68C Sur - KR 40","locali_par":19,"consola_pa":"CL 68C Sur - KR 40 (479A11)","panel_par":"CL 68C Sur - KR 40","audio_par":"Calle 68 C Sur Carrera 40","longitud":-74.153571760000005,"latitud":4.5704649130000004,"coor_x":99155.935540000006,"coor_y":99715.457930000004}},{"type":"Feature","id":381,"geometry":{"type":"Point","coordinates":[-74.148924150129403,4.5704727208891756]},"properties":{"OBJECTID":381,"OBJECTID_1":1266,"object_id":22918,"cenefa":"032A11","consec_par":"032","modulo_par":"A","zona_par":11,"nombre_par":"Br. El Satélite","via_par":"Av. V/cio","direcc_par":"AV. V/cio - KR 30","locali_par":19,"consola_pa":"AV. V/cio - KR 30 (032A11)","panel_par":"AV. V/cio - KR 30","audio_par":"Avenida Villavicencio Carrera 30","longitud":-74.148924149999999,"latitud":4.5704727209999998,"coor_x":99207.509120000002,"coor_y":99715.538979999998}},{"type":"Feature","id":382,"geometry":{"type":"Point","coordinates":[-74.151792000000739,4.5704800000018242]},"properties":{"OBJECTID":382,"OBJECTID_1":1267,"object_id":22919,"cenefa":"221A11","consec_par":"221","modulo_par":"A","zona_par":11,"nombre_par":"Br. Candelaria La Nueva","via_par":"CL 64 Sur","direcc_par":"CL 64 Sur - KR 37A","locali_par":19,"consola_pa":"CL 64 Sur - KR 37A (221A11)","panel_par":"CL 64 Sur - KR 37A","audio_par":"Calle 64 Sur Carrera 37 A","longitud":-74.151792,"latitud":4.5704799999999999,"coor_x":99175.685190000004,"coor_y":99715.622700000007}},{"type":"Feature","id":383,"geometry":{"type":"Point","coordinates":[-74.168685000212577,4.5704939997481606]},"properties":{"OBJECTID":383,"OBJECTID_1":1268,"object_id":22920,"cenefa":"166A11","consec_par":"166","modulo_par":"A","zona_par":11,"nombre_par":"Br. Potosí","via_par":"Dg  77 S","direcc_par":"DG 77 Sur - TV 44A","locali_par":19,"consola_pa":"DG 77 Sur - TV 44A (166A11)","panel_par":"DG 77 Sur - TV 44A","audio_par":"Diagonal 77 Sur Transversal 44A","longitud":-74.168684999999996,"latitud":4.5704940000000001,"coor_x":98988.227010000002,"coor_y":99715.799079999997}},{"type":"Feature","id":384,"geometry":{"type":"Point","coordinates":[-74.156440809695596,4.5705507514658406]},"properties":{"OBJECTID":384,"OBJECTID_1":1270,"object_id":22922,"cenefa":"217A11","consec_par":"217","modulo_par":"A","zona_par":11,"nombre_par":"Br. Arborizadora Alta","via_par":"Cl 69D S","direcc_par":"CL 69D Sur - TV 42B","locali_par":19,"consola_pa":"CL 69D Sur - TV 42B (217A11)","panel_par":"CL 69D Sur - TV 42B","audio_par":"Calle 69 D Sur Transversal 42 Be","longitud":-74.156440810000007,"latitud":4.5705507519999999,"coor_x":99124.098379999996,"coor_y":99716.410579999996}},{"type":"Feature","id":385,"geometry":{"type":"Point","coordinates":[-74.159685999809028,4.5706760000471949]},"properties":{"OBJECTID":385,"OBJECTID_1":1275,"object_id":22927,"cenefa":"628A11","consec_par":"628","modulo_par":"A","zona_par":11,"nombre_par":"Br Jerusalen","via_par":"DG 70A Sur","direcc_par":"DG 70A Sur - CL 45A","locali_par":19,"consola_pa":"DG 70A Sur - CL 45A (628A11)","panel_par":"DG 70A Sur - CL 45A","audio_par":"Diagonal 70ASur Calle 45 A","longitud":-74.159685999999994,"latitud":4.5706759999999997,"coor_x":99088.087329999995,"coor_y":99717.799629999994}},{"type":"Feature","id":386,"geometry":{"type":"Point","coordinates":[-74.158234160378186,4.5706875455436133]},"properties":{"OBJECTID":386,"OBJECTID_1":1277,"object_id":22929,"cenefa":"213A11","consec_par":"213","modulo_par":"A","zona_par":11,"nombre_par":"Br. Arborizadora Alta Kr 45","via_par":"KR  45","direcc_par":"KR 45 - CL 69I Sur","locali_par":19,"consola_pa":"KR 45 - CL 69I Sur (213A11)","panel_par":"KR 45 - CL 69I Sur","audio_par":"Carrera 45 Calle 69 I Sur","longitud":-74.158234160000006,"latitud":4.5706875460000003,"coor_x":99104.198109999998,"coor_y":99717.925480000005}},{"type":"Feature","id":387,"geometry":{"type":"Point","coordinates":[-74.148790340002165,4.5707243458017741]},"properties":{"OBJECTID":387,"OBJECTID_1":1278,"object_id":22930,"cenefa":"118A11","consec_par":"118","modulo_par":"A","zona_par":11,"nombre_par":"CADE Ciudad Bolívar","via_par":"Av. V/cio","direcc_par":"AV. V/cio - TV 32","locali_par":19,"consola_pa":"AV. V/cio - TV 32 (118A11)","panel_par":"AV. V/cio - TV 32","audio_par":"Avenida Villavicencio Transversal 32","longitud":-74.148790340000005,"latitud":4.5707243460000004,"coor_x":99208.994260000007,"coor_y":99718.321339999995}},{"type":"Feature","id":388,"geometry":{"type":"Point","coordinates":[-74.144591860425976,4.5707505736298977]},"properties":{"OBJECTID":388,"OBJECTID_1":1279,"object_id":22931,"cenefa":"350A11","consec_par":"350","modulo_par":"A","zona_par":11,"nombre_par":"Br. Protecho Bogotá II","via_par":"KR  22G","direcc_par":"KR 22G - CL 58B Sur","locali_par":19,"consola_pa":"KR 22G - CL 58B Sur (350A11)","panel_par":"KR 22G - CL 58B Sur","audio_par":"Carrera 22 G Calle 58 Be Sur","longitud":-74.144591860000006,"latitud":4.5707505739999998,"coor_x":99255.583939999997,"coor_y":99718.606889999995}},{"type":"Feature","id":389,"geometry":{"type":"Point","coordinates":[-74.149351820030404,4.5707921357982508]},"properties":{"OBJECTID":389,"OBJECTID_1":1282,"object_id":22934,"cenefa":"032B11","consec_par":"032","modulo_par":"B","zona_par":11,"nombre_par":"Br. El Satélite","via_par":"Av. V/cio","direcc_par":"AV. V/cio - KR 32","locali_par":19,"consola_pa":"AV. V/cio - KR 32 (032B11)","panel_par":"AV. V/cio - KR 32","audio_par":"Avenida Villavicencio Carrera 32","longitud":-74.149351820000007,"latitud":4.5707921359999997,"coor_x":99202.763709999999,"coor_y":99719.071590000007}},{"type":"Feature","id":390,"geometry":{"type":"Point","coordinates":[-74.158267759949126,4.5708378510358489]},"properties":{"OBJECTID":390,"OBJECTID_1":1283,"object_id":22935,"cenefa":"212A11","consec_par":"212","modulo_par":"A","zona_par":11,"nombre_par":"Br. Manuela Beltrán","via_par":"KR  45","direcc_par":"KR 45 - CL 69I Sur","locali_par":19,"consola_pa":"KR 45 - CL 69I Sur (212A11)","panel_par":"KR 45 - CL 69I Sur","audio_par":"Carrera 45 Calle 69 I Sur","longitud":-74.158267760000001,"latitud":4.5708378510000003,"coor_x":99103.825440000001,"coor_y":99719.587620000006}},{"type":"Feature","id":391,"geometry":{"type":"Point","coordinates":[-74.144361749994744,4.5708909335196068]},"properties":{"OBJECTID":391,"OBJECTID_1":1284,"object_id":22936,"cenefa":"349A11","consec_par":"349","modulo_par":"A","zona_par":11,"nombre_par":"Br. Protecho Bogotá II","via_par":"KR  22G","direcc_par":"KR 22G - CL 58A Sur","locali_par":19,"consola_pa":"KR 22G - CL 58A Sur (349A11)","panel_par":"KR 22G - CL 58A Sur","audio_par":"Carrera 22 G Calle 58 A Sur","longitud":-74.144361750000002,"latitud":4.5708909340000003,"coor_x":99258.137570000006,"coor_y":99720.158769999995}},{"type":"Feature","id":392,"geometry":{"type":"Point","coordinates":[-74.154626000289625,4.5709559994696249]},"properties":{"OBJECTID":392,"OBJECTID_1":1287,"object_id":22939,"cenefa":"633A11","consec_par":"633","modulo_par":"A","zona_par":11,"nombre_par":"Br. Arborizadora","via_par":"Cl 68C Sur","direcc_par":"CL 68C Sur – KR 42A","locali_par":19,"consola_pa":"CL 68C Sur – KR 42A (633A11)","panel_par":"CL 68C Sur – KR 42A","audio_par":"Calle 68 C Sur Carrera 42 A","longitud":-74.154625999999993,"latitud":4.5709559999999998,"coor_x":99144.237429999994,"coor_y":99720.889689999996}},{"type":"Feature","id":393,"geometry":{"type":"Point","coordinates":[-74.154469000244148,4.5709589996079814]},"properties":{"OBJECTID":393,"OBJECTID_1":1288,"object_id":22940,"cenefa":"634A11","consec_par":"634","modulo_par":"A","zona_par":11,"nombre_par":"Br. Arborizadora","via_par":"Cl 68C Sur","direcc_par":"CL 68C Sur – KR 42A","locali_par":19,"consola_pa":"CL 68C Sur – KR 42A (634A11)","panel_par":"CL 68C Sur – KR 42A","audio_par":"Calle 68 C Sur Carrera 42 A","longitud":-74.154469000000006,"latitud":4.5709590000000002,"coor_x":99145.979630000002,"coor_y":99720.922680000003}},{"type":"Feature","id":394,"geometry":{"type":"Point","coordinates":[-74.149319029849323,4.5711124949954831]},"properties":{"OBJECTID":394,"OBJECTID_1":1290,"object_id":22942,"cenefa":"118B11","consec_par":"118","modulo_par":"B","zona_par":11,"nombre_par":"CADE Ciudad Bolívar","via_par":"Av. V/cio","direcc_par":"AV. V/cio - TV 34","locali_par":19,"consola_pa":"AV. V/cio - TV 34 (118B11)","panel_par":"AV. V/cio - TV 34","audio_par":"Avenida Villavicencio Transversal 34","longitud":-74.149319030000001,"latitud":4.5711124950000004,"coor_x":99203.127930000002,"coor_y":99722.614130000002}},{"type":"Feature","id":395,"geometry":{"type":"Point","coordinates":[-74.159650519755644,4.5711636394402184]},"properties":{"OBJECTID":395,"OBJECTID_1":1291,"object_id":22943,"cenefa":"209A11","consec_par":"209","modulo_par":"A","zona_par":11,"nombre_par":"Br. Jerusalén La Pradera","via_par":"Cl 70S","direcc_par":"CL 70 Sur - KR 45C","locali_par":19,"consola_pa":"CL 70 Sur - KR 45C (209A11)","panel_par":"CL 70 Sur - KR 45C","audio_par":"Calle 70 Sur Carrera 45 C","longitud":-74.15965052,"latitud":4.57116364,"coor_x":99088.481660000005,"coor_y":99723.191980000003}},{"type":"Feature","id":396,"geometry":{"type":"Point","coordinates":[-74.166469290125576,4.5712532451909258]},"properties":{"OBJECTID":396,"OBJECTID_1":1296,"object_id":22948,"cenefa":"469A11","consec_par":"469","modulo_par":"A","zona_par":11,"nombre_par":"Br. Jerusalén las Brisas","via_par":"Cl 76 S","direcc_par":"CL 76 Sur - KR 46A","locali_par":19,"consola_pa":"CL 76 Sur - KR 46A (469A11)","panel_par":"CL 76 Sur - KR 46A","audio_par":"Calle 76 Sur Carrera 46 A","longitud":-74.166469289999995,"latitud":4.5712532450000003,"coor_x":99012.815340000001,"coor_y":99724.191850000003}},{"type":"Feature","id":397,"geometry":{"type":"Point","coordinates":[-74.151820129895043,4.5713816162184422]},"properties":{"OBJECTID":397,"OBJECTID_1":1299,"object_id":22951,"cenefa":"223A11","consec_par":"223","modulo_par":"A","zona_par":11,"nombre_par":"Br. Candelaria La Nueva","via_par":"KR  38","direcc_par":"KR 38 - CL 62B Sur","locali_par":19,"consola_pa":"KR 38 - CL 62B Sur (223A11)","panel_par":"KR 38 - CL 62B Sur","audio_par":"Carrera 38 Calle 62 Be Sur","longitud":-74.151820130000004,"latitud":4.571381616,"coor_x":99175.374070000005,"coor_y":99725.592929999999}},{"type":"Feature","id":398,"geometry":{"type":"Point","coordinates":[-74.168235000145103,4.5713879996063165]},"properties":{"OBJECTID":398,"OBJECTID_1":1300,"object_id":22952,"cenefa":"627A11","consec_par":"627","modulo_par":"A","zona_par":11,"nombre_par":"Potosí","via_par":"TV49C","direcc_par":"TV 49C - CL 77 Sur","locali_par":19,"consola_pa":"TV 49C - CL 77 Sur (627A11)","panel_par":"TV 49C - CL 77 Sur","audio_par":"Transversal","longitud":-74.168234999999996,"latitud":4.5713879999999998,"coor_x":98993.221810000003,"coor_y":99725.684439999997}},{"type":"Feature","id":399,"geometry":{"type":"Point","coordinates":[-74.138935069897514,4.5716793241912699]},"properties":{"OBJECTID":399,"OBJECTID_1":1305,"object_id":22957,"cenefa":"119B11","consec_par":"119","modulo_par":"B","zona_par":11,"nombre_par":"Pq. El Tunal","via_par":"AV. Boyacá","direcc_par":"AV. Boyacá - AK 24","locali_par":6,"consola_pa":"AV. Boyacá - AK 24 (119B11)","panel_par":"AV. Boyacá - AK 24","audio_par":"Avenida Boyacá Avenida Carrera 24","longitud":-74.138935070000002,"latitud":4.5716793239999998,"coor_x":99318.357019999996,"coor_y":99728.871530000004}},{"type":"Feature","id":400,"geometry":{"type":"Point","coordinates":[-74.151694849837384,4.5716960111118272]},"properties":{"OBJECTID":400,"OBJECTID_1":1306,"object_id":22958,"cenefa":"224A11","consec_par":"224","modulo_par":"A","zona_par":11,"nombre_par":"Br. Candelaria La Nueva","via_par":"KR  38","direcc_par":"KR 38 - CL 62 Sur","locali_par":19,"consola_pa":"KR 38 - CL 62 Sur (224A11)","panel_par":"KR 38 - CL 62 Sur","audio_par":"Carrera 38 Calle 62 Sur","longitud":-74.151694849999998,"latitud":4.5716960110000002,"coor_x":99176.764630000005,"coor_y":99729.069409999996}},{"type":"Feature","id":401,"geometry":{"type":"Point","coordinates":[-74.139453250267252,4.57169619277487]},"properties":{"OBJECTID":401,"OBJECTID_1":1307,"object_id":22959,"cenefa":"418B11","consec_par":"418","modulo_par":"B","zona_par":11,"nombre_par":"Portal Tunal","via_par":"AV. Boyacá","direcc_par":"AV. Boyacá - KR 19C","locali_par":6,"consola_pa":"AV. Boyacá - KR 19C (418B11)","panel_par":"AV. Boyacá - KR 19C","audio_par":"Avenida Boyacá Avenida Carrera 19 C","longitud":-74.139453250000003,"latitud":4.5716961930000002,"coor_x":99312.606910000002,"coor_y":99729.058560000005}},{"type":"Feature","id":402,"geometry":{"type":"Point","coordinates":[-74.150265030306855,4.5717720802671122]},"properties":{"OBJECTID":402,"OBJECTID_1":1310,"object_id":22962,"cenefa":"499B11","consec_par":"499","modulo_par":"B","zona_par":11,"nombre_par":"Br. Arborizadora Baja","via_par":"Av. V/cio","direcc_par":"AV. V/cio - KR 38","locali_par":19,"consola_pa":"AV. V/cio - KR 38 (499B11)","panel_par":"AV. V/cio - KR 38","audio_par":"Avenida Villavicencio Carrera 38","longitud":-74.15026503,"latitud":4.5717720799999997,"coor_x":99192.631110000002,"coor_y":99729.908970000004}},{"type":"Feature","id":403,"geometry":{"type":"Point","coordinates":[-74.139019750061379,4.5719132918147629]},"properties":{"OBJECTID":403,"OBJECTID_1":1316,"object_id":22968,"cenefa":"119A11","consec_par":"119","modulo_par":"A","zona_par":11,"nombre_par":"Pq. El Tunal","via_par":"AV. Boyacá","direcc_par":"AV. Boyacá - AK 24","locali_par":6,"consola_pa":"AV. Boyacá - AK 24 (119A11)","panel_par":"AV. Boyacá - AK 24","audio_par":"Avenida Boyacá Avenida Carrera 24","longitud":-74.139019750000003,"latitud":4.5719132919999996,"coor_x":99317.417570000005,"coor_y":99731.458859999999}},{"type":"Feature","id":404,"geometry":{"type":"Point","coordinates":[-74.159224000087477,4.571925000088453]},"properties":{"OBJECTID":404,"OBJECTID_1":1317,"object_id":22969,"cenefa":"434A10","consec_par":"434","modulo_par":"A","zona_par":10,"nombre_par":"Manuela Beltrán","via_par":"TV 46A","direcc_par":"TV 46A -CL 69I Sur","locali_par":19,"consola_pa":"TV 46A -CL 69I Sur (434A10)","panel_par":"TV 46A -CL 69I Sur","audio_par":"Transversal 46 A Calle 69 I Sur","longitud":-74.159223999999995,"latitud":4.5719250000000002,"coor_x":99093.215620000003,"coor_y":99731.610669999995}},{"type":"Feature","id":405,"geometry":{"type":"Point","coordinates":[-74.150579360449115,4.5719422301995509]},"properties":{"OBJECTID":405,"OBJECTID_1":1318,"object_id":22970,"cenefa":"499A11","consec_par":"499","modulo_par":"A","zona_par":11,"nombre_par":"Br. Arborizadora Baja","via_par":"Av. V/cio","direcc_par":"AV. V/cio - KR 37C","locali_par":19,"consola_pa":"AV. V/cio - KR 37C (499A11)","panel_par":"AV. V/cio - KR 37C","audio_par":"Avenida Villavicencio Carrera 37 C","longitud":-74.150579359999995,"latitud":4.5719422300000003,"coor_x":99189.143249999994,"coor_y":99731.790869999997}},{"type":"Feature","id":406,"geometry":{"type":"Point","coordinates":[-74.15930600027167,4.5719880002957707]},"properties":{"OBJECTID":406,"OBJECTID_1":1319,"object_id":22971,"cenefa":"433A10","consec_par":"433","modulo_par":"A","zona_par":10,"nombre_par":"Jerusalén Bellavista","via_par":"TV 46A","direcc_par":"TV 46A -CL 69I Sur","locali_par":19,"consola_pa":"TV 46A -CL 69I Sur (433A10)","panel_par":"TV 46A -CL 69I Sur","audio_par":"Transversal 46 A Calle 69 I Sur","longitud":-74.159306000000001,"latitud":4.5719880000000002,"coor_x":99092.305760000003,"coor_y":99732.307430000001}},{"type":"Feature","id":407,"geometry":{"type":"Point","coordinates":[-74.139560019579221,4.5720480938942174]},"properties":{"OBJECTID":407,"OBJECTID_1":1322,"object_id":22974,"cenefa":"418A11","consec_par":"418","modulo_par":"A","zona_par":11,"nombre_par":"Portal Tunal","via_par":"AV. Boyacá","direcc_par":"AV. Boyacá - AK 24","locali_par":6,"consola_pa":"AV. Boyacá - AK 24 (418A11)","panel_par":"AV. Boyacá - AK 24","audio_par":"Avenida Boyacá Avenida Carrera 24","longitud":-74.139560020000005,"latitud":4.5720480940000003,"coor_x":99311.422449999998,"coor_y":99732.950030000007}},{"type":"Feature","id":408,"geometry":{"type":"Point","coordinates":[-74.167280000171843,4.5721899997185202]},"properties":{"OBJECTID":408,"OBJECTID_1":1325,"object_id":22977,"cenefa":"470A11","consec_par":"470","modulo_par":"A","zona_par":11,"nombre_par":"Br. Jerusalén las Brisas","via_par":"Cl 76 S","direcc_par":"CL 76 Sur - KR 46A","locali_par":19,"consola_pa":"CL 76 Sur - KR 46A (470A11)","panel_par":"CL 76 Sur - KR 46A","audio_par":"Calle 76 Sur Carrera 46 A","longitud":-74.167280000000005,"latitud":4.57219,"coor_x":99003.820349999995,"coor_y":99734.551739999995}},{"type":"Feature","id":409,"geometry":{"type":"Point","coordinates":[-74.160425999760037,4.572349999902344]},"properties":{"OBJECTID":409,"OBJECTID_1":1328,"object_id":22980,"cenefa":"631A11","consec_par":"631","modulo_par":"A","zona_par":11,"nombre_par":"Tres Esquinas","via_par":"KR 18G","direcc_par":"KR 18 G - CL 81G Sur","locali_par":19,"consola_pa":"KR 18 G - CL 81G Sur (631A11)","panel_par":"KR 18 G - CL 81G Sur","audio_par":"Carrera 18 G Calle 81 G Sur","longitud":-74.160426000000001,"latitud":4.5723500000000001,"coor_x":99079.877829999998,"coor_y":99736.311900000001}},{"type":"Feature","id":410,"geometry":{"type":"Point","coordinates":[-74.168358409612893,4.5726649802544079]},"properties":{"OBJECTID":410,"OBJECTID_1":1335,"object_id":22987,"cenefa":"472A11","consec_par":"472","modulo_par":"A","zona_par":11,"nombre_par":"Br. Caracolí","via_par":"Cl 76A S","direcc_par":"CL 76A Sur - TV 66","locali_par":19,"consola_pa":"CL 76A Sur - TV 66 (472A11)","panel_par":"CL 76A Sur - TV 66","audio_par":"Calle 76 A Sur Transversal 66","longitud":-74.168358409999996,"latitud":4.5726649799999999,"coor_x":98991.854139999996,"coor_y":99739.805640000006}},{"type":"Feature","id":411,"geometry":{"type":"Point","coordinates":[-74.152157329796921,4.5726738511670693]},"properties":{"OBJECTID":411,"OBJECTID_1":1336,"object_id":22988,"cenefa":"030B11","consec_par":"030","modulo_par":"B","zona_par":11,"nombre_par":"CAI Candelaria","via_par":"Av. V/cio","direcc_par":"AV. V/cio - KR 41A","locali_par":19,"consola_pa":"AV. V/cio - KR 41A (030B11)","panel_par":"AV. V/cio - KR 41A","audio_par":"Avenida Villavicencio Carrera 41 A","longitud":-74.152157329999994,"latitud":4.5726738510000002,"coor_x":99171.633719999998,"coor_y":99739.883040000001}},{"type":"Feature","id":412,"geometry":{"type":"Point","coordinates":[-74.152279669970767,4.5727362910967146]},"properties":{"OBJECTID":412,"OBJECTID_1":1340,"object_id":22992,"cenefa":"030A11","consec_par":"030","modulo_par":"A","zona_par":11,"nombre_par":"CAI Candelaria","via_par":"Av. V/cio","direcc_par":"AV. V/cio - KR 43B","locali_par":19,"consola_pa":"AV. V/cio - KR 43B (030A11)","panel_par":"AV. V/cio - KR 43B","audio_par":"Avenida Villavicencio Carrera 43 Be","longitud":-74.152279669999999,"latitud":4.572736291,"coor_x":99170.276209999996,"coor_y":99740.573650000006}},{"type":"Feature","id":413,"geometry":{"type":"Point","coordinates":[-74.168438999660054,4.5727538737420605]},"properties":{"OBJECTID":413,"OBJECTID_1":1341,"object_id":22993,"cenefa":"471A11","consec_par":"471","modulo_par":"A","zona_par":11,"nombre_par":"Br. Caracolí","via_par":"Cl 76A S","direcc_par":"CL 76A Sur - TV 67","locali_par":19,"consola_pa":"CL 76A Sur - TV 67 (471A11)","panel_par":"CL 76A Sur - TV 67","audio_par":"Calle 76 A Sur Transversal 67","longitud":-74.168439000000006,"latitud":4.572753874,"coor_x":98990.95998,"coor_y":99740.788759999996}},{"type":"Feature","id":414,"geometry":{"type":"Point","coordinates":[-74.166944130367256,4.5730172599883305]},"properties":{"OBJECTID":414,"OBJECTID_1":1344,"object_id":22996,"cenefa":"329A10","consec_par":"329","modulo_par":"A","zona_par":10,"nombre_par":"Br. Jerusalén las Brisas","via_par":"Tv 50","direcc_par":"TV 50 - CL 75A Sur","locali_par":19,"consola_pa":"TV 50 - CL 75A Sur (329A10)","panel_par":"TV 50 - CL 75A Sur","audio_par":"Transversal 50 Calle 75 A Sur","longitud":-74.166944130000005,"latitud":4.5730172600000003,"coor_x":99007.548559999996,"coor_y":99743.699240000002}},{"type":"Feature","id":415,"geometry":{"type":"Point","coordinates":[-74.169927480169008,4.5730537095108188]},"properties":{"OBJECTID":415,"OBJECTID_1":1345,"object_id":22997,"cenefa":"474A11","consec_par":"474","modulo_par":"A","zona_par":11,"nombre_par":"Br. Caracolí","via_par":"Cl 76A S","direcc_par":"CL 76A Sur - KR 72","locali_par":19,"consola_pa":"CL 76A Sur - KR 72 (474A11)","panel_par":"CL 76A Sur - KR 72","audio_par":"Calle 76 A Sur Carrera 72","longitud":-74.169927479999998,"latitud":4.5730537099999999,"coor_x":98974.443090000001,"coor_y":99744.106490000006}},{"type":"Feature","id":416,"geometry":{"type":"Point","coordinates":[-74.16445999962923,4.5730800002915553]},"properties":{"OBJECTID":416,"OBJECTID_1":1348,"object_id":23000,"cenefa":"632A11","consec_par":"632","modulo_par":"A","zona_par":11,"nombre_par":"Br. Jerusalén","via_par":"KR 47B","direcc_par":"KR 47B - CL 73B","locali_par":19,"consola_pa":"KR 47B - CL 73B (632A11)","panel_par":"KR 47B - CL 73B","audio_par":"Carrera 47 Be Calle 73 Be","longitud":-74.164460000000005,"latitud":4.57308,"coor_x":99035.114440000005,"coor_y":99744.389639999994}},{"type":"Feature","id":417,"geometry":{"type":"Point","coordinates":[-74.166966150267569,4.5731440742893588]},"properties":{"OBJECTID":417,"OBJECTID_1":1349,"object_id":23001,"cenefa":"328A10","consec_par":"328","modulo_par":"A","zona_par":10,"nombre_par":"Br. Jerusalén las Brisas","via_par":"Tv 50","direcc_par":"TV 50 - CL 75A Sur","locali_par":19,"consola_pa":"TV 50 - CL 75A Sur (328A10)","panel_par":"TV 50 - CL 75A Sur","audio_par":"Transversal 50 Calle 75 A Sur","longitud":-74.166966149999993,"latitud":4.573144074,"coor_x":99007.304390000005,"coor_y":99745.101590000006}},{"type":"Feature","id":418,"geometry":{"type":"Point","coordinates":[-74.150729000442993,4.5731489998761932]},"properties":{"OBJECTID":418,"OBJECTID_1":1350,"object_id":23002,"cenefa":"617A11","consec_par":"617","modulo_par":"A","zona_par":11,"nombre_par":"Br. Arborizadora Baja","via_par":"KR 38","direcc_par":"KR 38 – Av. V/cio","locali_par":19,"consola_pa":"KR 38 – Av. V/cio (617A11)","panel_par":"KR 38 – Av. V/cio","audio_par":"Carrera 38 - Avenida Villavicencio","longitud":-74.150728999999998,"latitud":4.5731489999999999,"coor_x":99187.484089999998,"coor_y":99745.135670000003}},{"type":"Feature","id":419,"geometry":{"type":"Point","coordinates":[-74.170716549828853,4.573266497200847]},"properties":{"OBJECTID":419,"OBJECTID_1":1352,"object_id":23004,"cenefa":"473A11","consec_par":"473","modulo_par":"A","zona_par":11,"nombre_par":"Br. Caracolí","via_par":"Cl 76A S","direcc_par":"CL 76A Sur - KR 73B","locali_par":19,"consola_pa":"CL 76A Sur - KR 73B (473A11)","panel_par":"CL 76A Sur - KR 73B","audio_par":"Calle 76 A Sur Carrera 73 Be","longitud":-74.170716549999995,"latitud":4.5732664969999997,"coor_x":98965.687279999998,"coor_y":99746.460659999997}},{"type":"Feature","id":420,"geometry":{"type":"Point","coordinates":[-74.172396059830248,4.5734792731996556]},"properties":{"OBJECTID":420,"OBJECTID_1":1357,"object_id":23009,"cenefa":"476A11","consec_par":"476","modulo_par":"A","zona_par":11,"nombre_par":"Br. Caracolí","via_par":"Cl 76A S","direcc_par":"CL 76A Sur - KR 73HBis","locali_par":19,"consola_pa":"CL 76A Sur - KR 73HBis (476A11)","panel_par":"CL 76A Sur - KR 73HBis","audio_par":"Calle 76 A Sur Carrera 73 HBis","longitud":-74.172396059999997,"latitud":4.5734792730000002,"coor_x":98947.050470000002,"coor_y":99748.816000000006}},{"type":"Feature","id":421,"geometry":{"type":"Point","coordinates":[-74.139932579924562,4.5735880776773952]},"properties":{"OBJECTID":421,"OBJECTID_1":1361,"object_id":23013,"cenefa":"120A11","consec_par":"120","modulo_par":"A","zona_par":11,"nombre_par":"Estación Eléctrica el Tunal","via_par":"AV. Boyacá","direcc_par":"AV. Boyacá - AK 24","locali_par":6,"consola_pa":"AV. Boyacá - AK 24 (120A11)","panel_par":"AV. Boyacá - AK 24","audio_par":"Avenida Boyacá Avenida Carrera 24","longitud":-74.139932580000007,"latitud":4.5735880780000002,"coor_x":99307.289709999997,"coor_y":99749.979749999999}},{"type":"Feature","id":422,"geometry":{"type":"Point","coordinates":[-74.172661849964356,4.5736006825751909]},"properties":{"OBJECTID":422,"OBJECTID_1":1363,"object_id":23015,"cenefa":"475A11","consec_par":"475","modulo_par":"A","zona_par":11,"nombre_par":"Br. Caracolí","via_par":"Cl 76A S","direcc_par":"CL 76A Sur - KR 73I","locali_par":19,"consola_pa":"CL 76A Sur - KR 73I (475A11)","panel_par":"CL 76A Sur - KR 73I","audio_par":"Calle 76 A Sur Carrera 73 I","longitud":-74.172661849999997,"latitud":4.5736006829999996,"coor_x":98944.101240000004,"coor_y":99750.158960000001}},{"type":"Feature","id":423,"geometry":{"type":"Point","coordinates":[-74.174629390334076,4.5738031037799711]},"properties":{"OBJECTID":423,"OBJECTID_1":1369,"object_id":23021,"cenefa":"478A11","consec_par":"478","modulo_par":"A","zona_par":11,"nombre_par":"Br. Caracolí","via_par":"Cl 76A S","direcc_par":"CL 76A Sur - KR 74G","locali_par":19,"consola_pa":"CL 76A Sur - KR 74G (478A11)","panel_par":"CL 76A Sur - KR 74G","audio_par":"Calle 76 A Sur Carrera 74 G","longitud":-74.174629390000007,"latitud":4.5738031039999996,"coor_x":98922.268240000005,"coor_y":99752.400290000005}},{"type":"Feature","id":424,"geometry":{"type":"Point","coordinates":[-74.174853899787593,4.5739204374279812]},"properties":{"OBJECTID":424,"OBJECTID_1":1373,"object_id":23025,"cenefa":"477A11","consec_par":"477","modulo_par":"A","zona_par":11,"nombre_par":"Br. Caracolí","via_par":"Cl 76A S","direcc_par":"CL 76A Sur - KR 74Bis","locali_par":19,"consola_pa":"CL 76A Sur - KR 74Bis (477A11)","panel_par":"CL 76A Sur - KR 74Bis","audio_par":"Calle 76 A Sur Carrera 74 Bis","longitud":-74.174853900000002,"latitud":4.573920438,"coor_x":98919.77708,"coor_y":99753.698120000001}},{"type":"Feature","id":425,"geometry":{"type":"Point","coordinates":[-74.153284540049469,4.5739855996054395]},"properties":{"OBJECTID":425,"OBJECTID_1":1377,"object_id":23029,"cenefa":"031B11","consec_par":"031","modulo_par":"B","zona_par":11,"nombre_par":"Br. Arborizadora Baja","via_par":"Av. V/cio","direcc_par":"AV. V/cio - KR 44A","locali_par":19,"consola_pa":"AV. V/cio - KR 44A (031B11)","panel_par":"AV. V/cio - KR 44A","audio_par":"Avenida Villavicencio Carrera 44 A","longitud":-74.153284540000001,"latitud":4.5739856000000003,"coor_x":99159.126860000004,"coor_y":99754.389850000007}},{"type":"Feature","id":426,"geometry":{"type":"Point","coordinates":[-74.161751999754927,4.5740949994343776]},"properties":{"OBJECTID":426,"OBJECTID_1":1380,"object_id":23032,"cenefa":"435A10","consec_par":"435","modulo_par":"A","zona_par":10,"nombre_par":"Jerusalén Bellavista","via_par":"CL 70 Sur","direcc_par":"CL 70 Sur - KR 48A","locali_par":19,"consola_pa":"CL 70 Sur - KR 48A (435A10)","panel_par":"CL 70 Sur - KR 48A","audio_par":"Calle 70 Sur Carrera 48 A","longitud":-74.161752000000007,"latitud":4.5740949999999998,"coor_x":99065.165779999996,"coor_y":99755.610079999999}},{"type":"Feature","id":427,"geometry":{"type":"Point","coordinates":[-74.15385129010491,4.5741189420852146]},"properties":{"OBJECTID":427,"OBJECTID_1":1382,"object_id":23034,"cenefa":"453A11","consec_par":"453","modulo_par":"A","zona_par":11,"nombre_par":"Br. Candelaria La Nueva","via_par":"Av. V/cio","direcc_par":"AV. V/cio - KR 45A","locali_par":19,"consola_pa":"AV. V/cio - KR 45A (453A11)","panel_par":"AV. V/cio - KR 45A","audio_par":"Avenida Villavicencio Carrera 45 A","longitud":-74.153851290000006,"latitud":4.5741189420000001,"coor_x":99152.837939999998,"coor_y":99755.865040000004}},{"type":"Feature","id":428,"geometry":{"type":"Point","coordinates":[-74.168995490249642,4.5742328331284865]},"properties":{"OBJECTID":428,"OBJECTID_1":1384,"object_id":23036,"cenefa":"333A10","consec_par":"333","modulo_par":"A","zona_par":10,"nombre_par":"IED Sierra Morena","via_par":"(en blanco)","direcc_par":"CL 75C Sur - TV 53","locali_par":19,"consola_pa":"CL 75C Sur - TV 53 (333A10)","panel_par":"CL 75C Sur - TV 53","audio_par":"Calle 75 C Sur Transversal 53","longitud":-74.16899549,"latitud":4.5742328329999999,"coor_x":98984.786819999994,"coor_y":99757.144090000002}},{"type":"Feature","id":429,"geometry":{"type":"Point","coordinates":[-74.161943999615858,4.5742440000103333]},"properties":{"OBJECTID":429,"OBJECTID_1":1385,"object_id":23037,"cenefa":"436A10","consec_par":"436","modulo_par":"A","zona_par":10,"nombre_par":"Jerusalén La Pradera","via_par":"CL 70 Sur","direcc_par":"CL 70 Sur - KR 48B","locali_par":19,"consola_pa":"CL 70 Sur - KR 48B (436A10)","panel_par":"CL 70 Sur - KR 48B","audio_par":"Calle 70 Sur Carrera 48 Be","longitud":-74.161944000000005,"latitud":4.5742440000000002,"coor_x":99063.035399999993,"coor_y":99757.257989999998}},{"type":"Feature","id":430,"geometry":{"type":"Point","coordinates":[-74.153622400053678,4.5742959241672638]},"properties":{"OBJECTID":430,"OBJECTID_1":1388,"object_id":23040,"cenefa":"031A11","consec_par":"031","modulo_par":"A","zona_par":11,"nombre_par":"Br. Arborizadora Baja","via_par":"Av. V/cio","direcc_par":"AV. V/cio - KR 44","locali_par":19,"consola_pa":"AV. V/cio - KR 44 (031A11)","panel_par":"AV. V/cio - KR 44","audio_par":"Avenida Villavicencio Carrera 44","longitud":-74.153622400000003,"latitud":4.5742959240000003,"coor_x":99155.378079999995,"coor_y":99757.821859999996}},{"type":"Feature","id":431,"geometry":{"type":"Point","coordinates":[-74.168899660291061,4.5743546867690963]},"properties":{"OBJECTID":431,"OBJECTID_1":1389,"object_id":23041,"cenefa":"103A10","consec_par":"103","modulo_par":"A","zona_par":10,"nombre_par":"Br. Sierra Morena","via_par":"Cl 75B S","direcc_par":"CL 75B Sur - TV 57","locali_par":19,"consola_pa":"CL 75B Sur - TV 57 (103A10)","panel_par":"CL 75B Sur - TV 57","audio_par":"Calle 75 Be Sur Transversal 57","longitud":-74.168899659999994,"latitud":4.5743546869999996,"coor_x":98985.850399999996,"coor_y":99758.491429999995}},{"type":"Feature","id":432,"geometry":{"type":"Point","coordinates":[-74.154093519800085,4.5744220648761171]},"properties":{"OBJECTID":432,"OBJECTID_1":1390,"object_id":23042,"cenefa":"453B11","consec_par":"453","modulo_par":"B","zona_par":11,"nombre_par":"Br. Candelaria La Nueva","via_par":"Av. V/cio","direcc_par":"AV. V/cio - KR 44C","locali_par":19,"consola_pa":"AV. V/cio - KR 44C (453B11)","panel_par":"AV. V/cio - KR 44C","audio_par":"Avenida Villavicencio Carrera 44 C","longitud":-74.154093520000004,"latitud":4.5744220650000003,"coor_x":99150.150339999993,"coor_y":99759.217300000004}},{"type":"Feature","id":433,"geometry":{"type":"Point","coordinates":[-74.167256429840336,4.5746151250376785]},"properties":{"OBJECTID":433,"OBJECTID_1":1395,"object_id":23047,"cenefa":"327A10","consec_par":"327","modulo_par":"A","zona_par":10,"nombre_par":"Br. Sierra Morena III Sector","via_par":"Cl 75A S","direcc_par":"CL 75A Sur - TV 59","locali_par":19,"consola_pa":"CL 75A Sur - TV 59 (327A10)","panel_par":"CL 75A Sur - TV 59","audio_par":"Calle 75 A Sur Transversal 59","longitud":-74.167256429999995,"latitud":4.5746151250000002,"coor_x":99004.085250000004,"coor_y":99761.369089999993}},{"type":"Feature","id":434,"geometry":{"type":"Point","coordinates":[-74.167468400046573,4.5747138085451464]},"properties":{"OBJECTID":434,"OBJECTID_1":1399,"object_id":23051,"cenefa":"326A10","consec_par":"326","modulo_par":"A","zona_par":10,"nombre_par":"Br. Sierra Morena III Sector","via_par":"Cl 75A S","direcc_par":"CL 75A Sur - TV 59","locali_par":19,"consola_pa":"CL 75A Sur - TV 59 (326A10)","panel_par":"CL 75A Sur - TV 59","audio_par":"Calle 75 A Sur Transversal 59","longitud":-74.167468400000004,"latitud":4.5747138090000004,"coor_x":99001.733210000006,"coor_y":99762.460649999994}},{"type":"Feature","id":435,"geometry":{"type":"Point","coordinates":[-74.165226999926062,4.5748920002153612]},"properties":{"OBJECTID":435,"OBJECTID_1":1402,"object_id":23054,"cenefa":"439A10","consec_par":"439","modulo_par":"A","zona_par":10,"nombre_par":"Br. Sierra Morena","via_par":"DG 73C Sur","direcc_par":"DG 73C Sur - TV 50","locali_par":19,"consola_pa":"DG 73C Sur - TV 50 (439A10)","panel_par":"DG 73C Sur - TV 50","audio_par":"Diagonal 73 C Sur Transversal 50","longitud":-74.165227000000002,"latitud":4.5748920000000002,"coor_x":99026.605670000004,"coor_y":99764.428039999999}},{"type":"Feature","id":436,"geometry":{"type":"Point","coordinates":[-74.170476019852401,4.575414228433587]},"properties":{"OBJECTID":436,"OBJECTID_1":1411,"object_id":23063,"cenefa":"102A10","consec_par":"102","modulo_par":"A","zona_par":10,"nombre_par":"Fundación Baruc","via_par":"Cl 75D S","direcc_par":"CL 75D Sur - KR 73B","locali_par":19,"consola_pa":"CL 75D Sur - KR 73B (102A10)","panel_par":"CL 75D Sur - KR 73B","audio_par":"Calle 75 D Sur Carrera 73 Be","longitud":-74.170476019999995,"latitud":4.5754142289999997,"coor_x":98968.359450000004,"coor_y":99770.210250000004}},{"type":"Feature","id":437,"geometry":{"type":"Point","coordinates":[-74.170719700153995,4.5754187520234719]},"properties":{"OBJECTID":437,"OBJECTID_1":1412,"object_id":23064,"cenefa":"101A10","consec_par":"101","modulo_par":"A","zona_par":10,"nombre_par":"Br. La Unión Divino Niño","via_par":"Cl 75D S","direcc_par":"CL 75D Sur - TV 73C","locali_par":19,"consola_pa":"CL 75D Sur - TV 73C (101A10)","panel_par":"CL 75D Sur - TV 73C","audio_par":"Calle 75 D Sur Transversal 73 C","longitud":-74.170719700000006,"latitud":4.575418752,"coor_x":98965.655410000007,"coor_y":99770.260620000001}},{"type":"Feature","id":438,"geometry":{"type":"Point","coordinates":[-74.139912589794164,4.5754743490116798]},"properties":{"OBJECTID":438,"OBJECTID_1":1417,"object_id":23069,"cenefa":"505B11","consec_par":"505","modulo_par":"B","zona_par":11,"nombre_par":"Br. Tunal Sector II","via_par":"AV. Boyacá","direcc_par":"AV. Boyacá - KR 24","locali_par":6,"consola_pa":"AV. Boyacá - KR 24 (505B11)","panel_par":"AV. Boyacá - KR 24","audio_par":"Avenida Boyacá Carrera 24","longitud":-74.139912589999994,"latitud":4.5754743490000003,"coor_x":99307.513349999994,"coor_y":99770.838380000001}},{"type":"Feature","id":439,"geometry":{"type":"Point","coordinates":[-74.140084220010692,4.575900375851317]},"properties":{"OBJECTID":439,"OBJECTID_1":1424,"object_id":23076,"cenefa":"505A11","consec_par":"505","modulo_par":"A","zona_par":11,"nombre_par":"Br. Tunal Sector II","via_par":"AV. Boyacá","direcc_par":"AV. Boyacá - KR 24","locali_par":6,"consola_pa":"AV. Boyacá - KR 24 (505A11)","panel_par":"AV. Boyacá - KR 24","audio_par":"Avenida Boyacá Carrera 24","longitud":-74.140084220000006,"latitud":4.5759003759999999,"coor_x":99305.609230000002,"coor_y":99775.549610000002}},{"type":"Feature","id":440,"geometry":{"type":"Point","coordinates":[-74.173903749858141,4.5761904171037164]},"properties":{"OBJECTID":440,"OBJECTID_1":1430,"object_id":23082,"cenefa":"105A10","consec_par":"105","modulo_par":"A","zona_par":10,"nombre_par":"Br. Santa Viviana","via_par":"Cl 75D S","direcc_par":"CL 75D Sur - KR 74F","locali_par":19,"consola_pa":"CL 75D Sur - KR 74F (105A10)","panel_par":"CL 75D Sur - KR 74F","audio_par":"Calle 75 D Sur Carrera 74 F","longitud":-74.173903749999994,"latitud":4.5761904170000003,"coor_x":98930.324030000003,"coor_y":99778.798469999994}},{"type":"Feature","id":441,"geometry":{"type":"Point","coordinates":[-74.173881169680214,4.5762858639511252]},"properties":{"OBJECTID":441,"OBJECTID_1":1433,"object_id":23085,"cenefa":"106A10","consec_par":"106","modulo_par":"A","zona_par":10,"nombre_par":"Br. Santa Viviana","via_par":"Cl 75D S","direcc_par":"CL 75D Sur - KR 74F","locali_par":19,"consola_pa":"CL 75D Sur - KR 74F (106A10)","panel_par":"CL 75D Sur - KR 74F","audio_par":"Calle 75 D Sur Carrera 74 F","longitud":-74.173881170000001,"latitud":4.5762858639999999,"coor_x":98930.574729999993,"coor_y":99779.853900000002}},{"type":"Feature","id":442,"geometry":{"type":"Point","coordinates":[-74.163541000416785,4.5764259999096009]},"properties":{"OBJECTID":442,"OBJECTID_1":1436,"object_id":23088,"cenefa":"437A10","consec_par":"437","modulo_par":"A","zona_par":10,"nombre_par":"Balcón de la Sierra","via_par":"CL 70 Sur","direcc_par":"CL 70 Sur - TV 50","locali_par":19,"consola_pa":"CL 70 Sur - TV 50 (437A10)","panel_par":"CL 70 Sur - TV 50","audio_par":"Calle 70 Sur Transversal 50","longitud":-74.163540999999995,"latitud":4.5764259999999997,"coor_x":99045.316800000001,"coor_y":99781.38897}},{"type":"Feature","id":443,"geometry":{"type":"Point","coordinates":[-74.163961000000086,4.5766929996318542]},"properties":{"OBJECTID":443,"OBJECTID_1":1443,"object_id":23095,"cenefa":"438A10","consec_par":"438","modulo_par":"A","zona_par":10,"nombre_par":"Sierra Morena","via_par":"CL 70 Sur","direcc_par":"CL 70 Sur - TV 52","locali_par":19,"consola_pa":"CL 70 Sur - TV 52 (438A10)","panel_par":"CL 70 Sur - TV 52","audio_par":"Calle 70 Sur Transversal 52","longitud":-74.163961,"latitud":4.5766929999999997,"coor_x":99040.656529999993,"coor_y":99784.342059999995}},{"type":"Feature","id":444,"geometry":{"type":"Point","coordinates":[-74.155254749606968,4.5767038868245313]},"properties":{"OBJECTID":444,"OBJECTID_1":1445,"object_id":23097,"cenefa":"030B10","consec_par":"030","modulo_par":"B","zona_par":10,"nombre_par":"Br. Verona","via_par":"Av. V/cio","direcc_par":"AV. V/cio - TV 49","locali_par":19,"consola_pa":"AV. V/cio - TV 49 (030B10)","panel_par":"AV. V/cio - TV 49","audio_par":"Avenida Villavicencio Transversal 49","longitud":-74.155254749999997,"latitud":4.5767038869999999,"coor_x":99137.267210000005,"coor_y":99784.451400000005}},{"type":"Feature","id":445,"geometry":{"type":"Point","coordinates":[-74.155673269805504,4.5768205657661234]},"properties":{"OBJECTID":445,"OBJECTID_1":1448,"object_id":23100,"cenefa":"089A10","consec_par":"089","modulo_par":"A","zona_par":10,"nombre_par":"Br. Verona","via_par":"Av. V/cio","direcc_par":"AV. V/cio - KR 48","locali_par":19,"consola_pa":"AV. V/cio - KR 48 (089A10)","panel_par":"AV. V/cio - KR 48","audio_par":"Avenida Villavicencio Carrera 48","longitud":-74.155673269999994,"latitud":4.5768205660000003,"coor_x":99132.623160000003,"coor_y":99785.742159999994}},{"type":"Feature","id":446,"geometry":{"type":"Point","coordinates":[-74.139908190310678,4.5768817475442285]},"properties":{"OBJECTID":446,"OBJECTID_1":1449,"object_id":23101,"cenefa":"098A11","consec_par":"098","modulo_par":"A","zona_par":11,"nombre_par":"Br. Tunal Oriental","via_par":"KR  25","direcc_par":"KR 25 - CL 55A Sur","locali_par":6,"consola_pa":"KR 25 - CL 55A Sur (098A11)","panel_par":"KR 25 - CL 55A Sur","audio_par":"Carrera 25 Calle 55 A Sur","longitud":-74.13990819,"latitud":4.5768817479999999,"coor_x":99307.563529999999,"coor_y":99786.401589999994}},{"type":"Feature","id":447,"geometry":{"type":"Point","coordinates":[-74.155384240290402,4.576920546995261]},"properties":{"OBJECTID":447,"OBJECTID_1":1452,"object_id":23104,"cenefa":"030A10","consec_par":"030","modulo_par":"A","zona_par":10,"nombre_par":"Br. Verona","via_par":"Av. V/cio","direcc_par":"AV. V/cio - KR 48","locali_par":19,"consola_pa":"AV. V/cio - KR 48 (030A10)","panel_par":"AV. V/cio - KR 48","audio_par":"Avenida Villavicencio Carrera 48","longitud":-74.155384240000004,"latitud":4.5769205470000003,"coor_x":99135.830549999999,"coor_y":99786.847410000002}},{"type":"Feature","id":448,"geometry":{"type":"Point","coordinates":[-74.176430500367246,4.576963800788401]},"properties":{"OBJECTID":448,"OBJECTID_1":1454,"object_id":23106,"cenefa":"099A10","consec_par":"099","modulo_par":"A","zona_par":10,"nombre_par":"Br. Santa Viviana","via_par":"Dg 75D S","direcc_par":"DG 75D Sur - KR 75F","locali_par":19,"consola_pa":"DG 75D Sur - KR 75F (099A10)","panel_par":"DG 75D Sur - KR 75F","audio_par":"Diagonal 75 D Sur Carrera 75 F","longitud":-74.176430499999995,"latitud":4.5769638009999998,"coor_x":98902.28658,"coor_y":99787.354479999995}},{"type":"Feature","id":449,"geometry":{"type":"Point","coordinates":[-74.172170999991636,4.5770419995382561]},"properties":{"OBJECTID":449,"OBJECTID_1":1456,"object_id":23108,"cenefa":"431A10","consec_par":"431","modulo_par":"A","zona_par":10,"nombre_par":"Br. Sierra Morena","via_par":"CL 75C Sur","direcc_par":"CL 75C Sur - KR 73I","locali_par":19,"consola_pa":"CL 75C Sur - KR 73I (431A10)","panel_par":"CL 75C Sur - KR 73I","audio_par":"Calle 75 C Sur Carrera 73 I","longitud":-74.172171000000006,"latitud":4.5770419999999996,"coor_x":98949.553100000005,"coor_y":99788.212839999993}},{"type":"Feature","id":450,"geometry":{"type":"Point","coordinates":[-74.172289000037267,4.5770459997227588]},"properties":{"OBJECTID":450,"OBJECTID_1":1457,"object_id":23109,"cenefa":"427A10","consec_par":"427","modulo_par":"A","zona_par":10,"nombre_par":"Br. Sierra Morena","via_par":"CL 75C Sur","direcc_par":"CL 75C Sur - KR 74A","locali_par":19,"consola_pa":"CL 75C Sur - KR 74A (427A10)","panel_par":"CL 75C Sur - KR 74A","audio_par":"Calle 75 C Sur Carrera 74 A","longitud":-74.172289000000006,"latitud":4.5770460000000002,"coor_x":98948.243700000006,"coor_y":99788.257249999995}},{"type":"Feature","id":451,"geometry":{"type":"Point","coordinates":[-74.176389260156213,4.5770474907986767]},"properties":{"OBJECTID":451,"OBJECTID_1":1458,"object_id":23110,"cenefa":"100A10","consec_par":"100","modulo_par":"A","zona_par":10,"nombre_par":"Br. Santa Viviana","via_par":"Dg 75D S","direcc_par":"DG 75D Sur - TV 75H","locali_par":19,"consola_pa":"DG 75D Sur - TV 75H (100A10)","panel_par":"DG 75D Sur - TV 75H","audio_par":"Diagonal 75 D Sur Transversal 75 H","longitud":-74.176389259999993,"latitud":4.5770474910000001,"coor_x":98902.744340000005,"coor_y":99788.279869999998}},{"type":"Feature","id":452,"geometry":{"type":"Point","coordinates":[-74.170704710254142,4.5771000336892316]},"properties":{"OBJECTID":452,"OBJECTID_1":1461,"object_id":23113,"cenefa":"300A10","consec_par":"300","modulo_par":"A","zona_par":10,"nombre_par":"Br. Sierra Morena","via_par":"Cl 75B S","direcc_par":"CL 75B Sur - TV 73H","locali_par":19,"consola_pa":"CL 75B Sur - TV 73H (300A10)","panel_par":"CL 75B Sur - TV 73H","audio_par":"Calle 75 Be Sur Transversal 73 H","longitud":-74.170704709999995,"latitud":4.5771000339999999,"coor_x":98965.824160000004,"coor_y":99788.852459999995}},{"type":"Feature","id":453,"geometry":{"type":"Point","coordinates":[-74.170627950419544,4.5771079540184969]},"properties":{"OBJECTID":453,"OBJECTID_1":1462,"object_id":23114,"cenefa":"104A10","consec_par":"104","modulo_par":"A","zona_par":10,"nombre_par":"Br. Sierra Morena","via_par":"Cl 75B S","direcc_par":"CL 75B Sur - TV 73G","locali_par":19,"consola_pa":"CL 75B Sur - TV 73G (104A10)","panel_par":"CL 75B Sur - TV 73G","audio_par":"Calle 75 Be Sur Transversal 73 G","longitud":-74.170627949999997,"latitud":4.5771079539999997,"coor_x":98966.675959999993,"coor_y":99788.939929999993}},{"type":"Feature","id":454,"geometry":{"type":"Point","coordinates":[-74.169115629782425,4.5771199347868041]},"properties":{"OBJECTID":454,"OBJECTID_1":1463,"object_id":23115,"cenefa":"109A10","consec_par":"109","modulo_par":"A","zona_par":10,"nombre_par":"Br. Sierra Morena","via_par":"Dg 75 S","direcc_par":"DG 75 Sur - TV 73C","locali_par":19,"consola_pa":"DG 75 Sur - TV 73C (109A10)","panel_par":"DG 75 Sur - TV 73C","audio_par":"Diagonal 75 Sur Transversal 73 C","longitud":-74.169115629999993,"latitud":4.5771199349999998,"coor_x":98983.457729999995,"coor_y":99789.070259999993}},{"type":"Feature","id":455,"geometry":{"type":"Point","coordinates":[-74.155838180287731,4.5771342699801885]},"properties":{"OBJECTID":455,"OBJECTID_1":1464,"object_id":23116,"cenefa":"089B10","consec_par":"089","modulo_par":"B","zona_par":10,"nombre_par":"Br. Verona","via_par":"Av. V/cio","direcc_par":"AV. V/cio - KR 48","locali_par":19,"consola_pa":"AV. V/cio - KR 48 (089B10)","panel_par":"AV. V/cio - KR 48","audio_par":"Avenida Villavicencio Carrera 48","longitud":-74.155838180000003,"latitud":4.5771342700000002,"coor_x":99130.793579999998,"coor_y":99789.211339999994}},{"type":"Feature","id":456,"geometry":{"type":"Point","coordinates":[-74.16903161961352,4.5772358852774797]},"properties":{"OBJECTID":456,"OBJECTID_1":1468,"object_id":23120,"cenefa":"110A10","consec_par":"110","modulo_par":"A","zona_par":10,"nombre_par":"Br. Sierra Morena III Sector","via_par":"Dg 75 S","direcc_par":"DG 75 Sur - TV 73B","locali_par":19,"consola_pa":"DG 75 Sur - TV 73B (110A10)","panel_par":"DG 75 Sur - TV 73B","audio_par":"Diagonal 75 Sur Transversal 73 Be","longitud":-74.169031619999998,"latitud":4.5772358850000003,"coor_x":98984.39013,"coor_y":99790.352329999994}},{"type":"Feature","id":457,"geometry":{"type":"Point","coordinates":[-74.140821530089511,4.577354003134336]},"properties":{"OBJECTID":457,"OBJECTID_1":1473,"object_id":23125,"cenefa":"116A11","consec_par":"116","modulo_par":"A","zona_par":11,"nombre_par":"IED Ciudad de Bogotá Sede B","via_par":"AV. Boyacá","direcc_par":"AV. Boyacá - KR 27","locali_par":6,"consola_pa":"AV. Boyacá - KR 27 (116A11)","panel_par":"AV. Boyacá - KR 27","audio_par":"Avenida Boyacá Carrera 27","longitud":-74.140821529999997,"latitud":4.5773540029999999,"coor_x":99297.428929999995,"coor_y":99791.624739999999}},{"type":"Feature","id":458,"geometry":{"type":"Point","coordinates":[-74.170049689941209,4.5773554186672278]},"properties":{"OBJECTID":458,"OBJECTID_1":1474,"object_id":23126,"cenefa":"299A10","consec_par":"299","modulo_par":"A","zona_par":10,"nombre_par":"Br. Sierra Morena TV 73G Bis B","via_par":"Dg 73C","direcc_par":"CL 75A Sur - TV 73G Bis B","locali_par":19,"consola_pa":"CL 75A Sur - TV 73G Bis B (299A10)","panel_par":"CL 75A Sur - TV 73G Bis B","audio_par":"Calle 75 A Sur Transversal 73 G Bis Be","longitud":-74.170049689999999,"latitud":4.5773554189999999,"coor_x":98973.093089999995,"coor_y":99791.675610000006}},{"type":"Feature","id":459,"geometry":{"type":"Point","coordinates":[-74.141362310422267,4.5774354304503841]},"properties":{"OBJECTID":459,"OBJECTID_1":1477,"object_id":23129,"cenefa":"001A11","consec_par":"001","modulo_par":"A","zona_par":11,"nombre_par":"Br. Arborizadora Baja","via_par":"AV. Boyacá","direcc_par":"AV. Boyacá - KR 25","locali_par":6,"consola_pa":"AV. Boyacá - KR 25 (001A11)","panel_par":"AV. Boyacá - KR 25","audio_par":"Avenida Boyacá Carrera 25","longitud":-74.141362310000005,"latitud":4.5774354309999996,"coor_x":99291.428150000007,"coor_y":99792.525720000005}},{"type":"Feature","id":460,"geometry":{"type":"Point","coordinates":[-74.1409172997935,4.5775663744382511]},"properties":{"OBJECTID":460,"OBJECTID_1":1479,"object_id":23131,"cenefa":"116B11","consec_par":"116","modulo_par":"B","zona_par":11,"nombre_par":"IED Ciudad de Bogotá Sede B","via_par":"AV. Boyacá","direcc_par":"AV. Boyacá - KR 27","locali_par":6,"consola_pa":"AV. Boyacá - KR 27 (116B11)","panel_par":"AV. Boyacá - KR 27","audio_par":"Avenida Boyacá Carrera 27","longitud":-74.140917299999998,"latitud":4.577566375,"coor_x":99296.366410000002,"coor_y":99793.973280000006}},{"type":"Feature","id":461,"geometry":{"type":"Point","coordinates":[-74.17049227959501,4.5776752202848119]},"properties":{"OBJECTID":461,"OBJECTID_1":1483,"object_id":23135,"cenefa":"298A10","consec_par":"298","modulo_par":"A","zona_par":10,"nombre_par":"Br. Sierra Morena TV 73H Bis","via_par":"Dg 75 S","direcc_par":"CL 75A Sur - TV 73H Bis","locali_par":19,"consola_pa":"CL 75A Sur - TV 73H Bis (298A10)","panel_par":"CL 75A Sur - TV 73H Bis","audio_par":"Calle 75 A Sur Transversal 73 H Bis","longitud":-74.170492280000005,"latitud":4.5776752199999997,"coor_x":98968.182260000001,"coor_y":99795.212650000001}},{"type":"Feature","id":462,"geometry":{"type":"Point","coordinates":[-74.165530000409149,4.5779249997884905]},"properties":{"OBJECTID":462,"OBJECTID_1":1491,"object_id":23143,"cenefa":"440A10","consec_par":"440","modulo_par":"A","zona_par":10,"nombre_par":"Br. Sierra Morena","via_par":"DG 70 Sur","direcc_par":"DG 70 Sur - TV 56","locali_par":19,"consola_pa":"DG 70 Sur - TV 56 (440A10)","panel_par":"DG 70 Sur - TV 56","audio_par":"Diagonal 70 Sur Transversal 56","longitud":-74.165530000000004,"latitud":4.5779249999999996,"coor_x":99023.247480000005,"coor_y":99797.967810000002}},{"type":"Feature","id":463,"geometry":{"type":"Point","coordinates":[-74.178555000312997,4.5780829998801149]},"properties":{"OBJECTID":463,"OBJECTID_1":1494,"object_id":23146,"cenefa":"207A10","consec_par":"207","modulo_par":"A","zona_par":10,"nombre_par":"Br. Santo Domingo","via_par":"Cl 68B S","direcc_par":"CL 68B Sur - KR 77B","locali_par":19,"consola_pa":"CL 68B Sur - KR 77B (207A10)","panel_par":"CL 68B Sur - KR 77B","audio_par":"Calle 68 Be Sur Carrera 77 Be","longitud":-74.178555000000003,"latitud":4.5780830000000003,"coor_x":98878.713380000001,"coor_y":99799.734030000007}},{"type":"Feature","id":464,"geometry":{"type":"Point","coordinates":[-74.167760939615619,4.5781517152790423]},"properties":{"OBJECTID":464,"OBJECTID_1":1496,"object_id":23148,"cenefa":"301A10","consec_par":"301","modulo_par":"A","zona_par":10,"nombre_par":"Br. Sierra Morena III Sector","via_par":"Dg 75 S","direcc_par":"DG 73C Sur - TV 73B","locali_par":19,"consola_pa":"DG 73C Sur - TV 73B (301A10)","panel_par":"DG 73C Sur - TV 73B","audio_par":"Diagonal 73 C Sur Transversal 73 Be","longitud":-74.167760939999994,"latitud":4.5781517149999997,"coor_x":98998.491750000001,"coor_y":99800.477929999994}},{"type":"Feature","id":465,"geometry":{"type":"Point","coordinates":[-74.166529069860644,4.5782306946404168]},"properties":{"OBJECTID":465,"OBJECTID_1":1498,"object_id":23150,"cenefa":"041A10","consec_par":"041","modulo_par":"A","zona_par":10,"nombre_par":"CED. Ciudad Bolívar","via_par":"Tv  60","direcc_par":"TV 60 - DG 70 Sur","locali_par":19,"consola_pa":"TV 60 - DG 70 Sur (041A10)","panel_par":"TV 60 - DG 70 Sur","audio_par":"Transversal 60 Diagonal 70 Sur","longitud":-74.166529069999996,"latitud":4.5782306950000002,"coor_x":99012.161529999998,"coor_y":99801.349600000001}},{"type":"Feature","id":466,"geometry":{"type":"Point","coordinates":[-74.141783130187264,4.5782513394773314]},"properties":{"OBJECTID":466,"OBJECTID_1":1500,"object_id":23152,"cenefa":"001B11","consec_par":"001","modulo_par":"B","zona_par":11,"nombre_par":"Br. Arborizadora Baja","via_par":"AV. Boyacá","direcc_par":"AV. Boyacá - KR 29","locali_par":6,"consola_pa":"AV. Boyacá - KR 29 (001B11)","panel_par":"AV. Boyacá - KR 29","audio_par":"Avenida Boyacá Carrera 29","longitud":-74.141783129999993,"latitud":4.5782513399999996,"coor_x":99286.759250000003,"coor_y":99801.548569999999}},{"type":"Feature","id":467,"geometry":{"type":"Point","coordinates":[-74.16773392038408,4.5784400127460012]},"properties":{"OBJECTID":467,"OBJECTID_1":1506,"object_id":23158,"cenefa":"331A10","consec_par":"331","modulo_par":"A","zona_par":10,"nombre_par":"Br. Sierra Morena","via_par":"Dg 73C S","direcc_par":"DG 73C Sur - TV 73B","locali_par":19,"consola_pa":"DG 73C Sur - TV 73B (331A10)","panel_par":"DG 73C Sur - TV 73B","audio_par":"Diagonal 73 C Sur Transversal 73 Be","longitud":-74.167733920000003,"latitud":4.5784400129999998,"coor_x":98998.791989999998,"coor_y":99803.665940000006}},{"type":"Feature","id":468,"geometry":{"type":"Point","coordinates":[-74.16651496039708,4.5784615856832085]},"properties":{"OBJECTID":468,"OBJECTID_1":1507,"object_id":23159,"cenefa":"040A10","consec_par":"040","modulo_par":"A","zona_par":10,"nombre_par":"Br. Sierra Morena","via_par":"Tv  60","direcc_par":"TV 60 - DG 72 Sur","locali_par":19,"consola_pa":"TV 60 - DG 72 Sur (040A10)","panel_par":"TV 60 - DG 72 Sur","audio_par":"Transversal 60 Diagonal 72 Sur","longitud":-74.166514960000001,"latitud":4.5784615860000004,"coor_x":99012.318419999996,"coor_y":99803.90281}},{"type":"Feature","id":469,"geometry":{"type":"Point","coordinates":[-74.179669999570763,4.5786160001778669]},"properties":{"OBJECTID":469,"OBJECTID_1":1511,"object_id":23163,"cenefa":"414A10","consec_par":"414","modulo_par":"A","zona_par":10,"nombre_par":"Br. Santo Domingo","via_par":"KR 77C","direcc_par":"KR 77C - CL 68B Sur","locali_par":19,"consola_pa":"KR 77C - CL 68B Sur (414A10)","panel_par":"KR 77C - CL 68B Sur","audio_par":"Carrera 77 C Calle 68 Be Sur","longitud":-74.179670000000002,"latitud":4.5786160000000002,"coor_x":98866.341409999994,"coor_y":99805.629780000003}},{"type":"Feature","id":470,"geometry":{"type":"Point","coordinates":[-74.146149999722695,4.5786699999700771]},"properties":{"OBJECTID":470,"OBJECTID_1":1513,"object_id":23165,"cenefa":"408A10","consec_par":"408","modulo_par":"A","zona_par":10,"nombre_par":"Hogar Luis Amigó","via_par":"AV. J. Gaitán C.","direcc_par":"AV. J. Gaitán C. - CL 58 Sur","locali_par":6,"consola_pa":"AV. J. Gaitán C. - CL 58 Sur (408A10)","panel_par":"AV. J. Gaitán C. - CL 58 Sur","audio_par":"Avenida Jorge Gaitán Cortés Calle 58 Sur","longitud":-74.146150000000006,"latitud":4.5786699999999998,"coor_x":99238.301959999997,"coor_y":99806.182660000006}},{"type":"Feature","id":471,"geometry":{"type":"Point","coordinates":[-74.156321420197344,4.5787135010767681]},"properties":{"OBJECTID":471,"OBJECTID_1":1515,"object_id":23167,"cenefa":"090B10","consec_par":"090","modulo_par":"B","zona_par":10,"nombre_par":"U. Distrital","via_par":"Av. V/cio","direcc_par":"AV. V/cio - AK 51","locali_par":19,"consola_pa":"AV. V/cio - AK 51 (090B10)","panel_par":"AV. V/cio - AK 51","audio_par":"Avenida Villavicencio Avenida Carrera 51","longitud":-74.156321419999998,"latitud":4.5787135010000002,"coor_x":99125.433130000005,"coor_y":99806.675289999999}},{"type":"Feature","id":472,"geometry":{"type":"Point","coordinates":[-74.156728299571341,4.5788297564376839]},"properties":{"OBJECTID":472,"OBJECTID_1":1519,"object_id":23171,"cenefa":"071A10","consec_par":"071","modulo_par":"A","zona_par":10,"nombre_par":"U. Distrital","via_par":"Av. V/cio","direcc_par":"AV. V/cio - KR 49C","locali_par":19,"consola_pa":"AV. V/cio - KR 49C (071A10)","panel_par":"AV. V/cio - KR 49C","audio_par":"Avenida Villavicencio Carrera 49 C","longitud":-74.156728299999997,"latitud":4.5788297570000003,"coor_x":99120.918260000006,"coor_y":99807.961370000005}},{"type":"Feature","id":473,"geometry":{"type":"Point","coordinates":[-74.179346589873205,4.5788354626360368]},"properties":{"OBJECTID":473,"OBJECTID_1":1520,"object_id":23172,"cenefa":"284A10","consec_par":"284","modulo_par":"A","zona_par":10,"nombre_par":"IED Sierra Morena Sede B","via_par":"Cl 68B S","direcc_par":"CL 68B Sur - KR 77","locali_par":19,"consola_pa":"CL 68B Sur - KR 77 (284A10)","panel_par":"CL 68B Sur - KR 77","audio_par":"Calle 68 Be Sur Carrera 77","longitud":-74.179346589999994,"latitud":4.5788354629999999,"coor_x":98869.930540000001,"coor_y":99808.056119999994}},{"type":"Feature","id":474,"geometry":{"type":"Point","coordinates":[-74.147530999555954,4.5789690002687085]},"properties":{"OBJECTID":474,"OBJECTID_1":1522,"object_id":23174,"cenefa":"407A10","consec_par":"407","modulo_par":"A","zona_par":10,"nombre_par":"Hogar Luis Amigó","via_par":"AV. J. Gaitán C.","direcc_par":"AV. J. Gaitán C. - CL 58 Sur","locali_par":6,"consola_pa":"AV. J. Gaitán C. - CL 58 Sur (407A10)","panel_par":"AV. J. Gaitán C. - CL 58 Sur","audio_par":"Avenida Jorge Gaitán Cortés Calle 58 Sur","longitud":-74.147531000000001,"latitud":4.5789689999999998,"coor_x":99222.977780000001,"coor_y":99809.490529999995}},{"type":"Feature","id":475,"geometry":{"type":"Point","coordinates":[-74.168495000443897,4.579034999715061]},"properties":{"OBJECTID":475,"OBJECTID_1":1525,"object_id":23177,"cenefa":"430A10","consec_par":"430","modulo_par":"A","zona_par":10,"nombre_par":"Br. Sierra Morena TV73G","via_par":"TV 73H","direcc_par":"TV 73H - DG 73C Sur","locali_par":19,"consola_pa":"TV 73H - DG 73C Sur (430A10)","panel_par":"TV 73H - DG 73C Sur","audio_par":"Transversal 73 H Diagonal 73 C Sur","longitud":-74.168494999999993,"latitud":4.5790350000000002,"coor_x":98990.34736,"coor_y":99810.246459999995}},{"type":"Feature","id":476,"geometry":{"type":"Point","coordinates":[-74.156512259932811,4.5790461468118107]},"properties":{"OBJECTID":476,"OBJECTID_1":1526,"object_id":23178,"cenefa":"090A10","consec_par":"090","modulo_par":"A","zona_par":10,"nombre_par":"U. Distrital","via_par":"Av. V/cio","direcc_par":"AV. V/cio - KR 49C","locali_par":19,"consola_pa":"AV. V/cio - KR 49C (090A10)","panel_par":"AV. V/cio - KR 49C","audio_par":"Avenida Villavicencio Carrera 49 C","longitud":-74.15651226,"latitud":4.5790461469999997,"coor_x":99123.315849999999,"coor_y":99810.35398}},{"type":"Feature","id":477,"geometry":{"type":"Point","coordinates":[-74.156831670345298,4.5790592616251962]},"properties":{"OBJECTID":477,"OBJECTID_1":1527,"object_id":23179,"cenefa":"071B10","consec_par":"071","modulo_par":"B","zona_par":10,"nombre_par":"U. Distrital","via_par":"Av. V/cio","direcc_par":"AV. V/cio - KR 49","locali_par":19,"consola_pa":"AV. V/cio - KR 49 (071B10)","panel_par":"AV. V/cio - KR 49","audio_par":"Avenida Villavicencio Carrera 49 C","longitud":-74.156831670000003,"latitud":4.5790592620000004,"coor_x":99119.771479999996,"coor_y":99810.499389999997}},{"type":"Feature","id":478,"geometry":{"type":"Point","coordinates":[-74.169948369621522,4.5790777714715043]},"properties":{"OBJECTID":478,"OBJECTID_1":1528,"object_id":23180,"cenefa":"111A10","consec_par":"111","modulo_par":"A","zona_par":10,"nombre_par":"Br. Sierra Morena Tv 73H","via_par":"Dg 73C S","direcc_par":"DG 73C Sur - TV 73H","locali_par":19,"consola_pa":"DG 73C Sur - TV 73H (111A10)","panel_par":"DG 73C Sur - TV 73H","audio_par":"Diagonal 73 C Sur Transversal 73 H","longitud":-74.16994837,"latitud":4.5790777719999998,"coor_x":98974.219859999997,"coor_y":99810.7215}},{"type":"Feature","id":479,"geometry":{"type":"Point","coordinates":[-74.14349999982511,4.5791309996454697]},"properties":{"OBJECTID":479,"OBJECTID_1":1531,"object_id":23183,"cenefa":"013A10","consec_par":"013","modulo_par":"A","zona_par":10,"nombre_par":"Br. Muzú","via_par":"KR 33","direcc_par":"KR 33 - DG 58 Sur","locali_par":6,"consola_pa":"KR 33 - DG 58 Sur (013A10)","panel_par":"KR 33 - DG 58 Sur","audio_par":"Carrera 33 Diagonal 58 Sur","longitud":-74.143500000000003,"latitud":4.5791310000000003,"coor_x":99267.708599999998,"coor_y":99811.277709999995}},{"type":"Feature","id":480,"geometry":{"type":"Point","coordinates":[-74.168444999936753,4.579145000291108]},"properties":{"OBJECTID":480,"OBJECTID_1":1532,"object_id":23184,"cenefa":"428A10","consec_par":"428","modulo_par":"A","zona_par":10,"nombre_par":"Br. Sierra Morena TV73G","via_par":"TV 73H","direcc_par":"TV 73H - DG 73C Sur","locali_par":19,"consola_pa":"TV 73H - DG 73C Sur (428A10)","panel_par":"TV 73H - DG 73C Sur","audio_par":"Transversal 73 H Diagonal 73 C Sur","longitud":-74.168445000000006,"latitud":4.5791449999999996,"coor_x":98990.902350000004,"coor_y":99811.462780000002}},{"type":"Feature","id":481,"geometry":{"type":"Point","coordinates":[-74.169970199764862,4.5792304268922202]},"properties":{"OBJECTID":481,"OBJECTID_1":1534,"object_id":23186,"cenefa":"112A10","consec_par":"112","modulo_par":"A","zona_par":10,"nombre_par":"Br. Sierra Morena  Tv  73J","via_par":"Dg 73C S","direcc_par":"DG 73C Sur - TV 73J","locali_par":19,"consola_pa":"DG 73C Sur - TV 73J (112A10)","panel_par":"DG 73C Sur - TV 73J","audio_par":"Diagonal 73 C Sur Transversal 73 J","longitud":-74.169970199999995,"latitud":4.5792304269999997,"coor_x":98973.977830000003,"coor_y":99812.409610000002}},{"type":"Feature","id":482,"geometry":{"type":"Point","coordinates":[-74.167349610396172,4.579331761601078]},"properties":{"OBJECTID":482,"OBJECTID_1":1538,"object_id":23190,"cenefa":"113A10","consec_par":"113","modulo_par":"A","zona_par":10,"nombre_par":"Br. Sierra Morena","via_par":"Dg 70 S","direcc_par":"DG 70 Sur - KR 73D","locali_par":19,"consola_pa":"DG 70 Sur - KR 73D (113A10)","panel_par":"DG 70 Sur - KR 73D","audio_par":"Diagonal 70 Sur Carrera 73 D","longitud":-74.167349610000002,"latitud":4.5793317619999998,"coor_x":99003.057790000006,"coor_y":99813.526490000004}},{"type":"Feature","id":483,"geometry":{"type":"Point","coordinates":[-74.167216099743143,4.5793768590043804]},"properties":{"OBJECTID":483,"OBJECTID_1":1539,"object_id":23191,"cenefa":"114A10","consec_par":"114","modulo_par":"A","zona_par":10,"nombre_par":"Br. Sierra Morena","via_par":"Dg 70 S","direcc_par":"DG 70 Sur - KR 73D Bis","locali_par":19,"consola_pa":"DG 70 Sur - KR 73D Bis (114A10)","panel_par":"DG 70 Sur - KR 73D Bis","audio_par":"Diagonal 70 Sur Carrera 73 D Bis","longitud":-74.167216100000005,"latitud":4.5793768589999999,"coor_x":99004.539359999995,"coor_y":99814.024999999994}},{"type":"Feature","id":484,"geometry":{"type":"Point","coordinates":[-74.143446619665724,4.5794473406717939]},"properties":{"OBJECTID":484,"OBJECTID_1":1541,"object_id":23193,"cenefa":"316A10","consec_par":"316","modulo_par":"A","zona_par":10,"nombre_par":"Br. Muzú","via_par":"AV. J. Gaitán C.","direcc_par":"AV. J. Gaitán C. - DG 58 Sur","locali_par":6,"consola_pa":"AV. J. Gaitán C. - DG 58 Sur (316A10)","panel_par":"AV. J. Gaitán C. - DG 58 Sur","audio_par":"Avenida Jorge Gaitán Cortés Diagonal 58 Sur","longitud":-74.143446620000006,"latitud":4.5794473409999998,"coor_x":99268.301259999993,"coor_y":99814.775800000003}},{"type":"Feature","id":485,"geometry":{"type":"Point","coordinates":[-74.157239000279617,4.5798329996427594]},"properties":{"OBJECTID":485,"OBJECTID_1":1548,"object_id":23200,"cenefa":"071C10","consec_par":"071","modulo_par":"C","zona_par":10,"nombre_par":"Universidad Distrital","via_par":"Av. V/cio","direcc_par":"AV. V/cio – AV. J. Gaitán C.","locali_par":19,"consola_pa":"AV. V/cio – AV. J. Gaitán C. (071C10)","panel_par":"AV. V/cio – AV. J. Gaitán C.","audio_par":"Avenida Villavicencio Avenida Jorge Gaitan Cortes","longitud":-74.157239000000004,"latitud":4.5798329999999998,"coor_x":99115.252420000004,"coor_y":99819.055999999997}},{"type":"Feature","id":486,"geometry":{"type":"Point","coordinates":[-74.143100690044776,4.5798337910461644]},"properties":{"OBJECTID":486,"OBJECTID_1":1550,"object_id":23202,"cenefa":"316B10","consec_par":"316","modulo_par":"B","zona_par":10,"nombre_par":"Br. Muzú","via_par":"AV. J. Gaitán C.","direcc_par":"AV. J. Gaitán C. - DG 58 Sur","locali_par":6,"consola_pa":"AV. J. Gaitán C. - DG 58 Sur (316B10)","panel_par":"AV. J. Gaitán C. - DG 58 Sur","audio_par":"Avenida Jorge Gaitán Cortés Diagonal 58 Sur","longitud":-74.143100689999997,"latitud":4.5798337910000004,"coor_x":99272.140310000003,"coor_y":99819.048859999995}},{"type":"Feature","id":487,"geometry":{"type":"Point","coordinates":[-74.142676120106842,4.5799836396827898]},"properties":{"OBJECTID":487,"OBJECTID_1":1556,"object_id":23208,"cenefa":"013B10","consec_par":"013","modulo_par":"B","zona_par":10,"nombre_par":"Br. Muzú","via_par":"AV. J. Gaitán C.","direcc_par":"AV. J. Gaitán C. - AV. Boyacá","locali_par":6,"consola_pa":"AV. J. Gaitán C. - AV. Boyacá (013B10)","panel_par":"AV. J. Gaitán C. - AV. Boyacá","audio_par":"Avenida Jorge Gaitán Cortés Avenida Boyacá","longitud":-74.142676120000004,"latitud":4.57998364,"coor_x":99276.851769999994,"coor_y":99820.705480000004}},{"type":"Feature","id":488,"geometry":{"type":"Point","coordinates":[-74.158618519828792,4.5801672030035592]},"properties":{"OBJECTID":488,"OBJECTID_1":1560,"object_id":23212,"cenefa":"396A10","consec_par":"396","modulo_par":"A","zona_par":10,"nombre_par":"Universidad Distrital","via_par":"AV. J. Gaitán C.","direcc_par":"AV. J. Gaitán C. - DG 68 B Sur","locali_par":19,"consola_pa":"AV. J. Gaitán C. - DG 68 B Sur (396A10)","panel_par":"AV. J. Gaitán C. - DG 68 B Sur","audio_par":"Avenida Jorge Gaitán Cortés Diagonal 68 Be Sur","longitud":-74.158618520000005,"latitud":4.5801672030000002,"coor_x":99099.944780000005,"coor_y":99822.753379999995}},{"type":"Feature","id":489,"geometry":{"type":"Point","coordinates":[-74.158650309963775,4.5803996642626359]},"properties":{"OBJECTID":489,"OBJECTID_1":1569,"object_id":23221,"cenefa":"386A10","consec_par":"386","modulo_par":"A","zona_par":10,"nombre_par":"Urb. El Ensueño","via_par":"AV. J. Gaitán C.","direcc_par":"AV. J. Gaitán C. - DG 68 B Sur","locali_par":19,"consola_pa":"AV. J. Gaitán C. - DG 68 B Sur (386A10)","panel_par":"AV. J. Gaitán C. - DG 68 B Sur","audio_par":"Avenida Jorge Gaitán Cortés Diagonal 68 Be Sur","longitud":-74.158650309999999,"latitud":4.5803996639999998,"coor_x":99099.592310000007,"coor_y":99825.324009999997}},{"type":"Feature","id":490,"geometry":{"type":"Point","coordinates":[-74.151278220013808,4.5804678121892692]},"properties":{"OBJECTID":490,"OBJECTID_1":1572,"object_id":23224,"cenefa":"014A10","consec_par":"014","modulo_par":"A","zona_par":10,"nombre_par":"Pq. La Coruña","via_par":"AV. J. Gaitán C.","direcc_par":"AV. J. Gaitán C. - CL 58A Sur","locali_par":19,"consola_pa":"AV. J. Gaitán C. - CL 58A Sur (014A10)","panel_par":"AV. J. Gaitán C. - CL 58A Sur","audio_par":"Avenida Jorge Gaitán Cortés Calle 58 A Sur","longitud":-74.151278219999995,"latitud":4.5804678120000002,"coor_x":99181.397840000005,"coor_y":99826.068769999998}},{"type":"Feature","id":491,"geometry":{"type":"Point","coordinates":[-74.165769249751008,4.5804810565050982]},"properties":{"OBJECTID":491,"OBJECTID_1":1573,"object_id":23225,"cenefa":"064A10","consec_par":"064","modulo_par":"A","zona_par":10,"nombre_par":"Br. Sierra Morena CL 69F Sur","via_par":"Tv  60","direcc_par":"TV 60 - CL 69F Sur","locali_par":19,"consola_pa":"TV 60 - CL 69F Sur (064A10)","panel_par":"TV 60 - CL 69F Sur","audio_par":"Transversal 60 Calle 69 F Sur","longitud":-74.165769249999997,"latitud":4.5804810570000001,"coor_x":99020.59607,"coor_y":99826.233389999994}},{"type":"Feature","id":492,"geometry":{"type":"Point","coordinates":[-74.165601470431454,4.5805026986901005]},"properties":{"OBJECTID":492,"OBJECTID_1":1575,"object_id":23227,"cenefa":"065A10","consec_par":"065","modulo_par":"A","zona_par":10,"nombre_par":"Br. Sierra Morena DG 69A Sur","via_par":"Tv  60","direcc_par":"TV 60 - DG 69A Sur","locali_par":19,"consola_pa":"TV 60 - DG 69A Sur (065A10)","panel_par":"TV 60 - DG 69A Sur","audio_par":"Transversal 60 Diagonal 69 A Sur","longitud":-74.165601469999999,"latitud":4.5805026990000002,"coor_x":99022.457899999994,"coor_y":99826.47249}},{"type":"Feature","id":493,"geometry":{"type":"Point","coordinates":[-74.151022770284555,4.5805899356265476]},"properties":{"OBJECTID":493,"OBJECTID_1":1577,"object_id":23229,"cenefa":"015B10","consec_par":"015","modulo_par":"B","zona_par":10,"nombre_par":"Urb. Kalamary","via_par":"AV. J. Gaitán C.","direcc_par":"AV. J. Gaitán C. - CL 58B Sur","locali_par":19,"consola_pa":"AV. J. Gaitán C. - CL 58B Sur (015B10)","panel_par":"AV. J. Gaitán C. - CL 58B Sur","audio_par":"Avenida Jorge Gaitán Cortés Calle 58 Be Sur","longitud":-74.151022769999997,"latitud":4.580589936,"coor_x":99184.232619999995,"coor_y":99827.418940000003}},{"type":"Feature","id":494,"geometry":{"type":"Point","coordinates":[-74.151507909562326,4.5807703720045394]},"properties":{"OBJECTID":494,"OBJECTID_1":1582,"object_id":23234,"cenefa":"015A10","consec_par":"015","modulo_par":"A","zona_par":10,"nombre_par":"Urb. Kalamary","via_par":"AV. J. Gaitán C.","direcc_par":"AV. J. Gaitán C. - CL 54 Sur","locali_par":19,"consola_pa":"AV. J. Gaitán C. - CL 54 Sur (015A10)","panel_par":"AV. J. Gaitán C. - CL 54 Sur","audio_par":"Avenida Jorge Gaitán Cortés Calle 54 Sur","longitud":-74.151507910000007,"latitud":4.5807703719999999,"coor_x":99178.849400000006,"coor_y":99829.414789999995}},{"type":"Feature","id":495,"geometry":{"type":"Point","coordinates":[-74.168675429627342,4.5807789290538299]},"properties":{"OBJECTID":495,"OBJECTID_1":1583,"object_id":23235,"cenefa":"129A10","consec_par":"129","modulo_par":"A","zona_par":10,"nombre_par":"Br. Sierra Morena","via_par":"Tv  73H","direcc_par":"TV 73H - CL 69B Sur","locali_par":19,"consola_pa":"TV 73H - CL 69B Sur (129A10)","panel_par":"TV 73H - CL 69B Sur","audio_par":"Transversal 73 H Calle 69 Be Sur","longitud":-74.168675429999993,"latitud":4.5807789290000001,"coor_x":98988.347640000007,"coor_y":99829.531340000001}},{"type":"Feature","id":496,"geometry":{"type":"Point","coordinates":[-74.161186040203575,4.5807877199268638]},"properties":{"OBJECTID":496,"OBJECTID_1":1584,"object_id":23236,"cenefa":"068A10","consec_par":"068","modulo_par":"A","zona_par":10,"nombre_par":"Conjunto Residencial Los Robles I","via_par":"Cl 68F S","direcc_par":"CL 68F Sur - AV. J. Gaitán C.","locali_par":19,"consola_pa":"CL 68F Sur - AV. J. Gaitán C. (068A10)","panel_par":"CL 68F Sur - AV. J. Gaitán C.","audio_par":"Calle 68 F Sur Avenida Jorge Gaitán Cortés","longitud":-74.161186040000004,"latitud":4.58078772,"coor_x":99071.454719999994,"coor_y":99829.618419999999}},{"type":"Feature","id":497,"geometry":{"type":"Point","coordinates":[-74.152148940021505,4.580796469431033]},"properties":{"OBJECTID":497,"OBJECTID_1":1586,"object_id":23238,"cenefa":"014B10","consec_par":"014","modulo_par":"B","zona_par":10,"nombre_par":"Pq. La Coruña","via_par":"AV. J. Gaitán C.","direcc_par":"AV. J. Gaitán C. - CL 58A Sur","locali_par":19,"consola_pa":"AV. J. Gaitán C. - CL 58A Sur (014B10)","panel_par":"AV. J. Gaitán C. - CL 58A Sur","audio_par":"Avenida Jorge Gaitán Cortés Calle 58 A Sur","longitud":-74.152148940000004,"latitud":4.5807964700000001,"coor_x":99171.736149999997,"coor_y":99829.704119999995}},{"type":"Feature","id":498,"geometry":{"type":"Point","coordinates":[-74.168802940003616,4.5808093414274582]},"properties":{"OBJECTID":498,"OBJECTID_1":1587,"object_id":23239,"cenefa":"130A10","consec_par":"130","modulo_par":"A","zona_par":10,"nombre_par":"Br. Sierra Morena","via_par":"Tv  73H","direcc_par":"TV 73H - DG 70 Sur","locali_par":19,"consola_pa":"TV 73H - DG 70 Sur (130A10)","panel_par":"TV 73H - DG 70 Sur","audio_par":"Transversal 73 H Diagonal 70 Sur","longitud":-74.168802940000006,"latitud":4.5808093420000002,"coor_x":98986.932750000007,"coor_y":99829.867830000003}},{"type":"Feature","id":499,"geometry":{"type":"Point","coordinates":[-74.154816000058304,4.5808109997773014]},"properties":{"OBJECTID":499,"OBJECTID_1":1588,"object_id":23240,"cenefa":"073B10","consec_par":"073","modulo_par":"B","zona_par":10,"nombre_par":"Br. El Ensueño","via_par":"AV. J. Gaitán C.","direcc_par":"AV. J. Gaitán C. - CL 59C Sur","locali_par":19,"consola_pa":"AV. J. Gaitán C. - CL 59C Sur (073B10)","panel_par":"AV. J. Gaitán C. - CL 59C Sur","audio_par":"Avenida Jorge Gaitán Cortés Calle 59 C Sur","longitud":-74.154815999999997,"latitud":4.5808109999999997,"coor_x":99142.140780000002,"coor_y":99829.867929999993}},{"type":"Feature","id":500,"geometry":{"type":"Point","coordinates":[-74.154555999759566,4.5808570001000009]},"properties":{"OBJECTID":500,"OBJECTID_1":1593,"object_id":23245,"cenefa":"073A10","consec_par":"073","modulo_par":"A","zona_par":10,"nombre_par":"Br. El Ensueño","via_par":"AV. J. Gaitán C.","direcc_par":"AV. J. Gaitán C. - CL 59C Sur","locali_par":19,"consola_pa":"AV. J. Gaitán C. - CL 59C Sur (073A10)","panel_par":"AV. J. Gaitán C. - CL 59C Sur","audio_par":"Avenida Jorge Gaitán Cortés Calle 59 C Sur","longitud":-74.154555999999999,"latitud":4.580857,"coor_x":99145.025959999999,"coor_y":99830.37629}},{"type":"Feature","id":501,"geometry":{"type":"Point","coordinates":[-74.161001699868507,4.580873849797829]},"properties":{"OBJECTID":501,"OBJECTID_1":1594,"object_id":23246,"cenefa":"069A10","consec_par":"069","modulo_par":"A","zona_par":10,"nombre_par":"Conjunto Residencial Los Robles","via_par":"Cl 68F S","direcc_par":"CL 68F Sur - AV. J. Gaitán C.","locali_par":19,"consola_pa":"CL 68F Sur - AV. J. Gaitán C. (069A10)","panel_par":"CL 68F Sur - AV. J. Gaitán C.","audio_par":"Calle 68 F Sur Avenida Jorge Gaitán Cortés","longitud":-74.1610017,"latitud":4.5808738499999997,"coor_x":99073.500379999998,"coor_y":99830.570619999999}},{"type":"Feature","id":502,"geometry":{"type":"Point","coordinates":[-74.155661950038905,4.5808973176066026]},"properties":{"OBJECTID":502,"OBJECTID_1":1595,"object_id":23247,"cenefa":"074A10","consec_par":"074","modulo_par":"A","zona_par":10,"nombre_par":"Urb. Atlanta","via_par":"AV. J. Gaitán C.","direcc_par":"AV. J. Gaitán C. - AV. V/cio","locali_par":19,"consola_pa":"AV. J. Gaitán C. - AV. V/cio (074A10)","panel_par":"AV. J. Gaitán C. - AV. V/cio","audio_par":"Avenida Jorge Gaitán Cortés Avenida Villavicencio","longitud":-74.155661949999995,"latitud":4.5808973179999999,"coor_x":99132.753679999994,"coor_y":99830.82346}},{"type":"Feature","id":503,"geometry":{"type":"Point","coordinates":[-74.154831909964628,4.5810439754485826]},"properties":{"OBJECTID":503,"OBJECTID_1":1598,"object_id":23250,"cenefa":"074B10","consec_par":"074","modulo_par":"B","zona_par":10,"nombre_par":"Br. Atlanta","via_par":"AV. J. Gaitán C.","direcc_par":"AV. J. Gaitán C. - CL 59B Sur","locali_par":19,"consola_pa":"AV. J. Gaitán C. - CL 59B Sur (074B10)","panel_par":"AV. J. Gaitán C. - CL 59B Sur","audio_par":"Avenida Jorge Gaitán Cortés Calle 59 Be Sur","longitud":-74.154831909999999,"latitud":4.5810439760000001,"coor_x":99141.964510000005,"coor_y":99832.444229999994}},{"type":"Feature","id":504,"geometry":{"type":"Point","coordinates":[-74.180009999961499,4.5812680001675607]},"properties":{"OBJECTID":504,"OBJECTID_1":1605,"object_id":23257,"cenefa":"412A10","consec_par":"412","modulo_par":"A","zona_par":10,"nombre_par":"Br. Espinos","via_par":"KR 77C","direcc_par":"KR 77C - CL 66 Sur","locali_par":19,"consola_pa":"KR 77C - CL 66 Sur (412A10)","panel_par":"KR 77C - CL 66 Sur","audio_par":"Carrera 77 C Calle 66 Sur","longitud":-74.180009999999996,"latitud":4.5812679999999997,"coor_x":98862.57273,"coor_y":99834.956539999999}},{"type":"Feature","id":505,"geometry":{"type":"Point","coordinates":[-74.180115000306955,4.5815119997285061]},"properties":{"OBJECTID":505,"OBJECTID_1":1613,"object_id":23265,"cenefa":"413A10","consec_par":"413","modulo_par":"A","zona_par":10,"nombre_par":"Br. Espinos","via_par":"KR 77C","direcc_par":"KR 77C - CL 65D Sur","locali_par":19,"consola_pa":"KR 77C - CL 65D Sur (413A10)","panel_par":"KR 77C - CL 65D Sur","audio_par":"Carrera 77 C Calle 65 D Sur","longitud":-74.180115000000001,"latitud":4.581512,"coor_x":98861.40797,"coor_y":99837.654890000005}},{"type":"Feature","id":506,"geometry":{"type":"Point","coordinates":[-74.157835769704946,4.5815357571189628]},"properties":{"OBJECTID":506,"OBJECTID_1":1614,"object_id":23266,"cenefa":"313A10","consec_par":"313","modulo_par":"A","zona_par":10,"nombre_par":"Br. El Ensueño","via_par":"Av. V/cio","direcc_par":"AV. V/cio - TV 63","locali_par":19,"consola_pa":"AV. V/cio - TV 63 (313A10)","panel_par":"AV. V/cio - TV 63","audio_par":"Avenida Villavicencio Transversal 63","longitud":-74.157835770000005,"latitud":4.5815357570000002,"coor_x":99108.632379999995,"coor_y":99837.886079999997}},{"type":"Feature","id":507,"geometry":{"type":"Point","coordinates":[-74.158196000345129,4.5816259995896829]},"properties":{"OBJECTID":507,"OBJECTID_1":1617,"object_id":23269,"cenefa":"315B10","consec_par":"315","modulo_par":"B","zona_par":10,"nombre_par":"Br. El Ensueño","via_par":"Av. V/cio","direcc_par":"AV. V/cio - TV 63","locali_par":19,"consola_pa":"AV. V/cio - TV 63 (315B10)","panel_par":"AV. V/cio - TV 63","audio_par":"Avenida Villavicencio Transversal 63","longitud":-74.158196000000004,"latitud":4.581626,"coor_x":99104.635150000002,"coor_y":99838.884449999998}},{"type":"Feature","id":508,"geometry":{"type":"Point","coordinates":[-74.162061999661489,4.5818619996810028]},"properties":{"OBJECTID":508,"OBJECTID_1":1625,"object_id":23277,"cenefa":"402A10","consec_par":"402","modulo_par":"A","zona_par":10,"nombre_par":"Br. Pinos del Sur","via_par":"CL 68F Sur","direcc_par":"CL 68F Sur - TV 70C","locali_par":19,"consola_pa":"CL 68F Sur - TV 70C (402A10)","panel_par":"CL 68F Sur - TV 70C","audio_par":"Calle 68 F Sur Transversal 70 C","longitud":-74.162062000000006,"latitud":4.5818620000000001,"coor_x":99061.735910000003,"coor_y":99841.499110000004}},{"type":"Feature","id":509,"geometry":{"type":"Point","coordinates":[-74.169105839762665,4.5819383458274956]},"properties":{"OBJECTID":509,"OBJECTID_1":1629,"object_id":23281,"cenefa":"116A10","consec_par":"116","modulo_par":"A","zona_par":10,"nombre_par":"Br. Ismael Perdomo","via_par":"Tv  73G","direcc_par":"TV 73G - DG 68B Sur","locali_par":19,"consola_pa":"TV 73G - DG 68B Sur (116A10)","panel_par":"TV 73G - DG 68B Sur","audio_par":"Transversal 73 G Diagonal 68 Be Sur","longitud":-74.16910584,"latitud":4.5819383460000003,"coor_x":98983.573170000003,"coor_y":99842.35295}},{"type":"Feature","id":510,"geometry":{"type":"Point","coordinates":[-74.169506530002309,4.5822723567333581]},"properties":{"OBJECTID":510,"OBJECTID_1":1640,"object_id":23292,"cenefa":"115A10","consec_par":"115","modulo_par":"A","zona_par":10,"nombre_par":"Br. Ismael Perdomo","via_par":"Tv  73G","direcc_par":"TV 73G - CL 68A Bis Sur","locali_par":19,"consola_pa":"TV 73G - CL 68A Bis Sur (115A10)","panel_par":"TV 73G - CL 68A Bis Sur","audio_par":"Transversal 73 G Calle 68 A Bis Sur","longitud":-74.169506530000007,"latitud":4.5822723569999999,"coor_x":98979.127340000006,"coor_y":99846.047070000001}},{"type":"Feature","id":511,"geometry":{"type":"Point","coordinates":[-74.158643000274196,4.5823939999325862]},"properties":{"OBJECTID":511,"OBJECTID_1":1649,"object_id":23301,"cenefa":"315A10","consec_par":"315","modulo_par":"A","zona_par":10,"nombre_par":"Br. El Ensueño","via_par":"Av. V/cio","direcc_par":"AV. V/cio - TV 63","locali_par":19,"consola_pa":"AV. V/cio - TV 63 (315A10)","panel_par":"AV. V/cio - TV 63","audio_par":"Avenida Villavicencio Transversal 63","longitud":-74.158642999999998,"latitud":4.5823939999999999,"coor_x":99099.675919999994,"coor_y":99847.377659999998}},{"type":"Feature","id":512,"geometry":{"type":"Point","coordinates":[-74.164167270303267,4.5836246879783831]},"properties":{"OBJECTID":512,"OBJECTID_1":1674,"object_id":23326,"cenefa":"067A10","consec_par":"067","modulo_par":"A","zona_par":10,"nombre_par":"Br. Sierra Morena","via_par":"Dg 68 Sur","direcc_par":"DG 68 Sur - KR 71F","locali_par":19,"consola_pa":"DG 68 Sur - KR 71F (067A10)","panel_par":"DG 68 Sur - KR 71F","audio_par":"Diagonal 68 Sur Carrera 71 F","longitud":-74.164167269999993,"latitud":4.5836246879999996,"coor_x":99038.376869999993,"coor_y":99860.993969999996}},{"type":"Feature","id":513,"geometry":{"type":"Point","coordinates":[-74.169608850368093,4.5837045109038819]},"properties":{"OBJECTID":513,"OBJECTID_1":1677,"object_id":23329,"cenefa":"120A10","consec_par":"120","modulo_par":"A","zona_par":10,"nombre_par":"Br. Perdomo Alto","via_par":"Dg 66 S","direcc_par":"DG 66 Sur - TV 73D Bis","locali_par":19,"consola_pa":"DG 66 Sur - TV 73D Bis  (120A10)","panel_par":"DG 66 Sur - TV 73D Bis","audio_par":"Diagonal 66 Sur Transversal 73 D Bis","longitud":-74.169608850000003,"latitud":4.5837045109999996,"coor_x":98977.993969999996,"coor_y":99861.884189999997}},{"type":"Feature","id":514,"geometry":{"type":"Point","coordinates":[-74.158904999765866,4.5837440001349092]},"properties":{"OBJECTID":514,"OBJECTID_1":1678,"object_id":23330,"cenefa":"417A10","consec_par":"417","modulo_par":"A","zona_par":10,"nombre_par":"Ciudadela El Ensueño","via_par":"Av. V/cio","direcc_par":"AV. V/cio - TV 69","locali_par":19,"consola_pa":"AV. V/cio - TV 69 (417A10)","panel_par":"AV. V/cio - TV 69","audio_par":"Avenida Villavicencio Transversal 69","longitud":-74.158905000000004,"latitud":4.5837440000000003,"coor_x":99096.770310000007,"coor_y":99862.306490000003}},{"type":"Feature","id":515,"geometry":{"type":"Point","coordinates":[-74.164307329819394,4.583749370886145]},"properties":{"OBJECTID":515,"OBJECTID_1":1680,"object_id":23332,"cenefa":"066A10","consec_par":"066","modulo_par":"A","zona_par":10,"nombre_par":"Br. El Peñón del Cortijo","via_par":"Dg 68 Sur","direcc_par":"DG 68 Sur - KR 71F","locali_par":19,"consola_pa":"DG 68 Sur - KR 71F (066A10)","panel_par":"DG 68 Sur - KR 71F","audio_par":"Diagonal 68 Sur Carrera 71 F","longitud":-74.16430733,"latitud":4.5837493709999997,"coor_x":99036.822849999997,"coor_y":99862.372919999994}},{"type":"Feature","id":516,"geometry":{"type":"Point","coordinates":[-74.169631640088085,4.5838202635437044]},"properties":{"OBJECTID":516,"OBJECTID_1":1685,"object_id":23337,"cenefa":"119A10","consec_par":"119","modulo_par":"A","zona_par":10,"nombre_par":"Br. Ismael Perdomo","via_par":"Dg 66 S","direcc_par":"DG 66 Sur - TV 73D bis A","locali_par":19,"consola_pa":"DG 66 Sur - TV 73D bis A (119A10)","panel_par":"DG 66 Sur - TV 73D bis A","audio_par":"Diagonal 66 Sur Transversal 73 D bis A","longitud":-74.169631640000006,"latitud":4.5838202639999999,"coor_x":98977.741240000003,"coor_y":99863.164229999995}},{"type":"Feature","id":517,"geometry":{"type":"Point","coordinates":[-74.180373999660333,4.58390000013428]},"properties":{"OBJECTID":517,"OBJECTID_1":1688,"object_id":23340,"cenefa":"410A10","consec_par":"410","modulo_par":"A","zona_par":10,"nombre_par":"Br. Espinos","via_par":"KR 77C","direcc_par":"KR 77C - CL 64A Sur","locali_par":19,"consola_pa":"KR 77C - CL 64A Sur (410A10)","panel_par":"KR 77C - CL 64A Sur","audio_par":"Carrera 77 C Calle 64 A Sur","longitud":-74.180374,"latitud":4.5838999999999999,"coor_x":98858.537729999996,"coor_y":99864.062179999994}},{"type":"Feature","id":518,"geometry":{"type":"Point","coordinates":[-74.180483000190293,4.5840849996724131]},"properties":{"OBJECTID":518,"OBJECTID_1":1694,"object_id":23346,"cenefa":"411A10","consec_par":"411","modulo_par":"A","zona_par":10,"nombre_par":"Br. Espinos","via_par":"KR 77C","direcc_par":"KR 77C - CL 63A Sur","locali_par":19,"consola_pa":"KR 77C - CL 63A Sur (411A10)","panel_par":"KR 77C - CL 63A Sur","audio_par":"Carrera 77 C Calle 63 A Sur","longitud":-74.180482999999995,"latitud":4.584085,"coor_x":98857.328500000003,"coor_y":99866.108110000001}},{"type":"Feature","id":519,"geometry":{"type":"Point","coordinates":[-74.159703120202778,4.5846096686507005]},"properties":{"OBJECTID":519,"OBJECTID_1":1709,"object_id":23361,"cenefa":"314A10","consec_par":"314","modulo_par":"A","zona_par":10,"nombre_par":"Br. El Ensueño","via_par":"Av. V/cio","direcc_par":"AV. V/cio - TV 70C","locali_par":19,"consola_pa":"AV. V/cio - TV 70C (314A10)","panel_par":"AV. V/cio - TV 70C","audio_par":"Avenida Villavicencio Transversal 70 C","longitud":-74.159703120000003,"latitud":4.5846096689999998,"coor_x":99087.914990000005,"coor_y":99871.8802}},{"type":"Feature","id":520,"geometry":{"type":"Point","coordinates":[-74.169026509665628,4.5848016658136075]},"properties":{"OBJECTID":520,"OBJECTID_1":1711,"object_id":23363,"cenefa":"188A10","consec_par":"188","modulo_par":"A","zona_par":10,"nombre_par":"Urb. Ismael Perdomo","via_par":"CL 65 S","direcc_par":"CL 65 Sur - KR 73C","locali_par":19,"consola_pa":"CL 65 Sur - KR 73C (188A10)","panel_par":"CL 65 Sur - KR 73C","audio_par":"Calle 65 Sur Carrera 73 C","longitud":-74.169026509999995,"latitud":4.5848016659999997,"coor_x":98984.457509999993,"coor_y":99874.015870000003}},{"type":"Feature","id":521,"geometry":{"type":"Point","coordinates":[-74.168745229608646,4.58496862585078]},"properties":{"OBJECTID":521,"OBJECTID_1":1715,"object_id":23367,"cenefa":"189A10","consec_par":"189","modulo_par":"A","zona_par":10,"nombre_par":"Br. El Perdomo","via_par":"CL 65 S","direcc_par":"CL 65 Sur - KR 73B","locali_par":19,"consola_pa":"CL 65 Sur - KR 73B (189A10)","panel_par":"CL 65 Sur - KR 73B","audio_par":"Calle 65 Sur Carrera 73 Be","longitud":-74.168745229999999,"latitud":4.5849686260000002,"coor_x":98987.578989999995,"coor_y":99875.861739999993}},{"type":"Feature","id":522,"geometry":{"type":"Point","coordinates":[-74.16916288016273,4.5854313225468593]},"properties":{"OBJECTID":522,"OBJECTID_1":1733,"object_id":23385,"cenefa":"332A10","consec_par":"332","modulo_par":"A","zona_par":10,"nombre_par":"Br. Ismael Perdomo","via_par":"Cl 64 A S","direcc_par":"CL 64 A Sur - KR 73-52","locali_par":19,"consola_pa":"CL 64 A Sur - KR 73-52 (332A10)","panel_par":"CL 64 A Sur - KR 73-52","audio_par":"Calle 64 A Sur Carrera 73","longitud":-74.169162880000002,"latitud":4.5854313229999999,"coor_x":98982.945160000003,"coor_y":99880.978900000002}},{"type":"Feature","id":523,"geometry":{"type":"Point","coordinates":[-74.159849430007171,4.5856194247460174]},"properties":{"OBJECTID":523,"OBJECTID_1":1736,"object_id":23388,"cenefa":"029A10","consec_par":"029","modulo_par":"A","zona_par":10,"nombre_par":"Br. El Ensueño","via_par":"Av. V/cio","direcc_par":"AV. V/cio - TV 70D","locali_par":19,"consola_pa":"AV. V/cio - TV 70D (029A10)","panel_par":"AV. V/cio - TV 70D","audio_par":"Avenida Villavicencio Transversal 70 D","longitud":-74.159849429999994,"latitud":4.585619425,"coor_x":99086.292730000001,"coor_y":99883.046419999999}},{"type":"Feature","id":524,"geometry":{"type":"Point","coordinates":[-74.179903959999706,4.5857372494238451]},"properties":{"OBJECTID":524,"OBJECTID_1":1738,"object_id":23390,"cenefa":"206A10","consec_par":"206","modulo_par":"A","zona_par":10,"nombre_par":"Br. Los Tres Reyes I Etapa","via_par":"KR  77C","direcc_par":"CL 63A Sur - KR 77","locali_par":19,"consola_pa":"CL 63A Sur - KR 77 (206A10)","panel_par":"CL 63A Sur - KR 77","audio_par":"Calle 63 A Sur Carrera 77","longitud":-74.179903960000004,"latitud":4.5857372500000002,"coor_x":98863.756479999996,"coor_y":99884.378030000007}},{"type":"Feature","id":525,"geometry":{"type":"Point","coordinates":[-74.178063099932103,4.5858883517154059]},"properties":{"OBJECTID":525,"OBJECTID_1":1744,"object_id":23396,"cenefa":"169A10","consec_par":"169","modulo_par":"A","zona_par":10,"nombre_par":"Br. El Mirador de la Estancia I","via_par":"KR  77C","direcc_par":"CL 63A Sur - KR 75L","locali_par":19,"consola_pa":"CL 63A Sur - KR 75L (169A10)","panel_par":"CL 63A Sur - KR 75L","audio_par":"Calle 63 A Sur Carrera 75 L","longitud":-74.178063100000003,"latitud":4.5858883519999996,"coor_x":98884.183940000003,"coor_y":99886.046040000001}},{"type":"Feature","id":526,"geometry":{"type":"Point","coordinates":[-74.17807792975259,4.5859753071640448]},"properties":{"OBJECTID":526,"OBJECTID_1":1749,"object_id":23401,"cenefa":"097A10","consec_par":"097","modulo_par":"A","zona_par":10,"nombre_par":"Br. Quiba","via_par":"KR  77C","direcc_par":"CL 63A Sur - KR 75L","locali_par":19,"consola_pa":"CL 63A Sur - KR 75L  (097A10)","panel_par":"CL 63A Sur - KR 75L","audio_par":"Calle 63 A Sur Carrera 75 L","longitud":-74.178077930000001,"latitud":4.585975307,"coor_x":98884.019509999998,"coor_y":99887.007629999993}},{"type":"Feature","id":527,"geometry":{"type":"Point","coordinates":[-74.180710560144178,4.5860705489659832]},"properties":{"OBJECTID":527,"OBJECTID_1":1751,"object_id":23403,"cenefa":"365A10","consec_par":"365","modulo_par":"A","zona_par":10,"nombre_par":"Br. Los tres Reyes I","via_par":"(en blanco)","direcc_par":"KR 77C - CL 62I Sur","locali_par":19,"consola_pa":"KR 77C - CL 62I Sur (365A10)","panel_par":"KR 77C - CL 62I Sur","audio_par":"Carrera 77 C Calle 62 I Sur","longitud":-74.180710559999994,"latitud":4.5860705490000004,"coor_x":98854.806519999998,"coor_y":99888.064979999996}},{"type":"Feature","id":528,"geometry":{"type":"Point","coordinates":[-74.168619769686586,4.5862838645580561]},"properties":{"OBJECTID":528,"OBJECTID_1":1755,"object_id":23407,"cenefa":"191A10","consec_par":"191","modulo_par":"A","zona_par":10,"nombre_par":"CAI Perdomo","via_par":"KR 73","direcc_par":"KR 73 - CL 64 Sur","locali_par":19,"consola_pa":"KR 73 - CL 64 Sur (191A10)","panel_par":"KR 73 - CL 64 Sur","audio_par":"Carrera 73 Calle 63 A Sur","longitud":-74.168619770000006,"latitud":4.5862838650000004,"coor_x":98988.973010000002,"coor_y":99890.405669999993}},{"type":"Feature","id":529,"geometry":{"type":"Point","coordinates":[-74.168759250039329,4.5864909892170758]},"properties":{"OBJECTID":529,"OBJECTID_1":1762,"object_id":23414,"cenefa":"190A10","consec_par":"190","modulo_par":"A","zona_par":10,"nombre_par":"CAI Perdomo","via_par":"KR 73","direcc_par":"KR 73 - CL 64 Sur","locali_par":19,"consola_pa":"KR 73 - CL 64 Sur (190A10)","panel_par":"KR 73 - CL 64 Sur","audio_par":"Carrera 73 Calle 64 Sur","longitud":-74.168759249999994,"latitud":4.5864909889999996,"coor_x":98987.425560000003,"coor_y":99892.696280000004}},{"type":"Feature","id":530,"geometry":{"type":"Point","coordinates":[-74.168097119686308,4.5868111002014373]},"properties":{"OBJECTID":530,"OBJECTID_1":1771,"object_id":23423,"cenefa":"196A10","consec_par":"196","modulo_par":"A","zona_par":10,"nombre_par":"Br. Ismael Perdomo","via_par":"Cl 63A S","direcc_par":"CL 63A Sur - KR 72A-21","locali_par":19,"consola_pa":"CL 63A Sur - KR 72A-21 (196A10)","panel_par":"CL 63A Sur - KR 72A-21","audio_par":"Calle 63 A Sur Carrera 72 A","longitud":-74.168097119999999,"latitud":4.5868111000000003,"coor_x":98994.773369999995,"coor_y":99896.235180000003}},{"type":"Feature","id":531,"geometry":{"type":"Point","coordinates":[-74.166899169660894,4.5869099536807347]},"properties":{"OBJECTID":531,"OBJECTID_1":1774,"object_id":23426,"cenefa":"211A10","consec_par":"211","modulo_par":"A","zona_par":10,"nombre_par":"Br. Ismael Perdomo","via_par":"KR  72","direcc_par":"KR 72 - 63A-25","locali_par":19,"consola_pa":"KR 72 - 63A-25 (211A10)","panel_par":"KR 72 - 63A-25","audio_par":"Carrera 72 63 A","longitud":-74.166899169999994,"latitud":4.5869099540000002,"coor_x":99008.066609999994,"coor_y":99897.326650000003}},{"type":"Feature","id":532,"geometry":{"type":"Point","coordinates":[-74.177781429569279,4.5869365115600598]},"properties":{"OBJECTID":532,"OBJECTID_1":1776,"object_id":23428,"cenefa":"171A10","consec_par":"171","modulo_par":"A","zona_par":10,"nombre_par":"Br. Los tres Reyes I","via_par":"KR  77C","direcc_par":"KR 75L - CL 62I Sur","locali_par":19,"consola_pa":"KR 75L - CL 62I Sur (171A10)","panel_par":"KR 75L - CL 62I Sur","audio_par":"Carrera 75 L Calle 62 I Sur","longitud":-74.177781429999996,"latitud":4.5869365120000003,"coor_x":98887.311130000002,"coor_y":99897.636320000005}},{"type":"Feature","id":533,"geometry":{"type":"Point","coordinates":[-74.180873820370493,4.5870738119561469]},"properties":{"OBJECTID":533,"OBJECTID_1":1778,"object_id":23430,"cenefa":"366A10","consec_par":"366","modulo_par":"A","zona_par":10,"nombre_par":"Br. Los tres Reyes I","via_par":"(en blanco)","direcc_par":"KR 77C - CL 62I Sur","locali_par":19,"consola_pa":"KR 77C - CL 62I Sur (366A10)","panel_par":"KR 77C - CL 62I Sur","audio_par":"Carrera 77 C Calle 62 I Sur","longitud":-74.180873820000002,"latitud":4.5870738119999999,"coor_x":98852.996490000005,"coor_y":99899.159480000002}},{"type":"Feature","id":534,"geometry":{"type":"Point","coordinates":[-74.177430999740807,4.5872079997986379]},"properties":{"OBJECTID":534,"OBJECTID_1":1784,"object_id":23436,"cenefa":"283A10","consec_par":"283","modulo_par":"A","zona_par":10,"nombre_par":"Br. Quiba","via_par":"KR  77C","direcc_par":"KR 75L - CL 62I Sur","locali_par":19,"consola_pa":"KR 75L - CL 62I Sur (283A10)","panel_par":"KR 75L - CL 62I Sur","audio_par":"Carrera 75 L Calle 62 I Sur","longitud":-74.177430999999999,"latitud":4.5872080000000004,"coor_x":98891.200119999994,"coor_y":99900.637929999997}},{"type":"Feature","id":535,"geometry":{"type":"Point","coordinates":[-74.177618000270456,4.5872509999829818]},"properties":{"OBJECTID":535,"OBJECTID_1":1787,"object_id":23439,"cenefa":"405A10","consec_par":"405","modulo_par":"A","zona_par":10,"nombre_par":"Mirador de la Estancia","via_par":"CL 62I Sur","direcc_par":"CL 62I Sur - KR 75L","locali_par":19,"consola_pa":"CL 62I Sur - KR 75L (405A10)","panel_par":"CL 62I Sur - KR 75L","audio_par":"Calle 62 I Sur Carrera 75 L","longitud":-74.177617999999995,"latitud":4.5872510000000002,"coor_x":98889.12513,"coor_y":99901.113719999994}},{"type":"Feature","id":536,"geometry":{"type":"Point","coordinates":[-74.170418529791277,4.5872561584941973]},"properties":{"OBJECTID":536,"OBJECTID_1":1788,"object_id":23440,"cenefa":"186A10","consec_par":"186","modulo_par":"A","zona_par":10,"nombre_par":"Pq. Perdomo","via_par":"Dg 62G S","direcc_par":"DG 62G Sur - KR 73","locali_par":19,"consola_pa":"DG 62G Sur - KR 73 (186A10)","panel_par":"DG 62G Sur - KR 73","audio_par":"Diagonal 62 G Sur Carrera 73","longitud":-74.170418530000006,"latitud":4.5872561589999998,"coor_x":98969.014370000004,"coor_y":99901.160010000007}},{"type":"Feature","id":537,"geometry":{"type":"Point","coordinates":[-74.175190380231811,4.5873362512162954]},"properties":{"OBJECTID":537,"OBJECTID_1":1793,"object_id":23445,"cenefa":"303A10","consec_par":"303","modulo_par":"A","zona_par":10,"nombre_par":"Br. Rincón de Galicia","via_par":"Cl 62I S","direcc_par":"CL 62I Sur - KR 75A","locali_par":19,"consola_pa":"CL 62I Sur - KR 75A (303A10)","panel_par":"CL 62I Sur - KR 75A","audio_par":"Calle 62 I Sur Carrera 75 A","longitud":-74.175190380000004,"latitud":4.587336251,"coor_x":98916.063450000001,"coor_y":99902.052720000007}},{"type":"Feature","id":538,"geometry":{"type":"Point","coordinates":[-74.16101621042975,4.5873736270405523]},"properties":{"OBJECTID":538,"OBJECTID_1":1795,"object_id":23447,"cenefa":"028A10","consec_par":"028","modulo_par":"A","zona_par":10,"nombre_par":"Br. El Ensueño","via_par":"Av. V/cio","direcc_par":"AV. V/cio - CL 68 Sur","locali_par":19,"consola_pa":"AV. V/cio - CL 68 Sur (028A10)","panel_par":"AV. V/cio - CL 68 Sur","audio_par":"Avenida Villavicencio Calle 68 Sur","longitud":-74.16101621,"latitud":4.5873736269999998,"coor_x":99073.347739999997,"coor_y":99902.44614}},{"type":"Feature","id":539,"geometry":{"type":"Point","coordinates":[-74.166290979744872,4.5873975588994957]},"properties":{"OBJECTID":539,"OBJECTID_1":1797,"object_id":23449,"cenefa":"382A10","consec_par":"382","modulo_par":"A","zona_par":10,"nombre_par":"Br. Perdomo","via_par":"CL 63A Sur","direcc_par":"CL 63A Sur - KR 71F","locali_par":19,"consola_pa":"CL 63A Sur - KR 71F (382A10)","panel_par":"CL 63A Sur - KR 71F","audio_par":"Calle 63 A Sur Carrera 71 F","longitud":-74.166290979999999,"latitud":4.5873975590000002,"coor_x":99014.816089999993,"coor_y":99902.717820000005}},{"type":"Feature","id":540,"geometry":{"type":"Point","coordinates":[-74.170275220125291,4.5874022281795899]},"properties":{"OBJECTID":540,"OBJECTID_1":1798,"object_id":23450,"cenefa":"185A10","consec_par":"185","modulo_par":"A","zona_par":10,"nombre_par":"Pq. Perdomo","via_par":"DG 62G Sur","direcc_par":"DG 62G Sur - KR 73F","locali_par":19,"consola_pa":"DG 62G Sur - KR 73F (185A10)","panel_par":"DG 62G Sur - KR 73F","audio_par":"Diagonal 62 G Sur Carrera 73 F","longitud":-74.170275219999994,"latitud":4.5874022280000002,"coor_x":98970.604819999993,"coor_y":99902.77506}},{"type":"Feature","id":541,"geometry":{"type":"Point","coordinates":[-74.176964999834809,4.5874359995210501]},"properties":{"OBJECTID":541,"OBJECTID_1":1799,"object_id":23451,"cenefa":"432A10","consec_par":"432","modulo_par":"A","zona_par":10,"nombre_par":"Br. La Estancia","via_par":"KR 75I","direcc_par":"KR 75I - CL 62I Sur","locali_par":19,"consola_pa":"KR 75I - CL 62I Sur (432A10)","panel_par":"KR 75I - CL 62I Sur","audio_par":"Carrera 75 I Calle 62 I Sur","longitud":-74.176964999999996,"latitud":4.5874360000000003,"coor_x":98896.371459999995,"coor_y":99903.158469999995}},{"type":"Feature","id":542,"geometry":{"type":"Point","coordinates":[-74.175588000185996,4.587463999912976]},"properties":{"OBJECTID":542,"OBJECTID_1":1802,"object_id":23454,"cenefa":"305A10","consec_par":"305","modulo_par":"A","zona_par":10,"nombre_par":"Br. Rincón de Galicia","via_par":"CL 62I Sur","direcc_par":"CL 62I Sur - KR 75BBis","locali_par":19,"consola_pa":"CL 62I Sur - KR 75BBis (305A10)","panel_par":"CL 62I Sur - KR 75BBis","audio_par":"Calle 62 I Sur Carrera 75 Be Bis","longitud":-74.175588000000005,"latitud":4.5874639999999998,"coor_x":98911.651440000001,"coor_y":99903.465989999997}},{"type":"Feature","id":543,"geometry":{"type":"Point","coordinates":[-74.155406619919518,4.5876216204906486]},"properties":{"OBJECTID":543,"OBJECTID_1":1803,"object_id":23455,"cenefa":"390A10","consec_par":"390","modulo_par":"A","zona_par":10,"nombre_par":"Br. Atlanta","via_par":"TV 66A","direcc_par":"TV 66A - CL 59 Sur","locali_par":19,"consola_pa":"TV 66A - CL 59 Sur (390A10)","panel_par":"TV 66A - CL 59 Sur","audio_par":"Transversal 66 A Calle 59 Sur","longitud":-74.155406619999994,"latitud":4.5876216210000003,"coor_x":99135.595060000007,"coor_y":99905.181479999999}},{"type":"Feature","id":544,"geometry":{"type":"Point","coordinates":[-74.16762379030564,4.5876759584280418]},"properties":{"OBJECTID":544,"OBJECTID_1":1805,"object_id":23457,"cenefa":"193A10","consec_par":"193","modulo_par":"A","zona_par":10,"nombre_par":"Br. Ismael Perdomo Cl 63","via_par":"CL 63 Sur","direcc_par":"CL 63 Sur - KR 72","locali_par":19,"consola_pa":"CL 63 Sur - KR 72 (193A10)","panel_par":"CL 63 Sur - KR 72","audio_par":"Calle 63 Sur Carrera 72","longitud":-74.167623789999993,"latitud":4.5876759590000002,"coor_x":99000.026899999997,"coor_y":99905.798259999996}},{"type":"Feature","id":545,"geometry":{"type":"Point","coordinates":[-74.155591089756967,4.5877121282613729]},"properties":{"OBJECTID":545,"OBJECTID_1":1807,"object_id":23459,"cenefa":"389A10","consec_par":"389","modulo_par":"A","zona_par":10,"nombre_par":"Br. Atlanta","via_par":"TV 66A","direcc_par":"TV 66A - CL 59 Sur","locali_par":19,"consola_pa":"TV 66A - CL 59 Sur (389A10)","panel_par":"TV 66A - CL 59 Sur","audio_par":"Transversal 66 A Calle 59 Sur","longitud":-74.155591090000001,"latitud":4.5877121279999997,"coor_x":99133.548200000005,"coor_y":99906.182549999998}},{"type":"Feature","id":546,"geometry":{"type":"Point","coordinates":[-74.172236279980325,4.5877142398695483]},"properties":{"OBJECTID":546,"OBJECTID_1":1808,"object_id":23460,"cenefa":"178A10","consec_par":"178","modulo_par":"A","zona_par":10,"nombre_par":"Br. Rincón de Galicia Dg 62H Sur","via_par":"TV 73J","direcc_par":"TV 73J - DG 62H Sur","locali_par":19,"consola_pa":"TV 73J - DG 62H Sur (178A10)","panel_par":"TV 73J - DG 62H Sur","audio_par":"Transversal 73 J Diagonal 62 H Sur","longitud":-74.172236280000007,"latitud":4.5877142400000004,"coor_x":98948.844299999997,"coor_y":99906.228180000006}},{"type":"Feature","id":547,"geometry":{"type":"Point","coordinates":[-74.172783750369717,4.5877224201028985]},"properties":{"OBJECTID":547,"OBJECTID_1":1809,"object_id":23461,"cenefa":"304A10","consec_par":"304","modulo_par":"A","zona_par":10,"nombre_par":"Br. Rincón de Galicia","via_par":"Dg 62H Bis S","direcc_par":"DG 62H Bis Sur - TV 74A","locali_par":19,"consola_pa":"DG 62H Bis Sur - TV 74A (304A10)","panel_par":"DG 62H Bis Sur - TV 74A","audio_par":"Diagonal 62 H Bis Sur Transversal 74 A","longitud":-74.172783749999994,"latitud":4.5877224200000004,"coor_x":98942.769289999997,"coor_y":99906.319440000007}},{"type":"Feature","id":548,"geometry":{"type":"Point","coordinates":[-74.157143059704424,4.5877539629243325]},"properties":{"OBJECTID":548,"OBJECTID_1":1810,"object_id":23462,"cenefa":"392A10","consec_par":"392","modulo_par":"A","zona_par":10,"nombre_par":"Br. Atlanta","via_par":"KR 67","direcc_par":"KR 67 - CL 65 Sur","locali_par":19,"consola_pa":"KR 67 - CL 65 Sur (392A10)","panel_par":"KR 67 - CL 65 Sur","audio_par":"Carrera 67 Calle 65 Sur","longitud":-74.157143059999996,"latitud":4.5877539629999999,"coor_x":99116.326759999996,"coor_y":99906.647060000003}},{"type":"Feature","id":549,"geometry":{"type":"Point","coordinates":[-74.158979719938088,4.5878486624351069]},"properties":{"OBJECTID":549,"OBJECTID_1":1812,"object_id":23464,"cenefa":"215A10","consec_par":"215","modulo_par":"A","zona_par":10,"nombre_par":"Br. Madelena","via_par":"CL 65 S","direcc_par":"CL 65 Sur - KR 68C","locali_par":19,"consola_pa":"CL 65 Sur - KR 68C (215A10)","panel_par":"CL 65 Sur - KR 68C","audio_par":"Calle 65 Sur Carrera 68 C","longitud":-74.158979720000005,"latitud":4.5878486629999999,"coor_x":99095.946330000006,"coor_y":99907.696559999997}},{"type":"Feature","id":550,"geometry":{"type":"Point","coordinates":[-74.159131449956419,4.5878940871916454]},"properties":{"OBJECTID":550,"OBJECTID_1":1813,"object_id":23465,"cenefa":"214A10","consec_par":"214","modulo_par":"A","zona_par":10,"nombre_par":"Br. Madelena","via_par":"CL 65 Sur","direcc_par":"CL 65 Sur - KR 68C","locali_par":19,"consola_pa":"CL 65 Sur - KR 68C (214A10)","panel_par":"CL 65 Sur - KR 68C","audio_par":"Calle 65 Sur Carrera 68 C","longitud":-74.159131450000004,"latitud":4.5878940869999996,"coor_x":99094.262709999995,"coor_y":99908.199059999999}},{"type":"Feature","id":551,"geometry":{"type":"Point","coordinates":[-74.148190000268244,4.587997000210656]},"properties":{"OBJECTID":551,"OBJECTID_1":1817,"object_id":23469,"cenefa":"242A10","consec_par":"242","modulo_par":"A","zona_par":10,"nombre_par":"Br. Nuevo Muzú","via_par":"KR  59","direcc_par":"KR 59 - DG 51B Sur","locali_par":6,"consola_pa":"KR 59 - DG 51B Sur (242A10)","panel_par":"KR 59 - DG 51B Sur","audio_par":"Carrera 59 Diagonal 51 Be Sur","longitud":-74.14819,"latitud":4.5879969999999997,"coor_x":99215.674920000005,"coor_y":99909.324179999996}},{"type":"Feature","id":552,"geometry":{"type":"Point","coordinates":[-74.157005660382879,4.5879993708235585]},"properties":{"OBJECTID":552,"OBJECTID_1":1818,"object_id":23470,"cenefa":"391A10","consec_par":"391","modulo_par":"A","zona_par":10,"nombre_par":"Br. Atlanta","via_par":"KR 67","direcc_par":"KR 67 - CL 65 Sur","locali_par":19,"consola_pa":"KR 67 - CL 65 Sur (391A10)","panel_par":"KR 67 - CL 65 Sur","audio_par":"Carrera 67 Calle 65 Sur","longitud":-74.157005659999996,"latitud":4.5879993710000004,"coor_x":99117.851729999995,"coor_y":99909.360650000002}},{"type":"Feature","id":553,"geometry":{"type":"Point","coordinates":[-74.172700289686588,4.5880022441575417]},"properties":{"OBJECTID":553,"OBJECTID_1":1819,"object_id":23471,"cenefa":"177A10","consec_par":"177","modulo_par":"A","zona_par":10,"nombre_par":"Br. Rincón de Galicia","via_par":"Tv  73J","direcc_par":"TV 73J - DG 62H Sur","locali_par":19,"consola_pa":"TV 73J - DG 62H Sur (177A10)","panel_par":"TV 73J - DG 62H Sur","audio_par":"Transversal 73 J Diagonal 62 H Sur","longitud":-74.172700289999995,"latitud":4.5880022440000001,"coor_x":98943.695819999994,"coor_y":99909.413660000006}},{"type":"Feature","id":554,"geometry":{"type":"Point","coordinates":[-74.163699649818966,4.588203409908675]},"properties":{"OBJECTID":554,"OBJECTID_1":1826,"object_id":23478,"cenefa":"212A10","consec_par":"212","modulo_par":"A","zona_par":10,"nombre_par":"IED Ismael Perdomo","via_par":"CL 63A Sur","direcc_par":"CL 63A Sur - TV 70G","locali_par":19,"consola_pa":"CL 63A Sur - TV 70G (212A10)","panel_par":"CL 63A Sur - TV 70G","audio_par":"Calle 63 A Sur Transversal 70 G","longitud":-74.163699649999998,"latitud":4.5882034100000002,"coor_x":99043.571949999998,"coor_y":99911.625530000005}},{"type":"Feature","id":555,"geometry":{"type":"Point","coordinates":[-74.165800969738939,4.5882236050845417]},"properties":{"OBJECTID":555,"OBJECTID_1":1827,"object_id":23479,"cenefa":"383A10","consec_par":"383","modulo_par":"A","zona_par":10,"nombre_par":"Br. Ismael Perdomo","via_par":"CL 63 Sur","direcc_par":"CL 63 Sur - KR 71F","locali_par":19,"consola_pa":"CL 63 Sur - KR 71F (383A10)","panel_par":"CL 63 Sur - KR 71F","audio_par":"Calle 63 Sur Carrera 71 F","longitud":-74.165800970000006,"latitud":4.5882236049999996,"coor_x":99020.254629999996,"coor_y":99911.851689999996}},{"type":"Feature","id":556,"geometry":{"type":"Point","coordinates":[-74.14883774956246,4.5883904518071486]},"properties":{"OBJECTID":556,"OBJECTID_1":1832,"object_id":23484,"cenefa":"239A10","consec_par":"239","modulo_par":"A","zona_par":10,"nombre_par":"Br. Nuevo Muzú","via_par":"Dg  51A Sur","direcc_par":"DG 51A Sur - KR 59A","locali_par":6,"consola_pa":"DG 51A Sur - KR 59A (239A10)","panel_par":"DG 51A Sur - KR 59A","audio_par":"Diagonal 51 A Sur Carrera 59 A","longitud":-74.148837749999998,"latitud":4.5883904519999996,"coor_x":99208.487580000001,"coor_y":99913.675740000006}},{"type":"Feature","id":557,"geometry":{"type":"Point","coordinates":[-74.161033040342488,4.5884330311087744]},"properties":{"OBJECTID":557,"OBJECTID_1":1833,"object_id":23485,"cenefa":"027A10","consec_par":"027","modulo_par":"A","zona_par":10,"nombre_par":"Br. Madelena","via_par":"Av. V/cio","direcc_par":"AV. V/cio - CL 63 Sur","locali_par":19,"consola_pa":"AV. V/cio - CL 63 Sur (027A10)","panel_par":"AV. V/cio - CL 63 Sur","audio_par":"Avenida Villavicencio Calle 63 Sur","longitud":-74.161033040000007,"latitud":4.5884330310000001,"coor_x":99073.162360000002,"coor_y":99914.161210000006}},{"type":"Feature","id":558,"geometry":{"type":"Point","coordinates":[-74.165000100074508,4.5884435792570626]},"properties":{"OBJECTID":558,"OBJECTID_1":1834,"object_id":23486,"cenefa":"193B10","consec_par":"193","modulo_par":"B","zona_par":10,"nombre_par":"Br. Ismael Perdomo","via_par":"CL 63 Sur","direcc_par":"CL 63 Sur - KR 70G","locali_par":19,"consola_pa":"CL 63 Sur - KR 70G (193B10)","panel_par":"CL 63 Sur - KR 70G","audio_par":"Calle 63 Sur Carrera 70 G","longitud":-74.1650001,"latitud":4.5884435789999998,"coor_x":99029.141799999998,"coor_y":99914.283110000004}},{"type":"Feature","id":559,"geometry":{"type":"Point","coordinates":[-74.148926810323985,4.5884451512719844]},"properties":{"OBJECTID":559,"OBJECTID_1":1835,"object_id":23487,"cenefa":"240A10","consec_par":"240","modulo_par":"A","zona_par":10,"nombre_par":"Br. Nuevo Muzú","via_par":"Dg  51A Sur","direcc_par":"DG 51A Sur - KR 59A","locali_par":6,"consola_pa":"DG 51A Sur - KR 59A (240A10)","panel_par":"DG 51A Sur - KR 59A","audio_par":"Diagonal 51 A Sur Carrera 59 A","longitud":-74.148926810000006,"latitud":4.5884451510000002,"coor_x":99207.499389999997,"coor_y":99914.280710000006}},{"type":"Feature","id":560,"geometry":{"type":"Point","coordinates":[-74.180566909635161,4.5884857592596511]},"properties":{"OBJECTID":560,"OBJECTID_1":1836,"object_id":23488,"cenefa":"367A10","consec_par":"367","modulo_par":"A","zona_par":10,"nombre_par":"Br. Los tres Reyes II Sector","via_par":"(en blanco)","direcc_par":"KR 77 Bis A - CL 62C Sur","locali_par":19,"consola_pa":"KR 77 Bis A - CL 62C Sur (367A10)","panel_par":"KR 77 Bis A - CL 62C Sur","audio_par":"Carrera 77 Bis A Calle 62 C Sur","longitud":-74.180566909999996,"latitud":4.5884857590000001,"coor_x":98856.404380000007,"coor_y":99914.772519999999}},{"type":"Feature","id":561,"geometry":{"type":"Point","coordinates":[-74.153692930284478,4.5885977976994443]},"properties":{"OBJECTID":561,"OBJECTID_1":1838,"object_id":23490,"cenefa":"388A10","consec_par":"388","modulo_par":"A","zona_par":10,"nombre_par":"Br. Isla del Sol","via_par":"CL 67B Sur","direcc_par":"CL 67B Sur - KR 64","locali_par":6,"consola_pa":"CL 67B Sur - KR 64 (388A10)","panel_par":"CL 67B Sur - KR 64","audio_par":"Calle 67 Be Sur Carrera 64","longitud":-74.153692930000005,"latitud":4.5885977980000003,"coor_x":99154.612229999999,"coor_y":99915.974149999995}},{"type":"Feature","id":562,"geometry":{"type":"Point","coordinates":[-74.153829020193086,4.5886089996548787]},"properties":{"OBJECTID":562,"OBJECTID_1":1839,"object_id":23491,"cenefa":"387A10","consec_par":"387","modulo_par":"A","zona_par":10,"nombre_par":"Br. Isla del Sol","via_par":"CL 67B Sur","direcc_par":"CL 67B Sur - KR 64","locali_par":6,"consola_pa":"CL 67B Sur - KR 64 (387A10)","panel_par":"CL 67B Sur - KR 64","audio_par":"Calle 67 Be Sur Carrera 64","longitud":-74.153829020000003,"latitud":4.5886089999999999,"coor_x":99153.102119999996,"coor_y":99916.098180000001}},{"type":"Feature","id":563,"geometry":{"type":"Point","coordinates":[-74.150718470281163,4.5886427215336374]},"properties":{"OBJECTID":563,"OBJECTID_1":1841,"object_id":23493,"cenefa":"222A10","consec_par":"222","modulo_par":"A","zona_par":10,"nombre_par":"Pq. Rincón de Venecia","via_par":"KR  62","direcc_par":"KR 62 - DG 50 Sur","locali_par":6,"consola_pa":"KR 62 - DG 50 Sur (222A10)","panel_par":"KR 62 - DG 50 Sur","audio_par":"Carrera 62 Diagonal 50 Sur","longitud":-74.150718470000001,"latitud":4.5886427220000003,"coor_x":99187.618419999999,"coor_y":99916.467480000007}},{"type":"Feature","id":564,"geometry":{"type":"Point","coordinates":[-74.150694489858779,4.5887205740444976]},"properties":{"OBJECTID":564,"OBJECTID_1":1843,"object_id":23495,"cenefa":"223A10","consec_par":"223","modulo_par":"A","zona_par":10,"nombre_par":"Pq. Rincón de Venecia","via_par":"KR  62","direcc_par":"KR 62 - DG 50 Sur","locali_par":6,"consola_pa":"KR 62 - DG 50 Sur (223A10)","panel_par":"KR 62 - DG 50 Sur","audio_par":"Carrera 62 Diagonal 50 Sur","longitud":-74.150694490000006,"latitud":4.5887205739999999,"coor_x":99187.884600000005,"coor_y":99917.328349999996}},{"type":"Feature","id":565,"geometry":{"type":"Point","coordinates":[-74.173132330292788,4.5887228655170773]},"properties":{"OBJECTID":565,"OBJECTID_1":1844,"object_id":23496,"cenefa":"197A10","consec_par":"197","modulo_par":"A","zona_par":10,"nombre_par":"Urb. Galicia","via_par":"TV 73J","direcc_par":"TV 73J - CL 62F Sur","locali_par":19,"consola_pa":"TV 73J - CL 62F Sur (197A10)","panel_par":"TV 73J - CL 62F Sur","audio_par":"Transversal 73 J Calle 62 F Sur","longitud":-74.173132330000001,"latitud":4.5887228660000003,"coor_x":98938.902730000002,"coor_y":99917.383040000001}},{"type":"Feature","id":566,"geometry":{"type":"Point","coordinates":[-74.164004900405814,4.5887817935941362]},"properties":{"OBJECTID":566,"OBJECTID_1":1847,"object_id":23499,"cenefa":"213A10","consec_par":"213","modulo_par":"A","zona_par":10,"nombre_par":"Br. Ismael Perdomo","via_par":"CL 63 Sur","direcc_par":"CL 63 Sur - KR 70G","locali_par":19,"consola_pa":"CL 63 Sur - KR 70G (213A10)","panel_par":"CL 63 Sur - KR 70G","audio_par":"Calle 63 Sur Carrera 70 G","longitud":-74.164004899999995,"latitud":4.588781794,"coor_x":99040.185509999996,"coor_y":99918.021800000002}},{"type":"Feature","id":567,"geometry":{"type":"Point","coordinates":[-74.178982709784179,4.5889409232342402]},"properties":{"OBJECTID":567,"OBJECTID_1":1854,"object_id":23506,"cenefa":"172A10","consec_par":"172","modulo_par":"A","zona_par":10,"nombre_par":"Br. Los tres Reyes I","via_par":"Cl 59A","direcc_par":"KR 76A - CL 62F Sur","locali_par":19,"consola_pa":"KR 76A - CL 62F Sur (172A10)","panel_par":"KR 76A - CL 62F Sur","audio_par":"Carrera 76 A Calle 62 F Sur","longitud":-74.17898271,"latitud":4.588940923,"coor_x":98873.984209999995,"coor_y":99919.803279999993}},{"type":"Feature","id":568,"geometry":{"type":"Point","coordinates":[-74.168956680006715,4.5890117844155567]},"properties":{"OBJECTID":568,"OBJECTID_1":1859,"object_id":23511,"cenefa":"194A10","consec_par":"194","modulo_par":"A","zona_par":10,"nombre_par":"Urb. Calabria","via_par":"KR 73","direcc_par":"KR 73 - CL 62 D Bis A Sur","locali_par":19,"consola_pa":"KR 73 - CL 62 D Bis A Sur (194A10)","panel_par":"KR 73 - CL 62 D Bis A Sur","audio_par":"Carrera 73 Calle 62 D Bis A Sur","longitud":-74.168956679999994,"latitud":4.5890117850000003,"coor_x":98985.238320000004,"coor_y":99920.571899999995}},{"type":"Feature","id":569,"geometry":{"type":"Point","coordinates":[-74.162163999868653,4.5891709994912686]},"properties":{"OBJECTID":569,"OBJECTID_1":1867,"object_id":23519,"cenefa":"415A10","consec_par":"415","modulo_par":"A","zona_par":10,"nombre_par":"Pq. Central Bonavista","via_par":"CL 63 Sur","direcc_par":"CL 63 Sur - KR 70C","locali_par":19,"consola_pa":"CL 63 Sur - KR 70C (415A10)","panel_par":"CL 63 Sur - KR 70C","audio_par":"Calle 63 Sur Carrera 70 C","longitud":-74.162164000000004,"latitud":4.5891710000000003,"coor_x":99060.613599999997,"coor_y":99922.323260000005}},{"type":"Feature","id":570,"geometry":{"type":"Point","coordinates":[-74.167385630042759,4.5892355105595897]},"properties":{"OBJECTID":570,"OBJECTID_1":1868,"object_id":23520,"cenefa":"204A10","consec_par":"204","modulo_par":"A","zona_par":10,"nombre_par":"Br. Barlovento","via_par":"KR 72","direcc_par":"KR 72 - CL 62D Sur","locali_par":19,"consola_pa":"KR 72 - CL 62D Sur (204A10)","panel_par":"KR 72 - CL 62D Sur","audio_par":"Carrera 72 Calle 62 D Sur","longitud":-74.167385629999998,"latitud":4.589235511,"coor_x":99002.67181,"coor_y":99923.043690000006}},{"type":"Feature","id":571,"geometry":{"type":"Point","coordinates":[-74.167261959771565,4.5892722154895749]},"properties":{"OBJECTID":571,"OBJECTID_1":1870,"object_id":23522,"cenefa":"203A10","consec_par":"203","modulo_par":"A","zona_par":10,"nombre_par":"Br. Barlovento","via_par":"KR 72","direcc_par":"KR 72 - CL 62D Sur","locali_par":19,"consola_pa":"KR 72 - CL 62D Sur (203A10)","panel_par":"KR 72 - CL 62D Sur","audio_par":"Carrera 72 Calle 62 D Sur","longitud":-74.167261960000005,"latitud":4.5892722160000003,"coor_x":99004.044169999994,"coor_y":99923.449410000001}},{"type":"Feature","id":572,"geometry":{"type":"Point","coordinates":[-74.160451830087823,4.5892847790185378]},"properties":{"OBJECTID":572,"OBJECTID_1":1871,"object_id":23523,"cenefa":"216A10","consec_par":"216","modulo_par":"A","zona_par":10,"nombre_par":"Br. Madelena","via_par":"KR  70","direcc_par":"KR 70 - CL 62C Sur","locali_par":19,"consola_pa":"KR 70 - CL 62C Sur (216A10)","panel_par":"KR 70 - CL 62C Sur","audio_par":"Carrera 70 Calle 62 C Sur","longitud":-74.16045183,"latitud":4.5892847789999998,"coor_x":99079.612859999994,"coor_y":99923.57922}},{"type":"Feature","id":573,"geometry":{"type":"Point","coordinates":[-74.160366130092768,4.5893164225640621]},"properties":{"OBJECTID":573,"OBJECTID_1":1873,"object_id":23525,"cenefa":"217A10","consec_par":"217","modulo_par":"A","zona_par":10,"nombre_par":"Br. Madelena","via_par":"KR 70","direcc_par":"KR 70 - CL 62B BIS Sur","locali_par":19,"consola_pa":"KR 70 - CL 62B BIS Sur (217A10)","panel_par":"KR 70 - CL 62B BIS Sur","audio_par":"Carrera 70 Calle 62 Be Bis Sur","longitud":-74.16036613,"latitud":4.5893164229999996,"coor_x":99080.563869999998,"coor_y":99923.929029999999}},{"type":"Feature","id":574,"geometry":{"type":"Point","coordinates":[-74.172008999715501,4.5893339998134879]},"properties":{"OBJECTID":574,"OBJECTID_1":1874,"object_id":23526,"cenefa":"404A10","consec_par":"404","modulo_par":"A","zona_par":10,"nombre_par":"Urb. Galicia","via_par":"KR 73J","direcc_par":"KR 73J - CL 62D Sur","locali_par":19,"consola_pa":"KR 73J - CL 62D Sur (404A10)","panel_par":"KR 73J - CL 62D Sur","audio_par":"Carrera 73 J Calle 62 D Sur","longitud":-74.172009000000003,"latitud":4.589334,"coor_x":98951.36868,"coor_y":99924.1394}},{"type":"Feature","id":575,"geometry":{"type":"Point","coordinates":[-74.171347790268271,4.5896291905839135]},"properties":{"OBJECTID":575,"OBJECTID_1":1884,"object_id":23536,"cenefa":"199A10","consec_par":"199","modulo_par":"A","zona_par":10,"nombre_par":"Br. Galicia","via_par":"CL 62D Sur","direcc_par":"CL 62D Sur - KR 73G","locali_par":19,"consola_pa":"CL 62D Sur - KR 73G (199A10)","panel_par":"CL 62D Sur - KR 73G","audio_par":"Calle 62 D Sur Carrera 73 G","longitud":-74.171347789999999,"latitud":4.5896291910000002,"coor_x":98958.706229999996,"coor_y":99927.402700000006}},{"type":"Feature","id":576,"geometry":{"type":"Point","coordinates":[-74.167723019701555,4.589637873538237]},"properties":{"OBJECTID":576,"OBJECTID_1":1885,"object_id":23537,"cenefa":"107A10","consec_par":"107","modulo_par":"A","zona_par":10,"nombre_par":"Br. Barlovento","via_par":"CL 62D Sur","direcc_par":"CL 62D Sur - KR 72","locali_par":19,"consola_pa":"CL 62D Sur - KR 72 (107A10)","panel_par":"CL 62D Sur - KR 72","audio_par":"Calle 62 D Sur Carrera 72","longitud":-74.167723019999997,"latitud":4.5896378740000001,"coor_x":98998.928520000001,"coor_y":99927.493549999999}},{"type":"Feature","id":577,"geometry":{"type":"Point","coordinates":[-74.152123359705229,4.5897044332621943]},"properties":{"OBJECTID":577,"OBJECTID_1":1891,"object_id":23543,"cenefa":"229A10","consec_par":"229","modulo_par":"A","zona_par":10,"nombre_par":"IED Isla del Sol","via_par":"CL 67B Sur","direcc_par":"CL 67B Sur - KR 63","locali_par":6,"consola_pa":"CL 67B Sur - KR 63 (229A10)","panel_par":"CL 67B Sur - KR 63","audio_par":"Calle 67 Be Sur Carrera 63","longitud":-74.152123360000004,"latitud":4.5897044329999996,"coor_x":99172.03026,"coor_y":99928.209650000004}},{"type":"Feature","id":578,"geometry":{"type":"Point","coordinates":[-74.168029260441983,4.5897382324826319]},"properties":{"OBJECTID":578,"OBJECTID_1":1892,"object_id":23544,"cenefa":"108A10","consec_par":"108","modulo_par":"A","zona_par":10,"nombre_par":"Br. Barlovento","via_par":"CL 62D Sur","direcc_par":"CL 62D Sur - KR 72","locali_par":19,"consola_pa":"CL 62D Sur - KR 72 (108A10)","panel_par":"CL 62D Sur - KR 72","audio_par":"Calle 62 D Sur Carrera 72","longitud":-74.168029259999997,"latitud":4.5897382330000003,"coor_x":98995.530469999998,"coor_y":99928.603770000002}},{"type":"Feature","id":579,"geometry":{"type":"Point","coordinates":[-74.171156990102986,4.5897431400830691]},"properties":{"OBJECTID":579,"OBJECTID_1":1893,"object_id":23545,"cenefa":"200A10","consec_par":"200","modulo_par":"A","zona_par":10,"nombre_par":"Br. Galicia","via_par":"CL 62D Sur","direcc_par":"CL 62D Sur - KR 76G","locali_par":19,"consola_pa":"CL 62D Sur - KR 76G (200A10)","panel_par":"CL 62D Sur - KR 76G","audio_par":"Calle 62 D Sur Carrera 76 G","longitud":-74.17115699,"latitud":4.5897431400000004,"coor_x":98960.823610000007,"coor_y":99928.662490000002}},{"type":"Feature","id":580,"geometry":{"type":"Point","coordinates":[-74.152211120047127,4.5897831491222725]},"properties":{"OBJECTID":580,"OBJECTID_1":1895,"object_id":23547,"cenefa":"228A10","consec_par":"228","modulo_par":"A","zona_par":10,"nombre_par":"Hospital Tunjuelito Unidad Isla del Sol","via_par":"CL 67B Sur","direcc_par":"CL 67B Sur - KR 63","locali_par":6,"consola_pa":"CL 67B Sur - KR 63 (228A10)","panel_par":"CL 67B Sur - KR 63","audio_par":"Calle 67 Be Sur Carrera 63","longitud":-74.152211120000004,"latitud":4.5897831489999996,"coor_x":99171.056519999998,"coor_y":99929.080199999997}},{"type":"Feature","id":581,"geometry":{"type":"Point","coordinates":[-74.157550359961078,4.5898578144358062]},"properties":{"OBJECTID":581,"OBJECTID_1":1898,"object_id":23550,"cenefa":"220A10","consec_par":"220","modulo_par":"A","zona_par":10,"nombre_par":"Br. Madelena","via_par":"KR 67","direcc_par":"KR 67 - CL 62B Sur","locali_par":19,"consola_pa":"KR 67 - CL 62B Sur (220A10)","panel_par":"KR 67 - CL 62B Sur","audio_par":"Carrera 67 Calle 62 Be Sur","longitud":-74.157550360000002,"latitud":4.5898578150000002,"coor_x":99111.80975,"coor_y":99929.912270000001}},{"type":"Feature","id":582,"geometry":{"type":"Point","coordinates":[-74.157345960247824,4.5899573478025868]},"properties":{"OBJECTID":582,"OBJECTID_1":1903,"object_id":23555,"cenefa":"221A10","consec_par":"221","modulo_par":"A","zona_par":10,"nombre_par":"Br. Madelena","via_par":"KR  67","direcc_par":"KR 67 - CL 62B Sur","locali_par":19,"consola_pa":"KR 67 - CL 62B Sur (221A10)","panel_par":"KR 67 - CL 62B Sur","audio_par":"Carrera 67 Calle 62 Be Sur","longitud":-74.157345960000001,"latitud":4.5899573480000004,"coor_x":99114.077990000005,"coor_y":99931.012669999996}},{"type":"Feature","id":583,"geometry":{"type":"Point","coordinates":[-74.18150511027261,4.5899908574413235]},"properties":{"OBJECTID":583,"OBJECTID_1":1904,"object_id":23556,"cenefa":"368A10","consec_par":"368","modulo_par":"A","zona_par":10,"nombre_par":"Br. Los tres Reyes II Sector","via_par":"(en blanco)","direcc_par":"KR 77C - CL 60B Sur","locali_par":19,"consola_pa":"KR 77C - CL 60B Sur (368A10)","panel_par":"KR 77C - CL 60B Sur","audio_par":"Carrera 77 C Calle 60 Be Sur","longitud":-74.181505110000003,"latitud":4.5899908580000002,"coor_x":98845.996039999998,"coor_y":99931.417650000003}},{"type":"Feature","id":584,"geometry":{"type":"Point","coordinates":[-74.17304165974474,4.5901436945250813]},"properties":{"OBJECTID":584,"OBJECTID_1":1912,"object_id":23564,"cenefa":"182A10","consec_par":"182","modulo_par":"A","zona_par":10,"nombre_par":"Br. Galicia","via_par":"TV 73B","direcc_par":"TV 73B - CL 62B Sur","locali_par":19,"consola_pa":"TV 73B - CL 62B Sur (182A10)","panel_par":"TV 73B - CL 62B Sur","audio_par":"Transversal 73 Be Calle 62 Be Sur","longitud":-74.173041659999996,"latitud":4.5901436950000001,"coor_x":98939.910950000005,"coor_y":99933.094649999999}},{"type":"Feature","id":585,"geometry":{"type":"Point","coordinates":[-74.163682999770572,4.5904471995278326]},"properties":{"OBJECTID":585,"OBJECTID_1":1917,"object_id":23569,"cenefa":"213B10","consec_par":"213","modulo_par":"B","zona_par":10,"nombre_par":"Br. Ismael Perdomo","via_par":"CL 63 Sur","direcc_par":"CL 63 Sur - KR 70D","locali_par":19,"consola_pa":"CL 63 Sur - KR 70D (213B10)","panel_par":"CL 63 Sur - KR 70D","audio_par":"Calle 63 Sur Carrera 70 D","longitud":-74.163683000000006,"latitud":4.5904471999999998,"coor_x":99043.759699999995,"coor_y":99936.437680000003}},{"type":"Feature","id":586,"geometry":{"type":"Point","coordinates":[-74.161556190365843,4.5906885622765126]},"properties":{"OBJECTID":586,"OBJECTID_1":1924,"object_id":23576,"cenefa":"092A10","consec_par":"092","modulo_par":"A","zona_par":10,"nombre_par":"Br. Balmoral","via_par":"Av. V/cio","direcc_par":"AV. V/cio - CL 62B Sur","locali_par":19,"consola_pa":"AV. V/cio - CL 62B Sur (092A10)","panel_par":"AV. V/cio - CL 62B Sur","audio_par":"Avenida Villavicencio Calle 62 Be Sur","longitud":-74.161556189999999,"latitud":4.5906885620000004,"coor_x":99067.360140000004,"coor_y":99939.103889999999}},{"type":"Feature","id":587,"geometry":{"type":"Point","coordinates":[-74.179310019841523,4.5909151581571885]},"properties":{"OBJECTID":587,"OBJECTID_1":1930,"object_id":23582,"cenefa":"296A10","consec_par":"296","modulo_par":"A","zona_par":10,"nombre_par":"Br. Buenos Aires","via_par":"KR 76A","direcc_par":"KR 76A - CL 60B Sur","locali_par":19,"consola_pa":"KR 76A - CL 60B Sur (296A10)","panel_par":"KR 76A - CL 60B Sur","audio_par":"Carrera 76 A Calle 60 Be Sur","longitud":-74.179310020000003,"latitud":4.5909151579999996,"coor_x":98870.355309999999,"coor_y":99941.635200000004}},{"type":"Feature","id":588,"geometry":{"type":"Point","coordinates":[-74.172679099860545,4.5909435749352339]},"properties":{"OBJECTID":588,"OBJECTID_1":1931,"object_id":23583,"cenefa":"183A10","consec_par":"183","modulo_par":"A","zona_par":10,"nombre_par":"Br. La Primavera I","via_par":"TV 73B","direcc_par":"TV 73B - CL 62A Sur","locali_par":19,"consola_pa":"TV 73B - CL 62A Sur (183A10)","panel_par":"TV 73B - CL 62A Sur","audio_par":"Transversal 73 Be Calle 62 A Sur","longitud":-74.172679099999996,"latitud":4.5909435749999998,"coor_x":98943.935270000002,"coor_y":99941.939320000005}},{"type":"Feature","id":589,"geometry":{"type":"Point","coordinates":[-74.167839329921094,4.591300887275314]},"properties":{"OBJECTID":589,"OBJECTID_1":1940,"object_id":23592,"cenefa":"201A10","consec_par":"201","modulo_par":"A","zona_par":10,"nombre_par":"Br. Galicia","via_par":"Cl 60A S","direcc_par":"CL 60A Sur - KR 73-31","locali_par":19,"consola_pa":"CL 60A Sur - KR 73-31 (201A10)","panel_par":"CL 60A Sur - KR 73-31","audio_par":"Calle 60 A Sur Carrera 73","longitud":-74.167839330000007,"latitud":4.5913008870000001,"coor_x":98997.640209999998,"coor_y":99945.883570000005}},{"type":"Feature","id":590,"geometry":{"type":"Point","coordinates":[-74.181427329707446,4.5913320451868795]},"properties":{"OBJECTID":590,"OBJECTID_1":1943,"object_id":23595,"cenefa":"369A10","consec_par":"369","modulo_par":"A","zona_par":10,"nombre_par":"Br. Primavera II","via_par":"(en blanco)","direcc_par":"CL 60A Sur - KR 77B","locali_par":19,"consola_pa":"CL 60A Sur - KR 77B (369A10)","panel_par":"CL 60A Sur - KR 77B","audio_par":"Calle 60 A Sur Carrera 77 Be","longitud":-74.181427330000005,"latitud":4.5913320449999997,"coor_x":98846.861279999997,"coor_y":99946.248579999999}},{"type":"Feature","id":591,"geometry":{"type":"Point","coordinates":[-74.159848810374285,4.5913352764510185]},"properties":{"OBJECTID":591,"OBJECTID_1":1944,"object_id":23596,"cenefa":"219A10","consec_par":"219","modulo_par":"A","zona_par":10,"nombre_par":"Br. Madelena","via_par":"CL 61 Sur","direcc_par":"CL 61 Sur - KR 69A","locali_par":19,"consola_pa":"CL 61 Sur - KR 69A (219A10)","panel_par":"CL 61 Sur - KR 69A","audio_par":"Calle 61 Sur Carrera 69 A","longitud":-74.15984881,"latitud":4.5913352769999998,"coor_x":99086.306880000004,"coor_y":99946.253159999993}},{"type":"Feature","id":592,"geometry":{"type":"Point","coordinates":[-74.176090390259276,4.5913872896408359]},"properties":{"OBJECTID":592,"OBJECTID_1":1946,"object_id":23598,"cenefa":"294A10","consec_par":"294","modulo_par":"A","zona_par":10,"nombre_par":"Br. La Primavera I","via_par":"Dg 60 S","direcc_par":"DG 60 Sur - KR 75B","locali_par":19,"consola_pa":"DG 60 Sur - KR 75B (294A10)","panel_par":"DG 60 Sur - KR 75B","audio_par":"Diagonal 60 Sur Carrera 75 Be","longitud":-74.176090389999999,"latitud":4.5913872900000001,"coor_x":98906.082620000001,"coor_y":99946.851110000003}},{"type":"Feature","id":593,"geometry":{"type":"Point","coordinates":[-74.167971219995763,4.5914300622967188]},"properties":{"OBJECTID":593,"OBJECTID_1":1948,"object_id":23600,"cenefa":"202A10","consec_par":"202","modulo_par":"A","zona_par":10,"nombre_par":"Br. Galicia","via_par":"Cl 60 A S","direcc_par":"CL 60 A Sur - KR 72","locali_par":19,"consola_pa":"CL 60 A Sur - KR 72 (202A10)","panel_par":"CL 60 A Sur - KR 72","audio_par":"Calle 60 A Sur Carrera 73","longitud":-74.167971219999998,"latitud":4.5914300619999997,"coor_x":98996.176869999996,"coor_y":99947.312189999997}},{"type":"Feature","id":594,"geometry":{"type":"Point","coordinates":[-74.15989220985756,4.5914515524962969]},"properties":{"OBJECTID":594,"OBJECTID_1":1949,"object_id":23601,"cenefa":"218A10","consec_par":"218","modulo_par":"A","zona_par":10,"nombre_par":"Br. Madelena","via_par":"Cl 61 S","direcc_par":"CL 61 Sur - 69A","locali_par":19,"consola_pa":"CL 61 Sur - 69A (218A10)","panel_par":"CL 61 Sur - 69A","audio_par":"Calle 61 Sur Carrera 69 A","longitud":-74.159892209999995,"latitud":4.5914515529999997,"coor_x":99085.825440000001,"coor_y":99947.539009999993}},{"type":"Feature","id":595,"geometry":{"type":"Point","coordinates":[-74.16739952007174,4.5914865900832318]},"properties":{"OBJECTID":595,"OBJECTID_1":1950,"object_id":23602,"cenefa":"208A10","consec_par":"208","modulo_par":"A","zona_par":10,"nombre_par":"Br. Barlovento","via_par":"KR  72","direcc_par":"KR 72 - CL 60A Sur","locali_par":19,"consola_pa":"KR 72 - CL 60A Sur (208A10)","panel_par":"KR 72 - CL 60A Sur","audio_par":"Carrera 72 Calle 60 A Sur","longitud":-74.167399520000004,"latitud":4.5914865899999997,"coor_x":99002.520810000002,"coor_y":99947.936480000004}},{"type":"Feature","id":596,"geometry":{"type":"Point","coordinates":[-74.156151979829986,4.5916288970051591]},"properties":{"OBJECTID":596,"OBJECTID_1":1955,"object_id":23607,"cenefa":"306A10","consec_par":"306","modulo_par":"A","zona_par":10,"nombre_par":"Br. Madelena","via_par":"CL 61 Sur","direcc_par":"CL 61 Sur - KR 65","locali_par":19,"consola_pa":"CL 61 Sur - KR 65 (306A10)","panel_par":"CL 61 Sur - KR 65","audio_par":"Calle 61 Sur Carrera 65","longitud":-74.156151980000004,"latitud":4.5916288969999997,"coor_x":99127.329020000005,"coor_y":99949.495439999999}},{"type":"Feature","id":597,"geometry":{"type":"Point","coordinates":[-74.170420400381147,4.5916447547507726]},"properties":{"OBJECTID":597,"OBJECTID_1":1956,"object_id":23608,"cenefa":"384A10","consec_par":"384","modulo_par":"A","zona_par":10,"nombre_par":"Br. Galicia","via_par":"Cl 60 A S","direcc_par":"CL 60 A Sur - KR 73","locali_par":19,"consola_pa":"CL 60 A Sur - KR 73 (384A10)","panel_par":"CL 60 A Sur - KR 73","audio_par":"Calle A 60 Sur Carrera 73","longitud":-74.170420399999998,"latitud":4.5916447549999999,"coor_x":98968.999909999999,"coor_y":99949.689780000001}},{"type":"Feature","id":598,"geometry":{"type":"Point","coordinates":[-74.171186069681312,4.5916720968389431]},"properties":{"OBJECTID":598,"OBJECTID_1":1957,"object_id":23609,"cenefa":"381A10","consec_par":"381","modulo_par":"A","zona_par":10,"nombre_par":"Br. Galicia","via_par":"CL 60 Sur","direcc_par":"CL 60 Sur - KR 73F","locali_par":19,"consola_pa":"CL 60 Sur - KR 73F (381A10)","panel_par":"CL 60 Sur - KR 73F","audio_par":"Calle 60 Sur Carrera 73 F","longitud":-74.171186070000005,"latitud":4.591672097,"coor_x":98960.503710000005,"coor_y":99949.993239999996}},{"type":"Feature","id":599,"geometry":{"type":"Point","coordinates":[-74.157072079812622,4.5916775638176821]},"properties":{"OBJECTID":599,"OBJECTID_1":1958,"object_id":23610,"cenefa":"393A10","consec_par":"393","modulo_par":"A","zona_par":10,"nombre_par":"Br. Madelena","via_par":"KR 66","direcc_par":"KR 66 - CL 60A Sur","locali_par":19,"consola_pa":"KR 66 - CL 60A Sur (393A10)","panel_par":"KR 66 - CL 60A Sur","audio_par":"Carrera 66 Calle 60 A Sur","longitud":-74.157072080000006,"latitud":4.5916775640000003,"coor_x":99117.119219999993,"coor_y":99950.034740000003}},{"type":"Feature","id":600,"geometry":{"type":"Point","coordinates":[-74.167265600227211,4.5917243735301714]},"properties":{"OBJECTID":600,"OBJECTID_1":1960,"object_id":23612,"cenefa":"209A10","consec_par":"209","modulo_par":"A","zona_par":10,"nombre_par":"Urbanización Barlovento","via_par":"KR  72","direcc_par":"KR 72 - DG 62A Sur","locali_par":19,"consola_pa":"KR 72 - DG 62A Sur (209A10)","panel_par":"KR 72 - DG 62A Sur","audio_par":"Carrera 72 Diagonal 62 A Sur","longitud":-74.167265599999993,"latitud":4.591724374,"coor_x":99004.007180000001,"coor_y":99950.565749999994}},{"type":"Feature","id":601,"geometry":{"type":"Point","coordinates":[-74.168962559774286,4.5917826576926606]},"properties":{"OBJECTID":601,"OBJECTID_1":1961,"object_id":23613,"cenefa":"282A10","consec_par":"282","modulo_par":"A","zona_par":10,"nombre_par":"Br. Barlovento","via_par":"KR  73","direcc_par":"KR 73 - CL 60A Sur","locali_par":19,"consola_pa":"KR 73 - CL 60A Sur (282A10)","panel_par":"KR 73 - CL 60A Sur","audio_par":"Carrera 73 Calle 60 A Sur","longitud":-74.168962559999997,"latitud":4.5917826579999996,"coor_x":98985.176990000007,"coor_y":99951.212650000001}},{"type":"Feature","id":602,"geometry":{"type":"Point","coordinates":[-74.173439419993201,4.591885418726247]},"properties":{"OBJECTID":602,"OBJECTID_1":1967,"object_id":23619,"cenefa":"181A10","consec_par":"181","modulo_par":"A","zona_par":10,"nombre_par":"Br. La Estancia","via_par":"CL 60 Sur","direcc_par":"CL 60 Sur - KR 74","locali_par":19,"consola_pa":"CL 60 Sur - KR 74 (181A10)","panel_par":"CL 60 Sur - KR 74","audio_par":"Calle 60 Sur Carrera 74","longitud":-74.173439419999994,"latitud":4.5918854189999996,"coor_x":98935.499790000002,"coor_y":99952.355500000005}},{"type":"Feature","id":603,"geometry":{"type":"Point","coordinates":[-74.176387019944968,4.591948595200626]},"properties":{"OBJECTID":603,"OBJECTID_1":1968,"object_id":23620,"cenefa":"266A10","consec_par":"266","modulo_par":"A","zona_par":10,"nombre_par":"Br. La Estancia","via_par":"CL 60A Sur","direcc_par":"CL 60A Sur - KR 75C","locali_par":19,"consola_pa":"CL 60A Sur - KR 75C (266A10)","panel_par":"CL 60A Sur - KR 75C","audio_par":"Calle 60 A Sur 75 C","longitud":-74.176387020000007,"latitud":4.5919485949999999,"coor_x":98902.791930000007,"coor_y":99953.058560000005}},{"type":"Feature","id":604,"geometry":{"type":"Point","coordinates":[-74.173173569604501,4.5919676491368593]},"properties":{"OBJECTID":604,"OBJECTID_1":1969,"object_id":23621,"cenefa":"180A10","consec_par":"180","modulo_par":"A","zona_par":10,"nombre_par":"Br. La Estancia","via_par":"CL 60A Sur","direcc_par":"CL 60A Sur - KR 74","locali_par":19,"consola_pa":"CL 60A Sur - KR 74 (180A10)","panel_par":"CL 60A Sur - KR 74","audio_par":"Calle 60 A Sur Carrera 74","longitud":-74.173173570000003,"latitud":4.5919676489999999,"coor_x":98938.449909999996,"coor_y":99953.264410000003}},{"type":"Feature","id":605,"geometry":{"type":"Point","coordinates":[-74.179614659788683,4.5920642147408568]},"properties":{"OBJECTID":605,"OBJECTID_1":1974,"object_id":23626,"cenefa":"297A10","consec_par":"297","modulo_par":"A","zona_par":10,"nombre_par":"Br. Buenos Aires","via_par":"KR 76A","direcc_par":"KR 76A - CL 59B Sur","locali_par":19,"consola_pa":"KR 76A - CL 59B Sur (297A10)","panel_par":"KR 76A - CL 59B Sur","audio_par":"Carrera 76 A Calle 59 Be Sur","longitud":-74.179614659999999,"latitud":4.5920642149999997,"coor_x":98866.976689999996,"coor_y":99954.342130000005}},{"type":"Feature","id":606,"geometry":{"type":"Point","coordinates":[-74.161406959563521,4.5921040160366262]},"properties":{"OBJECTID":606,"OBJECTID_1":1977,"object_id":23629,"cenefa":"335A10","consec_par":"335","modulo_par":"A","zona_par":10,"nombre_par":"Br. Rafael Escamilla","via_par":"Av. V/cio","direcc_par":"AV. V/cio - CL 60 A Sur","locali_par":19,"consola_pa":"AV. V/cio - CL 60 A Sur (335A10)","panel_par":"AV. V/cio - CL 60 A Sur","audio_par":"Avenida Villavicencio Calle 60 A Sur","longitud":-74.161406959999994,"latitud":4.5921040160000004,"coor_x":99069.017900000006,"coor_y":99954.755999999994}},{"type":"Feature","id":607,"geometry":{"type":"Point","coordinates":[-74.175291359708467,4.5921072922668689]},"properties":{"OBJECTID":607,"OBJECTID_1":1978,"object_id":23630,"cenefa":"275A10","consec_par":"275","modulo_par":"A","zona_par":10,"nombre_par":"Br. La Estancia","via_par":"KR 75","direcc_par":"KR 75 - CL 59A Sur","locali_par":19,"consola_pa":"KR 75 - CL 59A Sur (275A10)","panel_par":"KR 75 - CL 59A Sur","audio_par":"Carrera 75 Calle 59 A Sur","longitud":-74.175291360000003,"latitud":4.5921072919999997,"coor_x":98914.950129999997,"coor_y":99954.811790000007}},{"type":"Feature","id":608,"geometry":{"type":"Point","coordinates":[-74.157602859684175,4.5921813919068244]},"properties":{"OBJECTID":608,"OBJECTID_1":1979,"object_id":23631,"cenefa":"231A10","consec_par":"231","modulo_par":"A","zona_par":10,"nombre_par":"Br. Madelena","via_par":"KR  67","direcc_par":"KR 67 - CL 60A-18 Sur","locali_par":19,"consola_pa":"KR 67 - CL 60A-18 Sur (231A10)","panel_par":"KR 67 - CL 60A-18 Sur","audio_par":"Carrera 67 Calle 60 A Sur","longitud":-74.157602859999997,"latitud":4.5921813919999996,"coor_x":99111.230060000002,"coor_y":99955.606799999994}},{"type":"Feature","id":609,"geometry":{"type":"Point","coordinates":[-74.157782400337453,4.5922393568100182]},"properties":{"OBJECTID":609,"OBJECTID_1":1981,"object_id":23633,"cenefa":"230A10","consec_par":"230","modulo_par":"A","zona_par":10,"nombre_par":"Br. Madelena","via_par":"KR 67","direcc_par":"KR 67 - CL 60A Sur","locali_par":19,"consola_pa":"KR 67 - CL 60A Sur (230A10)","panel_par":"KR 67 - CL 60A Sur","audio_par":"Carrera 67 Calle 60 A Sur","longitud":-74.157782400000002,"latitud":4.5922393570000004,"coor_x":99109.237869999997,"coor_y":99956.248009999996}},{"type":"Feature","id":610,"geometry":{"type":"Point","coordinates":[-74.172594470058698,4.5923557776461648]},"properties":{"OBJECTID":610,"OBJECTID_1":1985,"object_id":23637,"cenefa":"310A10","consec_par":"310","modulo_par":"A","zona_par":10,"nombre_par":"Br. La Estancia","via_par":"KR 74","direcc_par":"KR 74 - CL 59B Sur","locali_par":19,"consola_pa":"KR 74 - CL 59B Sur (310A10)","panel_par":"KR 74 - CL 59B Sur","audio_par":"Carrera 74 Calle 59 Be Sur","longitud":-74.172594470000007,"latitud":4.5923557779999999,"coor_x":98944.876439999993,"coor_y":99957.555550000005}},{"type":"Feature","id":611,"geometry":{"type":"Point","coordinates":[-74.179803090240398,4.5923613066780682]},"properties":{"OBJECTID":611,"OBJECTID_1":1986,"object_id":23638,"cenefa":"173A10","consec_par":"173","modulo_par":"A","zona_par":10,"nombre_par":"Br. Quiba","via_par":"Cl 59 A S","direcc_par":"KR 76A - CL 59A Sur","locali_par":19,"consola_pa":"KR 76A - CL 59A Sur (173A10)","panel_par":"KR 76A - CL 59A Sur","audio_par":"Carrera 76 A Calle 59 A Sur","longitud":-74.179803089999993,"latitud":4.592361307,"coor_x":98864.886249999996,"coor_y":99957.627720000004}},{"type":"Feature","id":612,"geometry":{"type":"Point","coordinates":[-74.175383210166956,4.5923698529355166]},"properties":{"OBJECTID":612,"OBJECTID_1":1987,"object_id":23639,"cenefa":"272A10","consec_par":"272","modulo_par":"A","zona_par":10,"nombre_par":"Br. La Estancia","via_par":"KR 75","direcc_par":"KR 75 - CL 59A Sur","locali_par":19,"consola_pa":"KR 75 - CL 59A Sur (272A10)","panel_par":"KR 75 - CL 59A Sur","audio_par":"Carrera 75 Calle 59 A Sur","longitud":-74.175383210000007,"latitud":4.5923698530000001,"coor_x":98913.93131,"coor_y":99957.715360000002}},{"type":"Feature","id":613,"geometry":{"type":"Point","coordinates":[-74.180588729885926,4.5923927226951378]},"properties":{"OBJECTID":613,"OBJECTID_1":1988,"object_id":23640,"cenefa":"370A10","consec_par":"370","modulo_par":"A","zona_par":10,"nombre_par":"Br. Primavera II","via_par":"(en blanco)","direcc_par":"CL 59A Sur - KR 76A","locali_par":19,"consola_pa":"CL 59A Sur - KR 76A (370A10)","panel_par":"CL 59A Sur - KR 76A","audio_par":"Calle 59 A Sur Carrera 76 A","longitud":-74.180588729999997,"latitud":4.5923927229999997,"coor_x":98856.168470000004,"coor_y":99957.976379999993}},{"type":"Feature","id":614,"geometry":{"type":"Point","coordinates":[-74.155881720065281,4.5929553061915636]},"properties":{"OBJECTID":614,"OBJECTID_1":2002,"object_id":23654,"cenefa":"307A10","consec_par":"307","modulo_par":"A","zona_par":10,"nombre_par":"Br. Madelena","via_par":"KR 65","direcc_par":"KR 65 - CL 60 Sur","locali_par":19,"consola_pa":"KR 65 - CL 60 Sur (307A10)","panel_par":"KR 65 - CL 60 Sur","audio_par":"Carrera 65 Calle 60 Sur","longitud":-74.155881719999996,"latitud":4.5929553060000003,"coor_x":99130.329559999998,"coor_y":99964.16274}},{"type":"Feature","id":615,"geometry":{"type":"Point","coordinates":[-74.169011929856651,4.5931030414213101]},"properties":{"OBJECTID":615,"OBJECTID_1":2007,"object_id":23659,"cenefa":"280A10","consec_par":"280","modulo_par":"A","zona_par":10,"nombre_par":"Br. Galicia","via_par":"KR 73","direcc_par":"KR 73 - CL 60A Sur","locali_par":19,"consola_pa":"KR 73 - CL 60A Sur (280A10)","panel_par":"KR 73 - CL 60A Sur","audio_par":"Carrera 73 Calle 60 A Sur","longitud":-74.169011929999996,"latitud":4.5931030420000001,"coor_x":98984.631030000004,"coor_y":99965.813729999994}},{"type":"Feature","id":616,"geometry":{"type":"Point","coordinates":[-74.17272545001947,4.5934459978836015]},"properties":{"OBJECTID":616,"OBJECTID_1":2015,"object_id":23667,"cenefa":"385A10","consec_par":"385","modulo_par":"A","zona_par":10,"nombre_par":"Br. La Estancia","via_par":"KR 74","direcc_par":"KR 74 - CL 58C Sur","locali_par":19,"consola_pa":"KR 74 - CL 58C Sur (385A10)","panel_par":"KR 74 - CL 58C Sur","audio_par":"Carrera 74 Calle 58 C Sur","longitud":-74.172725450000002,"latitud":4.593445998,"coor_x":98943.424629999994,"coor_y":99969.611560000005}},{"type":"Feature","id":617,"geometry":{"type":"Point","coordinates":[-74.157954070124219,4.5937878220993982]},"properties":{"OBJECTID":617,"OBJECTID_1":2028,"object_id":23680,"cenefa":"232A10","consec_par":"232","modulo_par":"A","zona_par":10,"nombre_par":"Br. Rafael Escamilla","via_par":"KR 67","direcc_par":"KR 67 - CL 59 Sur","locali_par":19,"consola_pa":"KR 67 - CL 59 Sur (232A10)","panel_par":"KR 67 - CL 59 Sur","audio_par":"Carrera 67 Calle 59 Sur","longitud":-74.157954070000002,"latitud":4.5937878220000004,"coor_x":99107.334860000003,"coor_y":99973.371379999997}},{"type":"Feature","id":618,"geometry":{"type":"Point","coordinates":[-74.167379799737944,4.5939286622270394]},"properties":{"OBJECTID":618,"OBJECTID_1":2032,"object_id":23684,"cenefa":"276A10","consec_par":"276","modulo_par":"A","zona_par":10,"nombre_par":"Br. Barlovento","via_par":"KR  72","direcc_par":"KR 72 - Auto Sur","locali_par":19,"consola_pa":"KR 72 - Auto Sur (276A10)","panel_par":"KR 72 - Auto Sur","audio_par":"Carrera 72 Autopista Sur","longitud":-74.167379800000006,"latitud":4.5939286619999997,"coor_x":99002.743019999994,"coor_y":99974.941260000007}},{"type":"Feature","id":619,"geometry":{"type":"Point","coordinates":[-74.178606499989939,4.5939999406937826]},"properties":{"OBJECTID":619,"OBJECTID_1":2034,"object_id":23686,"cenefa":"274A10","consec_par":"274","modulo_par":"A","zona_par":10,"nombre_par":"Br. San Isidro","via_par":"KR  76","direcc_par":"KR 76 - CL 58 Sur","locali_par":19,"consola_pa":"KR 76 - CL 58 Sur (274A10)","panel_par":"KR 76 - CL 58 Sur","audio_par":"Carrera 76 Calle 58 Sur","longitud":-74.178606500000001,"latitud":4.5939999409999999,"coor_x":98878.166729999997,"coor_y":99975.746109999993}},{"type":"Feature","id":620,"geometry":{"type":"Point","coordinates":[-74.163943000069366,4.5940549998874198]},"properties":{"OBJECTID":620,"OBJECTID_1":2037,"object_id":23689,"cenefa":"426A10","consec_par":"426","modulo_par":"A","zona_par":10,"nombre_par":"Balmoral III","via_par":"KR71","direcc_par":"KR71 - CL58Sur","locali_par":19,"consola_pa":"KR71 - CL58Sur (426A10)","panel_par":"KR71 - CL58Sur","audio_par":"Carrera 71 Calle 58 Sur","longitud":-74.163943000000003,"latitud":4.594055,"coor_x":99040.879430000001,"coor_y":99976.333629999994}},{"type":"Feature","id":621,"geometry":{"type":"Point","coordinates":[-74.161919010154179,4.5941397331112608]},"properties":{"OBJECTID":621,"OBJECTID_1":2041,"object_id":23693,"cenefa":"053A10","consec_par":"053","modulo_par":"A","zona_par":10,"nombre_par":"Br. Rafael Escamilla","via_par":"Av. V/cio","direcc_par":"AV. V/cio - Auto Sur","locali_par":19,"consola_pa":"AV. V/cio - Auto Sur (053A10)","panel_par":"AV. V/cio - Auto Sur","audio_par":"Avenida Villavicencio Autopista Sur","longitud":-74.161919010000005,"latitud":4.5941397329999996,"coor_x":99063.338610000006,"coor_y":99977.267940000005}},{"type":"Feature","id":622,"geometry":{"type":"Point","coordinates":[-74.161653169657995,4.5941525124775318]},"properties":{"OBJECTID":622,"OBJECTID_1":2042,"object_id":23694,"cenefa":"054A10","consec_par":"054","modulo_par":"A","zona_par":10,"nombre_par":"Br. Rafael Escamilla","via_par":"Av. V/cio","direcc_par":"AV. V/cio - Auto Sur","locali_par":19,"consola_pa":"AV. V/cio - Auto Sur (054A10)","panel_par":"AV. V/cio - Auto Sur","audio_par":"Avenida Villavicencio Autopista Sur","longitud":-74.161653169999994,"latitud":4.594152513,"coor_x":99066.288499999995,"coor_y":99977.408909999998}},{"type":"Feature","id":623,"geometry":{"type":"Point","coordinates":[-74.167251710198229,4.5943533562714194]},"properties":{"OBJECTID":623,"OBJECTID_1":2045,"object_id":23697,"cenefa":"277A10","consec_par":"277","modulo_par":"A","zona_par":10,"nombre_par":"Br. Barlovento","via_par":"KR  72","direcc_par":"KR 72 - Auto Sur","locali_par":19,"consola_pa":"KR 72 - Auto Sur (277A10)","panel_par":"KR 72 - Auto Sur","audio_par":"Carrera 72 Autopista Sur","longitud":-74.167251710000002,"latitud":4.5943533560000001,"coor_x":99004.164959999995,"coor_y":99979.637419999999}},{"type":"Feature","id":624,"geometry":{"type":"Point","coordinates":[-74.178497619969164,4.5943725262201802]},"properties":{"OBJECTID":624,"OBJECTID_1":2046,"object_id":23698,"cenefa":"281A10","consec_par":"281","modulo_par":"A","zona_par":10,"nombre_par":"Br. La Estancia Ciprés de la Llanada","via_par":"KR 76","direcc_par":"KR 76 - CL 58B Sur","locali_par":19,"consola_pa":"KR 76 - CL 58B Sur (281A10)","panel_par":"KR 76 - CL 58B Sur","audio_par":"Carrera 76 Calle 58 Be Sur","longitud":-74.178497620000002,"latitud":4.5943725259999999,"coor_x":98879.375499999995,"coor_y":99979.866039999994}},{"type":"Feature","id":625,"geometry":{"type":"Point","coordinates":[-74.168867350347909,4.5944683606753509]},"properties":{"OBJECTID":625,"OBJECTID_1":2048,"object_id":23700,"cenefa":"279A10","consec_par":"279","modulo_par":"A","zona_par":10,"nombre_par":"Br. Barlovento","via_par":"KR  73","direcc_par":"KR 73 - CL 57R Sur","locali_par":19,"consola_pa":"KR 73 - CL 57R Sur (279A10)","panel_par":"KR 73 - CL 57R Sur","audio_par":"Carrera 73 Calle 57 R Sur","longitud":-74.168867349999999,"latitud":4.5944683609999997,"coor_x":98986.237280000001,"coor_y":99980.911429999993}},{"type":"Feature","id":626,"geometry":{"type":"Point","coordinates":[-74.174089080346732,4.5944685594255246]},"properties":{"OBJECTID":626,"OBJECTID_1":2049,"object_id":23701,"cenefa":"372A10","consec_par":"372","modulo_par":"A","zona_par":10,"nombre_par":"Br. La Estancia","via_par":"DG 57 Sur","direcc_par":"DG 57 Sur - KR 74D","locali_par":19,"consola_pa":"DG 57 Sur - KR 74D (372A10)","panel_par":"DG 57 Sur - KR 74D","audio_par":"Diagonal 57 Sur Carrera 74 D","longitud":-74.174089080000002,"latitud":4.5944685600000001,"coor_x":98928.294710000002,"coor_y":99980.921239999996}},{"type":"Feature","id":627,"geometry":{"type":"Point","coordinates":[-74.177139999811118,4.5944939994475806]},"properties":{"OBJECTID":627,"OBJECTID_1":2051,"object_id":23703,"cenefa":"416A10","consec_par":"416","modulo_par":"A","zona_par":10,"nombre_par":"Pq. La Llanada","via_par":"CL 57Z Sur","direcc_par":"CL 57Z Sur - KR 75D","locali_par":19,"consola_pa":"CL 57Z Sur - KR 75D (416A10)","panel_par":"CL 57Z Sur - KR 75D","audio_par":"Calle 57 Z Sur Carrera 75 D","longitud":-74.177139999999994,"latitud":4.5944940000000001,"coor_x":98894.440419999999,"coor_y":99981.207200000004}},{"type":"Feature","id":628,"geometry":{"type":"Point","coordinates":[-74.1746757899557,4.5944991120934313]},"properties":{"OBJECTID":628,"OBJECTID_1":2052,"object_id":23704,"cenefa":"312A10","consec_par":"312","modulo_par":"A","zona_par":10,"nombre_par":"Br. La Estancia","via_par":"DG 57Z Sur","direcc_par":"DG 57Z Sur - KR 74G","locali_par":19,"consola_pa":"DG 57Z Sur - KR 74G (312A10)","panel_par":"DG 57Z Sur - KR 74G","audio_par":"Diagonal 57 Z Sur Carrera 74 G","longitud":-74.174675789999995,"latitud":4.5944991120000003,"coor_x":98921.784369999994,"coor_y":99981.259969999999}},{"type":"Feature","id":629,"geometry":{"type":"Point","coordinates":[-74.176571790155947,4.5947295202002234]},"properties":{"OBJECTID":629,"OBJECTID_1":2057,"object_id":23709,"cenefa":"293A10","consec_par":"293","modulo_par":"A","zona_par":10,"nombre_par":"Br. Los tres Reyes II Sector","via_par":"Cl 57Z S","direcc_par":"CL 57Z Sur - KR 75D","locali_par":19,"consola_pa":"CL 57Z Sur - KR 75D (293A10)","panel_par":"CL 57Z Sur - KR 75D","audio_par":"Calle 57 Z Sur Carrera 75 D","longitud":-74.176571789999997,"latitud":4.5947295199999996,"coor_x":98900.745890000006,"coor_y":99983.810750000004}},{"type":"Feature","id":630,"geometry":{"type":"Point","coordinates":[-74.171991470130195,4.5947755987639063]},"properties":{"OBJECTID":630,"OBJECTID_1":2059,"object_id":23711,"cenefa":"311A10","consec_par":"311","modulo_par":"A","zona_par":10,"nombre_par":"Br. La Estancia","via_par":"TV 73I","direcc_par":"TV 73I - CL 57Y Sur","locali_par":19,"consola_pa":"TV 73I - CL 57Y Sur (311A10)","panel_par":"TV 73I - CL 57Y Sur","audio_par":"Transversal 73 I Calle 57 Y Sur","longitud":-74.171991469999995,"latitud":4.5947755990000001,"coor_x":98951.571150000003,"coor_y":99984.313420000006}},{"type":"Feature","id":631,"geometry":{"type":"Point","coordinates":[-74.156022300288896,4.5948485949357716]},"properties":{"OBJECTID":631,"OBJECTID_1":2061,"object_id":23713,"cenefa":"308A10","consec_par":"308","modulo_par":"A","zona_par":10,"nombre_par":"Br. Madelena","via_par":"CL 58 Sur","direcc_par":"CL 58 Sur - KR 65","locali_par":19,"consola_pa":"CL 58 Sur - KR 65 (308A10)","panel_par":"CL 58 Sur - KR 65","audio_par":"Calle 58 Sur Carrera 65","longitud":-74.156022300000004,"latitud":4.5948485950000002,"coor_x":99128.771919999999,"coor_y":99985.099189999994}},{"type":"Feature","id":632,"geometry":{"type":"Point","coordinates":[-74.157867280150811,4.5949132669827328]},"properties":{"OBJECTID":632,"OBJECTID_1":2064,"object_id":23716,"cenefa":"233A10","consec_par":"233","modulo_par":"A","zona_par":10,"nombre_par":"Br. Madelena","via_par":"KR 67","direcc_par":"KR 67 - CL 57V Sur","locali_par":19,"consola_pa":"KR 67 - CL 57V Sur (233A10)","panel_par":"KR 67 - CL 57V Sur","audio_par":"Carrera 67 Calle 57 Ve Sur","longitud":-74.157867280000005,"latitud":4.5949132669999999,"coor_x":99108.299320000006,"coor_y":99985.816609999994}},{"type":"Feature","id":633,"geometry":{"type":"Point","coordinates":[-74.168956879656207,4.5949298279981843]},"properties":{"OBJECTID":633,"OBJECTID_1":2065,"object_id":23717,"cenefa":"285A10","consec_par":"285","modulo_par":"A","zona_par":10,"nombre_par":"Alcaldía Local Ciudad Bolívar","via_par":"KR 73","direcc_par":"KR 73 - CL 59","locali_par":19,"consola_pa":"KR 73 - CL 59 (285A10)","panel_par":"KR 73 - CL 59","audio_par":"Carrera 73 Calle 59","longitud":-74.168956879999996,"latitud":4.5949298279999997,"coor_x":98985.244470000005,"coor_y":99986.01453}},{"type":"Feature","id":634,"geometry":{"type":"Point","coordinates":[-74.148844409941546,4.5950950955113088]},"properties":{"OBJECTID":634,"OBJECTID_1":2073,"object_id":23725,"cenefa":"044A10","consec_par":"044","modulo_par":"A","zona_par":10,"nombre_par":"Estación La Sevillana","via_par":"Autopista Sur","direcc_par":"Auto Sur - KR 60","locali_par":8,"consola_pa":"Auto Sur - KR 60 (044A10)","panel_par":"Auto Sur - KR 60","audio_par":"Autopista Sur Carrera 60","longitud":-74.148844409999995,"latitud":4.5950950959999997,"coor_x":99208.421069999997,"coor_y":99987.816690000007}},{"type":"Feature","id":635,"geometry":{"type":"Point","coordinates":[-74.148303179947732,4.5953749375523341]},"properties":{"OBJECTID":635,"OBJECTID_1":2080,"object_id":23732,"cenefa":"057A09","consec_par":"057","modulo_par":"A","zona_par":9,"nombre_par":"Estación Sevillana","via_par":"Autopista Sur","direcc_par":"AV. NQS - KR 57","locali_par":8,"consola_pa":"AV. NQS - KR 57 (057A09)","panel_par":"AV. NQS - KR 57","audio_par":"Avenida N Q S Carrera 57","longitud":-74.148303179999999,"latitud":4.595374938,"coor_x":99214.427089999997,"coor_y":99990.910629999998}},{"type":"Feature","id":636,"geometry":{"type":"Point","coordinates":[-74.175373000163802,4.5955060002507446]},"properties":{"OBJECTID":636,"OBJECTID_1":2081,"object_id":23733,"cenefa":"176A10","consec_par":"176","modulo_par":"A","zona_par":10,"nombre_par":"Br. La Estancia","via_par":"KR 75","direcc_par":"KR 75 - Auto Sur","locali_par":19,"consola_pa":"KR 75 - Auto Sur (176A10)","panel_par":"KR 75 - Auto Sur","audio_par":"Carrera 75 Autopista Sur","longitud":-74.175372999999993,"latitud":4.5955060000000003,"coor_x":98914.049350000001,"coor_y":99992.395350000006}},{"type":"Feature","id":637,"geometry":{"type":"Point","coordinates":[-74.166686919765482,4.5955367336823247]},"properties":{"OBJECTID":637,"OBJECTID_1":2082,"object_id":23734,"cenefa":"042A10","consec_par":"042","modulo_par":"A","zona_par":10,"nombre_par":"Estación Perdomo","via_par":"Autopista Sur","direcc_par":"Auto Sur - CL 71","locali_par":19,"consola_pa":"Auto Sur - CL 71 (042A10)","panel_par":"Auto Sur - CL 71","audio_par":"Autopista Sur Calle 71","longitud":-74.166686920000004,"latitud":4.5955367340000004,"coor_x":99010.433739999993,"coor_y":99992.722609999997}},{"type":"Feature","id":638,"geometry":{"type":"Point","coordinates":[-74.168345159901151,4.5955917110376365]},"properties":{"OBJECTID":638,"OBJECTID_1":2086,"object_id":23738,"cenefa":"062A10","consec_par":"062","modulo_par":"A","zona_par":10,"nombre_par":"Br. Olarte","via_par":"Autopista Sur","direcc_par":"Auto Sur - KR 73","locali_par":19,"consola_pa":"Auto Sur - KR 73 (062A10)","panel_par":"Auto Sur - KR 73","audio_par":"Autopista Sur Carrera 73","longitud":-74.168345160000001,"latitud":4.595591711,"coor_x":98992.033299999996,"coor_y":99993.332869999998}},{"type":"Feature","id":639,"geometry":{"type":"Point","coordinates":[-74.175295000164112,4.5957360000653642]},"properties":{"OBJECTID":639,"OBJECTID_1":2092,"object_id":23744,"cenefa":"205A10","consec_par":"205","modulo_par":"A","zona_par":10,"nombre_par":"Br. La Estancia","via_par":"KR 75","direcc_par":"KR 75 - Auto Sur","locali_par":19,"consola_pa":"KR 75 - Auto Sur (205A10)","panel_par":"KR 75 - Auto Sur","audio_par":"Carrera 75 Autopista Sur","longitud":-74.175295000000006,"latitud":4.5957359999999996,"coor_x":98914.915219999995,"coor_y":99994.938609999997}},{"type":"Feature","id":640,"geometry":{"type":"Point","coordinates":[-74.171996400213686,4.5960003000228564]},"properties":{"OBJECTID":640,"OBJECTID_1":2103,"object_id":23755,"cenefa":"291A10","consec_par":"291","modulo_par":"A","zona_par":10,"nombre_par":"Portal del Sur","via_par":"Autopista Sur","direcc_par":"Auto Sur - KR 74","locali_par":19,"consola_pa":"Auto Sur - KR 74 (291A10)","panel_par":"Auto Sur - KR 74","audio_par":"Autopista Sur Carrera 74","longitud":-74.171996399999998,"latitud":4.5960003,"coor_x":98951.518230000001,"coor_y":99997.856360000005}},{"type":"Feature","id":641,"geometry":{"type":"Point","coordinates":[-74.165186550219062,4.5960310145686645]},"properties":{"OBJECTID":641,"OBJECTID_1":2104,"object_id":23756,"cenefa":"055A09","consec_par":"055","modulo_par":"A","zona_par":9,"nombre_par":"Estación Perdomo","via_par":"Autopista Sur","direcc_par":"Auto Sur - KR 72","locali_par":7,"consola_pa":"Auto Sur - KR 72 (055A09)","panel_par":"Auto Sur - KR 72","audio_par":"Autopista Sur Carrera 72","longitud":-74.165186550000001,"latitud":4.5960310150000003,"coor_x":99027.083140000002,"coor_y":99998.186379999999}},{"type":"Feature","id":642,"geometry":{"type":"Point","coordinates":[-74.156648310271237,4.5961060261212152]},"properties":{"OBJECTID":642,"OBJECTID_1":2106,"object_id":23758,"cenefa":"043A10","consec_par":"043","modulo_par":"A","zona_par":10,"nombre_par":"Estación Madelena","via_par":"Autopista Sur","direcc_par":"Auto Sur - KR 66A","locali_par":19,"consola_pa":"Auto Sur - KR 66A (043A10)","panel_par":"Auto Sur - KR 66A","audio_par":"Autopista Sur Carrera 66 A","longitud":-74.156648309999994,"latitud":4.5961060260000002,"coor_x":99121.826990000001,"coor_y":99999.004820000002}},{"type":"Feature","id":643,"geometry":{"type":"Point","coordinates":[-74.154305579938523,4.5961988469482442]},"properties":{"OBJECTID":643,"OBJECTID_1":2109,"object_id":23761,"cenefa":"379A10","consec_par":"379","modulo_par":"A","zona_par":10,"nombre_par":"Br. Madelena","via_par":"Autopista Sur","direcc_par":"Auto Sur - KR 64 Bis","locali_par":19,"consola_pa":"Auto Sur - KR 64 Bis (379A10)","panel_par":"Auto Sur - KR 64 Bis","audio_par":"Autopista Sur Carrera 64 Bis","longitud":-74.154305579999999,"latitud":4.5961988470000001,"coor_x":99147.822969999994,"coor_y":100000.02841}},{"type":"Feature","id":644,"geometry":{"type":"Point","coordinates":[-74.153091970018352,4.5962895948379527]},"properties":{"OBJECTID":644,"OBJECTID_1":2112,"object_id":23764,"cenefa":"616A09","consec_par":"616","modulo_par":"A","zona_par":9,"nombre_par":"Br. Guadalupe","via_par":"Autopista Sur","direcc_par":"Auto Sur - TV 62G","locali_par":19,"consola_pa":"Auto Sur - TV 62G (616A09)","panel_par":"Auto Sur - TV 62G","audio_par":"Autopista Sur Transversal 62 G","longitud":-74.153091970000006,"latitud":4.596289595,"coor_x":99161.289770000003,"coor_y":100001.03048}},{"type":"Feature","id":645,"geometry":{"type":"Point","coordinates":[-74.178639880126354,4.5963354485710868]},"properties":{"OBJECTID":645,"OBJECTID_1":2113,"object_id":23765,"cenefa":"175A10","consec_par":"175","modulo_par":"A","zona_par":10,"nombre_par":"Autopista Sur","via_par":"KR  76","direcc_par":"KR 76 - CL 57R Sur","locali_par":19,"consola_pa":"KR 76 - CL 57R Sur (175A10)","panel_par":"KR 76 - CL 57R Sur","audio_par":"Carrera 76 Calle 57 R Sur","longitud":-74.178639880000006,"latitud":4.5963354489999997,"coor_x":98877.79999,"coor_y":100001.57257}},{"type":"Feature","id":646,"geometry":{"type":"Point","coordinates":[-74.156001089778442,4.596552131224855]},"properties":{"OBJECTID":646,"OBJECTID_1":2122,"object_id":23774,"cenefa":"056A09","consec_par":"056","modulo_par":"A","zona_par":9,"nombre_par":"Estación Madelena","via_par":"Autopista Sur","direcc_par":"Auto Sur - KR 66A","locali_par":19,"consola_pa":"Auto Sur - KR 66A (056A09)","panel_par":"Auto Sur - KR 66A","audio_par":"Autopista Sur Carrera 66 A","longitud":-74.156001090000004,"latitud":4.5965521310000002,"coor_x":99129.009340000004,"coor_y":100003.93712}},{"type":"Feature","id":647,"geometry":{"type":"Point","coordinates":[-74.172733620360248,4.5966322329402134]},"properties":{"OBJECTID":647,"OBJECTID_1":2127,"object_id":23779,"cenefa":"075A09","consec_par":"075","modulo_par":"A","zona_par":9,"nombre_par":"Cementerio Jardines del Apogeo","via_par":"Autopista Sur","direcc_par":"Auto Sur - TV 74","locali_par":7,"consola_pa":"Auto Sur - TV 74 (075A09)","panel_par":"Auto Sur - TV 74","audio_par":"Autopista Sur Transversal 74","longitud":-74.172733620000002,"latitud":4.5966322330000002,"coor_x":98943.338669999997,"coor_y":100004.84546}},{"type":"Feature","id":648,"geometry":{"type":"Point","coordinates":[-74.176672849672229,4.5966700197546135]},"properties":{"OBJECTID":648,"OBJECTID_1":2129,"object_id":23781,"cenefa":"063A10","consec_par":"063","modulo_par":"A","zona_par":10,"nombre_par":"Br. La Estancia","via_par":"Autopista Sur","direcc_par":"Auto Sur - KR 75D","locali_par":19,"consola_pa":"Auto Sur - KR 75D (063A10)","panel_par":"Auto Sur - KR 75D","audio_par":"Autopista Sur Carrera 75 D","longitud":-74.176672850000003,"latitud":4.5966700200000004,"coor_x":98899.627460000003,"coor_y":100005.26925}},{"type":"Feature","id":649,"geometry":{"type":"Point","coordinates":[-74.186374000259889,4.5967179994850937]},"properties":{"OBJECTID":649,"OBJECTID_1":2130,"object_id":23782,"cenefa":"272A09","consec_par":"272","modulo_par":"A","zona_par":9,"nombre_par":"Br. La Estación","via_par":"KR 77 G","direcc_par":"KR 77G - CL 65 J Sur","locali_par":7,"consola_pa":"KR 77G - CL 65 J Sur (272A09)","panel_par":"KR 77G - CL 65 J Sur","audio_par":"Carrera 77 G Calle 65 J Sur","longitud":-74.186374000000001,"latitud":4.5967180000000001,"coor_x":98791.979699999996,"coor_y":100005.81548999999}},{"type":"Feature","id":650,"geometry":{"type":"Point","coordinates":[-74.170079999792108,4.5967789996001613]},"properties":{"OBJECTID":650,"OBJECTID_1":2132,"object_id":23784,"cenefa":"406A10","consec_par":"406","modulo_par":"A","zona_par":10,"nombre_par":"Portal del Sur","via_par":"Portal del Sur","direcc_par":"Portal del Sur","locali_par":7,"consola_pa":"Portal del Sur (406A10)","panel_par":"Portal del Sur","audio_par":"Portal del Sur","longitud":-74.170079999999999,"latitud":4.5967789999999997,"coor_x":98972.784499999994,"coor_y":100006.46455999999}},{"type":"Feature","id":651,"geometry":{"type":"Point","coordinates":[-74.167537250343798,4.5970045576632046]},"properties":{"OBJECTID":651,"OBJECTID_1":2137,"object_id":23789,"cenefa":"623A09","consec_par":"623","modulo_par":"A","zona_par":9,"nombre_par":"Portal Sur","via_par":"KR 72D","direcc_par":"KR 72D - CL 57K Sur","locali_par":7,"consola_pa":"KR 72D - CL 57K Sur (623A09)","panel_par":"KR 72D - CL 57K Sur","audio_par":"Carrera 72 D Calle 57 K Sur","longitud":-74.167537249999995,"latitud":4.5970045580000001,"coor_x":99001.000169999999,"coor_y":100008.95521}},{"type":"Feature","id":652,"geometry":{"type":"Point","coordinates":[-74.181347030141296,4.5970884464236565]},"properties":{"OBJECTID":652,"OBJECTID_1":2139,"object_id":23791,"cenefa":"523A09","consec_par":"523","modulo_par":"A","zona_par":9,"nombre_par":"Br. La Estación","via_par":"KR 77 G","direcc_par":"KR 77 G - CL 65 A Sur","locali_par":7,"consola_pa":"KR 77 G - CL 65 A Sur (523A09)","panel_par":"KR 77 G - CL 65 A Sur","audio_par":"Carrera 77 G Calle 65 A Sur","longitud":-74.181347029999998,"latitud":4.597088447,"coor_x":98847.761559999999,"coor_y":100009.90364999999}},{"type":"Feature","id":653,"geometry":{"type":"Point","coordinates":[-74.162030959561093,4.5974096716679576]},"properties":{"OBJECTID":653,"OBJECTID_1":2145,"object_id":23797,"cenefa":"064A09","consec_par":"064","modulo_par":"A","zona_par":9,"nombre_par":"Br. Villa del Río","via_par":"Av. V/cio","direcc_par":"AV. V/cio - CL 57H Sur","locali_par":7,"consola_pa":"AV. V/cio - CL 57H Sur (064A09)","panel_par":"AV. V/cio - CL 57H Sur","audio_par":"Avenida Villavicencio Calle 57 H Sur","longitud":-74.162030959999996,"latitud":4.5974096720000004,"coor_x":99062.100640000004,"coor_y":100013.42757}},{"type":"Feature","id":654,"geometry":{"type":"Point","coordinates":[-74.162296729910111,4.5975075394903202]},"properties":{"OBJECTID":654,"OBJECTID_1":2149,"object_id":23801,"cenefa":"063A09","consec_par":"063","modulo_par":"A","zona_par":9,"nombre_par":"Urb. Gecolsa","via_par":"Av. V/cio","direcc_par":"AV. V/cio - CL 57H Sur","locali_par":7,"consola_pa":"AV. V/cio - CL 57H Sur (063A09)","panel_par":"AV. V/cio - CL 57H Sur","audio_par":"Avenida Villavicencio Calle 57 H Sur","longitud":-74.162296729999994,"latitud":4.5975075399999996,"coor_x":99059.151679999995,"coor_y":100014.51016000001}},{"type":"Feature","id":655,"geometry":{"type":"Point","coordinates":[-74.175808999585627,4.5975799996662081]},"properties":{"OBJECTID":655,"OBJECTID_1":2150,"object_id":23802,"cenefa":"614A09","consec_par":"614","modulo_par":"A","zona_par":9,"nombre_par":"Terminal del Sur","via_par":"Terminal Sur","direcc_par":"Terminal Sur","locali_par":7,"consola_pa":"Terminal Sur (614A09)","panel_par":"Terminal Sur","audio_par":"Terminal Sur","longitud":-74.175809000000001,"latitud":4.5975799999999998,"coor_x":98909.214470000006,"coor_y":100015.33063}},{"type":"Feature","id":656,"geometry":{"type":"Point","coordinates":[-74.180483770009914,4.5978332199760468]},"properties":{"OBJECTID":656,"OBJECTID_1":2158,"object_id":23810,"cenefa":"045A09","consec_par":"045","modulo_par":"A","zona_par":9,"nombre_par":"Centro Comunitario Bosa","via_par":"CL 65 Sur","direcc_par":"CL 65 Sur - KR 77G","locali_par":7,"consola_pa":"CL 65 Sur - KR 77G (045A09)","panel_par":"CL 65 Sur - KR 77G","audio_par":"Calle 65 Sur Carrera 77 G","longitud":-74.180483769999995,"latitud":4.5978332200000001,"coor_x":98857.341820000001,"coor_y":100018.13808}},{"type":"Feature","id":657,"geometry":{"type":"Point","coordinates":[-74.17930993980184,4.5978966698443626]},"properties":{"OBJECTID":657,"OBJECTID_1":2162,"object_id":23814,"cenefa":"046A09","consec_par":"046","modulo_par":"A","zona_par":9,"nombre_par":"Hsp. Pablo VI Bosa","via_par":"CL 63 Sur","direcc_par":"CL 63 Sur - KR 77G","locali_par":7,"consola_pa":"CL 63 Sur - KR 77G (046A09)","panel_par":"CL 63 Sur - KR 77G","audio_par":"Calle 63 Sur Carrera 77 G","longitud":-74.179309939999996,"latitud":4.5978966699999999,"coor_x":98870.367190000004,"coor_y":100018.83786}},{"type":"Feature","id":658,"geometry":{"type":"Point","coordinates":[-74.156393999983095,4.5979820002180967]},"properties":{"OBJECTID":658,"OBJECTID_1":2166,"object_id":23818,"cenefa":"643A09","consec_par":"643","modulo_par":"A","zona_par":9,"nombre_par":"Patio Guadalupe","via_par":"DG 67C Sur","direcc_par":"DG 67C Sur - KR 64B","locali_par":7,"consola_pa":"DG 67C Sur - KR 64B (643A09)","panel_par":"DG 67C Sur - KR 64B","audio_par":"Diagonal 67 C Sur Carrera 64 Be","longitud":-74.156394000000006,"latitud":4.597982,"coor_x":99124.651199999993,"coor_y":100019.74931}},{"type":"Feature","id":659,"geometry":{"type":"Point","coordinates":[-74.15394486995973,4.5980280562987268]},"properties":{"OBJECTID":659,"OBJECTID_1":2168,"object_id":23820,"cenefa":"352A09","consec_par":"352","modulo_par":"A","zona_par":9,"nombre_par":"Br. Guadalupe","via_par":"KR 63","direcc_par":"KR 63 - Auto Sur","locali_par":19,"consola_pa":"KR 63 - Auto Sur (352A09)","panel_par":"KR 63 - Auto Sur","audio_par":"Carrera 63 Autopista Sur","longitud":-74.153944870000004,"latitud":4.5980280560000004,"coor_x":99151.827709999998,"coor_y":100020.25565000001}},{"type":"Feature","id":660,"geometry":{"type":"Point","coordinates":[-74.178563439551056,4.5982233602688138]},"properties":{"OBJECTID":660,"OBJECTID_1":2176,"object_id":23828,"cenefa":"295A09","consec_par":"295","modulo_par":"A","zona_par":9,"nombre_par":"Br. Andalucía II","via_par":"CL 60 Sur","direcc_par":"CL 60 Sur - KR 77G","locali_par":7,"consola_pa":"CL 60 Sur - KR 77G (295A09)","panel_par":"CL 60 Sur - KR 77G","audio_par":"Calle 60 Sur Carrera 77 G","longitud":-74.178563440000005,"latitud":4.5982233600000004,"coor_x":98878.651150000005,"coor_y":100022.44927}},{"type":"Feature","id":661,"geometry":{"type":"Point","coordinates":[-74.184833899564751,4.5982481797586043]},"properties":{"OBJECTID":661,"OBJECTID_1":2177,"object_id":23829,"cenefa":"163A09","consec_par":"163","modulo_par":"A","zona_par":9,"nombre_par":"Br. San Pablo II Sector","via_par":"KR 77J","direcc_par":"KR 77J - CL 65G Sur","locali_par":7,"consola_pa":"KR 77J - CL 65G Sur (163A09)","panel_par":"KR 77J - CL 65G Sur","audio_par":"Carrera 77 J Calle 65 G Sur","longitud":-74.184833900000001,"latitud":4.5982481799999997,"coor_x":98809.071800000005,"coor_y":100022.73388}},{"type":"Feature","id":662,"geometry":{"type":"Point","coordinates":[-74.180683999566895,4.5983150002859725]},"properties":{"OBJECTID":662,"OBJECTID_1":2179,"object_id":23831,"cenefa":"045B09","consec_par":"045","modulo_par":"B","zona_par":9,"nombre_par":"Centro Comunitario Bosa","via_par":"CL 65 Sur","direcc_par":"CL 65 Sur - KR 77H","locali_par":7,"consola_pa":"CL 65 Sur - KR 77H (045B09)","panel_par":"CL 65 Sur - KR 77H","audio_par":"(en blanco)","longitud":-74.180683999999999,"latitud":4.5983150000000004,"coor_x":98855.120760000005,"coor_y":100023.466}},{"type":"Feature","id":663,"geometry":{"type":"Point","coordinates":[-74.184878649829784,4.5983843802838811]},"properties":{"OBJECTID":663,"OBJECTID_1":2183,"object_id":23835,"cenefa":"164A09","consec_par":"164","modulo_par":"A","zona_par":9,"nombre_par":"Br. San Pablo II Sector","via_par":"KR 77J","direcc_par":"KR 77J - CL 65G Sur","locali_par":7,"consola_pa":"KR 77J - CL 65G Sur (164A09)","panel_par":"KR 77J - CL 65G Sur","audio_par":"Carrera 77 J Calle 65 G Sur","longitud":-74.184878650000002,"latitud":4.5983843799999997,"coor_x":98808.575469999996,"coor_y":100024.24007}},{"type":"Feature","id":664,"geometry":{"type":"Point","coordinates":[-74.154237469783368,4.5985846107401143]},"properties":{"OBJECTID":664,"OBJECTID_1":2186,"object_id":23838,"cenefa":"351A09","consec_par":"351","modulo_par":"A","zona_par":9,"nombre_par":"Br. Guadalupe","via_par":"KR 63","direcc_par":"KR 63 - Auto Sur","locali_par":19,"consola_pa":"KR 63 - Auto Sur (351A09)","panel_par":"KR 63 - Auto Sur","audio_par":"Carrera 63 Autopista Sur","longitud":-74.154237469999998,"latitud":4.5985846109999997,"coor_x":99148.581569999995,"coor_y":100026.41047}},{"type":"Feature","id":665,"geometry":{"type":"Point","coordinates":[-74.177437730267002,4.5989668666764585]},"properties":{"OBJECTID":665,"OBJECTID_1":2200,"object_id":23852,"cenefa":"109A09","consec_par":"109","modulo_par":"A","zona_par":9,"nombre_par":"Cementerio Jardines del Apogeo","via_par":"Av Bosa(CL 59 S)","direcc_par":"CL 59 Sur - KR 97 K","locali_par":7,"consola_pa":"CL 59 Sur - KR 97 K (109A09)","panel_par":"CL 59 Sur - KR 97 K","audio_par":"Calle 59 Sur Carrera 97 K","longitud":-74.177437729999994,"latitud":4.5989668669999997,"coor_x":98891.143599999996,"coor_y":100030.66933}},{"type":"Feature","id":666,"geometry":{"type":"Point","coordinates":[-74.17765860016425,4.5995408472811503]},"properties":{"OBJECTID":666,"OBJECTID_1":2217,"object_id":23869,"cenefa":"109B09","consec_par":"109","modulo_par":"B","zona_par":9,"nombre_par":"Cementerio Jardines del Apogeo","via_par":"CL 59 Sur","direcc_par":"CL 59 Sur - KR 77K","locali_par":7,"consola_pa":"CL 59 Sur - KR 77K (109B09)","panel_par":"CL 59 Sur - KR 77K","audio_par":"Calle 59 Sur Carrera 77 K","longitud":-74.177658600000001,"latitud":4.5995408470000001,"coor_x":98888.693629999994,"coor_y":100037.01684}},{"type":"Feature","id":667,"geometry":{"type":"Point","coordinates":[-74.178054999738436,4.5996229994507773]},"properties":{"OBJECTID":667,"OBJECTID_1":2224,"object_id":23876,"cenefa":"013A09","consec_par":"013","modulo_par":"A","zona_par":9,"nombre_par":"Barrio La Estancia","via_par":"Cl 59 S","direcc_par":"CL 59 Sur - KR 77K","locali_par":7,"consola_pa":"CL 59 Sur - KR 77K (013A09)","panel_par":"CL 59 Sur - KR 77K","audio_par":"Calle 59 Sur Carrera 77 K","longitud":-74.178055000000001,"latitud":4.5996230000000002,"coor_x":98884.295169999998,"coor_y":100037.92591999999}},{"type":"Feature","id":668,"geometry":{"type":"Point","coordinates":[-74.159086789623586,4.5996900259228752]},"properties":{"OBJECTID":668,"OBJECTID_1":2227,"object_id":23879,"cenefa":"557A09","consec_par":"557","modulo_par":"A","zona_par":9,"nombre_par":"Br. Villa del Río II Sector","via_par":"CL 57B Sur","direcc_par":"CL 57B Sur - KR 68B","locali_par":7,"consola_pa":"CL 57B Sur - KR 68B (557A09)","panel_par":"CL 57B Sur - KR 68B","audio_par":"Calle 57 Be Sur Carrera 68 Be","longitud":-74.159086790000003,"latitud":4.5996900260000002,"coor_x":99094.773159999997,"coor_y":100038.64027}},{"type":"Feature","id":669,"geometry":{"type":"Point","coordinates":[-74.156538039898578,4.5997508704551668]},"properties":{"OBJECTID":669,"OBJECTID_1":2230,"object_id":23882,"cenefa":"349A09","consec_par":"349","modulo_par":"A","zona_par":9,"nombre_par":"Br. Villa del Río II Sector","via_par":"CL 57B Sur","direcc_par":"CL 57B Sur - KR 64B","locali_par":7,"consola_pa":"CL 57B Sur - KR 64B (349A09)","panel_par":"CL 57B Sur - KR 64B","audio_par":"Calle 57 Be Sur Carrera 64 Be","longitud":-74.156538040000001,"latitud":4.5997508710000004,"coor_x":99123.055040000007,"coor_y":100039.30993}},{"type":"Feature","id":670,"geometry":{"type":"Point","coordinates":[-74.157007200022235,4.5999577109284715]},"properties":{"OBJECTID":670,"OBJECTID_1":2239,"object_id":23891,"cenefa":"350A09","consec_par":"350","modulo_par":"A","zona_par":9,"nombre_par":"Br. Villa del Río","via_par":"CL 57B Sur","direcc_par":"CL 57B Sur - KR 64B","locali_par":7,"consola_pa":"CL 57B Sur - KR 64B (350A09)","panel_par":"CL 57B Sur - KR 64B","audio_par":"Calle 57 Be Sur Carrera 64 Be","longitud":-74.157007199999995,"latitud":4.5999577110000001,"coor_x":99117.849340000001,"coor_y":100041.59776999999}},{"type":"Feature","id":671,"geometry":{"type":"Point","coordinates":[-74.15409420958008,4.6002132550865156]},"properties":{"OBJECTID":671,"OBJECTID_1":2251,"object_id":23903,"cenefa":"354A09","consec_par":"354","modulo_par":"A","zona_par":9,"nombre_par":"Br. Villa del Río","via_par":"CL 57B Sur","direcc_par":"CL 57B Sur - KR 62","locali_par":7,"consola_pa":"CL 57B Sur - KR 62 (354A09)","panel_par":"CL 57B Sur - KR 62","audio_par":"Calle 57 Be Sur Carrera 62","longitud":-74.154094209999997,"latitud":4.6002132549999999,"coor_x":99150.173169999995,"coor_y":100044.42009}},{"type":"Feature","id":672,"geometry":{"type":"Point","coordinates":[-74.154359130069736,4.6002740591493732]},"properties":{"OBJECTID":672,"OBJECTID_1":2252,"object_id":23904,"cenefa":"355A09","consec_par":"355","modulo_par":"A","zona_par":9,"nombre_par":"Br. Villa del Río","via_par":"CL 57B Sur","direcc_par":"CL 57B Sur - KR 62","locali_par":7,"consola_pa":"CL 57B Sur - KR 62 (355A09)","panel_par":"CL 57B Sur - KR 62","audio_par":"Calle 57 Be Sur Carrera 62","longitud":-74.154359130000003,"latitud":4.6002740590000002,"coor_x":99147.233600000007,"coor_y":100045.09278000001}}]}