{"type":"FeatureCollection","features":[{"type":"Feature","id":1,"geometry":{"type":"LineString","coordinates":[[-74.162304178999989,4.5986563520000345],[-74.162305999999944,4.5986090000000672],[-74.162307999999939,4.5984430000000316],[-74.162302999999952,4.5982520000000591],[-74.162294999999972,4.5981100000000765],[-74.162293999999974,4.5980860000000234],[-74.16227699999996,4.5979110000000674],[-74.162272999999971,4.597876000000042],[-74.162236999999948,4.5975520000000643],[-74.162196999999935,4.5972230000000422],[-74.162185999999963,4.597088000000042],[-74.162177999999983,4.5970110000000659],[-74.162170999999944,4.5969310000000405],[-74.162176999999986,4.596851000000072],[-74.162187999999958,4.5967390000000705],[-74.162188999999955,4.5967260000000465],[-74.162193999999943,4.5967000000000553],[-74.162196999999935,4.5966880000000288],[-74.162204999999972,4.596663000000035],[-74.162225999999976,4.5966050000000678],[-74.162278999999955,4.5964670000000751],[-74.162304999999947,4.5963780000000725],[-74.162477999999965,4.5961940000000254],[-74.162537999999984,4.5960390000000757],[-74.162542999999971,4.5959720000000743],[-74.162552999999946,4.5958310000000324],[-74.162554999999941,4.5958060000000387],[-74.162542999999971,4.5957200000000284],[-74.162538999999981,4.5956840000000625],[-74.162513999999987,4.5956110000000763],[-74.162486999999942,4.5955310000000509],[-74.162447999999983,4.5954960000000256],[-74.162422999999933,4.5954250000000343],[-74.162360999999976,4.595356000000038],[-74.162324999999953,4.5953250000000594],[-74.162179999999978,4.5951680000000579],[-74.162113999999974,4.5950960000000691],[-74.162075999999956,4.5950420000000349],[-74.162038999999936,4.5949840000000677],[-74.162032999999951,4.5949730000000386],[-74.161979999999971,4.5948630000000321],[-74.161974999999984,4.5948530000000574],[-74.161970999999937,4.5948320000000535],[-74.161942999999951,4.5947400000000584],[-74.161936999999966,4.5947100000000205],[-74.161927999999989,4.5946590000000356],[-74.161922999999945,4.594615000000033],[-74.161925999999937,4.5945440000000417],[-74.161726999999985,4.5930300000000557],[-74.161629999999946,4.5921540000000505],[-74.16158699999994,4.5917180000000712],[-74.16154199999994,4.5912920000000668],[-74.16149699999994,4.5908510000000433],[-74.161490999999955,4.5908090000000357],[-74.161487999999963,4.5907770000000596],[-74.161476999999934,4.5907090000000608],[-74.161485999999968,4.5906960000000367],[-74.161490999999955,4.5906870000000595],[-74.161493999999948,4.5906770000000279],[-74.161494999999945,4.5906680000000506],[-74.161472999999944,4.5904570000000717],[-74.161472999999944,4.5904350000000704],[-74.161467999999957,4.5904140000000666],[-74.161441999999965,4.590139000000022],[-74.16143999999997,4.5901300000000447],[-74.161435999999981,4.5901220000000649],[-74.161431999999934,4.5901140000000282],[-74.161424999999952,4.5901060000000484],[-74.161417999999969,4.5900980000000686],[-74.161404999999945,4.590088000000037],[-74.161387999999988,4.5899260000000481],[-74.161377999999957,4.5897930000000429],[-74.161339999999939,4.5895060000000285],[-74.161336999999946,4.5894130000000359],[-74.161306999999965,4.5889870000000315],[-74.161260999999968,4.5885440000000699],[-74.161194999999964,4.5880630000000338],[-74.161106999999959,4.5877350000000661],[-74.160897999999975,4.5872400000000653],[-74.159749999999974,4.5848760000000652],[-74.158908999999937,4.5831140000000232],[-74.158692999999971,4.5826620000000275],[-74.158086999999966,4.5815410000000725],[-74.157829999999933,4.5811220000000503],[-74.157821999999953,4.5809580000000665],[-74.157817999999963,4.5808710000000588],[-74.157816999999966,4.5808520000000499],[-74.157814999999971,4.5808090000000448],[-74.157815999999968,4.58079900000007],[-74.157817999999963,4.5807820000000561],[-74.157823999999948,4.5807530000000725],[-74.157836999999972,4.5807120000000623],[-74.15784199999996,4.5807000000000357],[-74.157855999999981,4.5806690000000572],[-74.157866999999953,4.5806500000000483],[-74.15788299999997,4.5806240000000571],[-74.157892999999945,4.5806100000000356],[-74.157908999999961,4.5805900000000292],[-74.157922999999982,4.5805740000000696],[-74.157944999999984,4.5805530000000658],[-74.157964999999933,4.5805370000000494],[-74.157987999999989,4.5805200000000355],[-74.158036999999979,4.5804790000000253],[-74.158089999999959,4.5804350000000227],[-74.158228999999949,4.5804110000000264],[-74.158566999999948,4.5803560000000516],[-74.158763999999962,4.5803190000000313],[-74.159211999999968,4.5802410000000577],[-74.159585999999933,4.5801780000000463],[-74.15964299999996,4.5801650000000222],[-74.159712999999954,4.5801510000000576],[-74.159774999999968,4.5801440000000753],[-74.159860999999978,4.5801280000000588],[-74.15996599999994,4.5801180000000272],[-74.160039999999981,4.5801090000000499],[-74.160125999999934,4.5801010000000701],[-74.160219999999981,4.5801100000000474],[-74.16034499999995,4.5801400000000285],[-74.160425999999973,4.580167000000074],[-74.160486999999989,4.5801940000000627],[-74.160580999999979,4.5802450000000476],[-74.160690999999986,4.5803330000000528],[-74.160819999999944,4.5804990000000316],[-74.161205999999936,4.581164000000058],[-74.161291999999946,4.5812800000000493],[-74.161414999999977,4.5814090000000647],[-74.16154899999998,4.5815180000000737],[-74.161700999999937,4.5816120000000637],[-74.162268999999981,4.5818720000000326],[-74.162558999999987,4.5820090000000278],[-74.162719999999979,4.5821460000000229],[-74.162840999999958,4.5822930000000497],[-74.162926999999968,4.5824570000000335],[-74.162977999999953,4.5826220000000717],[-74.162996999999962,4.5828530000000569],[-74.162944999999979,4.5836000000000467],[-74.162948999999969,4.5836910000000444],[-74.162972999999965,4.5837880000000268],[-74.163043999999957,4.5838980000000333],[-74.163142999999934,4.5839710000000764],[-74.163244999999961,4.5840060000000449],[-74.163366999999937,4.5840260000000512],[-74.163508999999976,4.5840130000000272],[-74.163658999999939,4.5839610000000448],[-74.163888999999983,4.5838620000000674],[-74.164107999999942,4.5837720000000672],[-74.16436699999997,4.5836540000000241],[-74.164506999999958,4.5835710000000631],[-74.164625999999942,4.5834700000000339],[-74.164728999999966,4.5833740000000489],[-74.164809999999989,4.583274000000074],[-74.164908999999966,4.5831140000000232],[-74.165115999999955,4.582644000000073],[-74.165400999999974,4.5819080000000554],[-74.165529999999933,4.5814480000000231],[-74.165922999999964,4.5794240000000741],[-74.165971999999954,4.5792050000000586],[-74.166038999999955,4.579003000000057],[-74.166091999999935,4.5789150000000518],[-74.16623199999998,4.5787420000000338],[-74.16642399999995,4.5790080000000444],[-74.16650999999996,4.5791310000000749],[-74.166817999999978,4.579148000000032],[-74.167041999999981,4.5792580000000385],[-74.167125999999939,4.5792880000000764]]},"properties":{"OBJECTID":1,"OBJECTID_1":220,"RSPNRUTA":"ZP-C106-2","RSPCDEFINI":"ZP-C106","RSPDISTANC":25.47348976,"RSPDENOMIN":"SIERRA MORENA - NOGALES","RSPTRUTA":"PROVISIONAL","RSPORIGEN":"SUBA CENTRO","RSPDESTINO":"PERDOMO","RSPIRUTA":308,"SHAPELEN":25862.031439337698,"Shape_Length":0.034758845080631352}},{"type":"Feature","id":2,"geometry":{"type":"LineString","coordinates":[[-74.138860060999946,4.5734680900000626],[-74.139403999999956,4.5732600000000616],[-74.139490999999964,4.5732270000000312],[-74.139605999999958,4.5731600000000299],[-74.139729999999986,4.5731280000000538],[-74.139600999999971,4.5726080000000593],[-74.139463999999975,4.5720460000000571],[-74.139414999999985,4.5719640000000368],[-74.139354999999966,4.5716980000000262],[-74.139083999999968,4.570523000000037],[-74.138904999999966,4.5697100000000432],[-74.138887999999952,4.5696350000000621],[-74.138867999999945,4.5695530000000417],[-74.138808999999981,4.5693490000000452],[-74.138725999999963,4.5690730000000599],[-74.138557999999989,4.568377000000055],[-74.138521999999966,4.5681950000000597],[-74.138491999999985,4.5680720000000292],[-74.138475999999969,4.5679960000000506],[-74.138440999999943,4.5677870000000667],[-74.138428999999974,4.5677250000000527],[-74.138424999999984,4.5676990000000615],[-74.138405999999975,4.5675030000000447],[-74.138400999999988,4.5674460000000749],[-74.138383999999974,4.5672770000000469],[-74.138392999999951,4.5671310000000744],[-74.138396999999941,4.5670720000000529],[-74.13840799999997,4.566880000000026],[-74.138406999999972,4.566784000000041],[-74.138405999999975,4.5667760000000612],[-74.138406999999972,4.5667300000000637],[-74.13841599999995,4.5665180000000305],[-74.138427999999976,4.5663170000000264],[-74.138430999999969,4.5662810000000604],[-74.138440999999943,4.5661790000000337],[-74.138443999999936,4.5661310000000412],[-74.138476999999966,4.5658630000000358],[-74.138514999999984,4.5655560000000719],[-74.138588999999968,4.5650530000000344],[-74.138792999999964,4.5640870000000291],[-74.138846999999942,4.5637480000000323],[-74.138871999999935,4.5636120000000346],[-74.138886999999954,4.5634840000000736],[-74.138923999999975,4.5632740000000354],[-74.138939999999934,4.5631870000000276],[-74.138968999999975,4.5630050000000324],[-74.138976999999954,4.5629560000000424],[-74.139023999999949,4.5626870000000395],[-74.139036999999973,4.5625830000000747],[-74.139058999999975,4.5624090000000592],[-74.139089999999953,4.5621350000000689],[-74.139120999999989,4.5618770000000382],[-74.139143999999987,4.5617320000000632],[-74.139163999999937,4.5616230000000542],[-74.13919999999996,4.5613390000000322],[-74.139246999999955,4.5610250000000292],[-74.139265999999964,4.5608910000000265],[-74.139310999999964,4.5605710000000386],[-74.139335999999957,4.5603190000000495],[-74.139335999999957,4.5601370000000543],[-74.139329999999973,4.5599540000000616],[-74.139318999999944,4.5597750000000588],[-74.139298999999937,4.5596190000000547],[-74.139238999999975,4.5592690000000289],[-74.139172999999971,4.5590200000000323],[-74.139151999999967,4.5589570000000208],[-74.139117999999939,4.5588550000000509],[-74.139043999999956,4.5586430000000746],[-74.139002999999946,4.5585330000000681],[-74.13895999999994,4.5584090000000401],[-74.13892199999998,4.5583020000000261],[-74.138892999999939,4.5582410000000664],[-74.138829999999984,4.5580740000000333],[-74.138763999999981,4.5578910000000405],[-74.138746999999967,4.5578530000000228],[-74.138515999999981,4.5571690000000444],[-74.138450999999975,4.5569690000000378],[-74.138364999999965,4.556709000000069],[-74.138292999999976,4.5564940000000433],[-74.138166999999953,4.5560870000000477],[-74.138149999999939,4.5560320000000729],[-74.138045999999974,4.5556940000000736],[-74.137927999999988,4.5553240000000415],[-74.137936999999965,4.5552790000000414],[-74.13794299999995,4.5552480000000628],[-74.13794699999994,4.5552220000000716],[-74.137958999999967,4.5551890000000412],[-74.137970999999936,4.5551660000000425],[-74.137986999999953,4.5551400000000513],[-74.137999999999977,4.5551090000000727],[-74.138008999999954,4.5550860000000739],[-74.138015999999936,4.555054000000041],[-74.138253999999961,4.5547070000000645],[-74.138377999999989,4.5545500000000629],[-74.138683999999955,4.5544510000000287],[-74.139106999999967,4.5543140000000335],[-74.139457999999934,4.5542020000000321],[-74.139493999999956,4.5541870000000699],[-74.139548999999988,4.554172000000051],[-74.139786999999956,4.5540700000000243],[-74.139882999999941,4.5540300000000684],[-74.139927999999941,4.5540050000000747],[-74.139940999999965,4.5539870000000633],[-74.140132999999935,4.5538680000000227],[-74.140313999999989,4.5537440000000515],[-74.140331999999944,4.5537080000000287],[-74.14029899999997,4.5534200000000737],[-74.140303999999958,4.5533700000000294],[-74.140290999999934,4.5531330000000594],[-74.140299999999968,4.552944000000025],[-74.140307999999948,4.552579000000037],[-74.140329999999949,4.5521500000000401],[-74.140329999999949,4.5518120000000408],[-74.140322999999967,4.5517140000000609],[-74.140319999999974,4.5514030000000503],[-74.140320999999972,4.5512820000000715],[-74.140319999999974,4.5509740000000534],[-74.140317999999979,4.5508500000000254],[-74.140319999999974,4.5505530000000363],[-74.140321999999969,4.5503630000000612],[-74.140530999999953,4.5502880000000232],[-74.141163999999947,4.5500540000000456],[-74.141206999999952,4.5500340000000392],[-74.141718999999966,4.5498580000000288],[-74.141805999999974,4.5498410000000717],[-74.141838999999948,4.5497790000000577],[-74.141781999999978,4.5494530000000282],[-74.141766999999959,4.5494060000000331],[-74.14175199999994,4.5493570000000432],[-74.14169499999997,4.5489490000000501],[-74.141627999999969,4.5485270000000355],[-74.141621999999984,4.5484820000000354],[-74.141556999999978,4.5480650000000651],[-74.141547999999943,4.5480170000000726],[-74.14201799999995,4.5479160000000434],[-74.142065999999943,4.5479060000000686],[-74.141994999999952,4.5474470000000338],[-74.141926999999953,4.5469780000000242],[-74.141879999999958,4.5466680000000679],[-74.141865999999936,4.5465680000000361],[-74.141838999999948,4.5464490000000524],[-74.141847999999982,4.546318000000042],[-74.141887999999938,4.546066000000053],[-74.141941999999972,4.5457350000000361],[-74.141929999999945,4.5456040000000257],[-74.141916999999978,4.545263000000034],[-74.14231499999994,4.5448080000000459],[-74.142348999999967,4.5447620000000484],[-74.142432999999983,4.544710000000066],[-74.142474999999934,4.5447010000000319],[-74.142542999999989,4.5446960000000445],[-74.142587999999989,4.5446920000000546],[-74.143100999999945,4.5446250000000532],[-74.143152999999984,4.5446190000000684],[-74.143480999999952,4.5445760000000632],[-74.143560999999977,4.5445670000000291],[-74.143480999999952,4.544234000000074],[-74.14346299999994,4.5441500000000588],[-74.143543999999963,4.5440960000000246],[-74.143612999999959,4.5440720000000283],[-74.143639999999948,4.544063000000051],[-74.143682999999953,4.5440570000000662],[-74.143724999999961,4.5440540000000738],[-74.143774999999948,4.5440470000000346],[-74.144015999999965,4.544052000000022],[-74.144073999999989,4.5440420000000472],[-74.144082999999966,4.5439890000000673],[-74.144088999999951,4.5435870000000591],[-74.144093999999939,4.5432790000000409],[-74.144112999999948,4.5429040000000214],[-74.144137999999941,4.5428170000000705],[-74.144204999999943,4.5426860000000602],[-74.144253999999989,4.5423190000000204],[-74.144543999999939,4.542314000000033],[-74.144590999999934,4.5423030000000608],[-74.145284999999944,4.5421950000000493],[-74.145629999999983,4.5421450000000618],[-74.145718999999985,4.5421220000000631],[-74.14578199999994,4.5421060000000466],[-74.146075999999937,4.5420910000000276],[-74.146462999999983,4.542047000000025],[-74.146505999999988,4.5420460000000276],[-74.146509999999978,4.5416610000000333],[-74.146542999999951,4.5415850000000546],[-74.146573999999987,4.5413540000000694],[-74.146575999999982,4.5412600000000225],[-74.146507999999983,4.5411400000000413],[-74.146483999999987,4.541067000000055],[-74.146477999999945,4.5410340000000247],[-74.146518999999955,4.5406130000000644],[-74.146631999999954,4.5402570000000537],[-74.146445999999969,4.5401220000000535],[-74.14624699999996,4.5399380000000633],[-74.146183999999948,4.5398440000000733],[-74.146140999999943,4.5396870000000717],[-74.145994999999971,4.5391390000000342],[-74.146326999999985,4.5392440000000533],[-74.146461999999985,4.5392880000000559],[-74.146539999999959,4.5393170000000396],[-74.146627999999964,4.5393490000000725],[-74.146934999999985,4.5394490000000474],[-74.147273999999982,4.5395830000000501],[-74.147321999999974,4.5395980000000691],[-74.147597999999959,4.5397550000000706],[-74.147849999999949,4.5399000000000456],[-74.14787199999995,4.539918000000057],[-74.147911999999963,4.5399710000000368],[-74.147940999999946,4.5400200000000268],[-74.148028999999951,4.540155000000027],[-74.14897499999995,4.5389580000000365],[-74.149012999999968,4.538908000000049],[-74.148931999999945,4.5387710000000538],[-74.148878999999965,4.5387200000000689],[-74.148722999999961,4.5384990000000585],[-74.148539999999969,4.5382240000000706],[-74.148513999999977,4.5381990000000201],[-74.148478999999952,4.5381420000000503],[-74.148359999999968,4.5379330000000664],[-74.148279999999943,4.5377880000000346],[-74.148259999999937,4.5377270000000749],[-74.148221999999976,4.5376200000000608],[-74.14819099999994,4.537537000000043],[-74.148104999999987,4.5373110000000452],[-74.148052999999948,4.5371650000000727],[-74.147923999999989,4.5369420000000673],[-74.147837999999979,4.5368700000000217],[-74.147283999999956,4.5362460000000624],[-74.147193999999956,4.536215000000027],[-74.147196999999949,4.5359540000000607],[-74.147186999999974,4.5357910000000743],[-74.147181999999987,4.5355500000000575],[-74.147164999999973,4.5353460000000609],[-74.147153999999944,4.5349920000000452],[-74.147135999999989,4.5345400000000495],[-74.147152999999946,4.5342570000000251],[-74.147190999999964,4.5339750000000549],[-74.147202999999934,4.5337240000000634],[-74.147198999999944,4.5336560000000645],[-74.146733999999981,4.5331780000000208],[-74.146672999999964,4.5330720000000611],[-74.146631999999954,4.532952000000023],[-74.146611999999948,4.5328500000000531],[-74.146591999999941,4.532743000000039],[-74.146551999999986,4.5325150000000463],[-74.146574999999984,4.5320570000000657]]},"properties":{"OBJECTID":2,"OBJECTID_1":49,"RSPNRUTA":"ZP-728-2","RSPCDEFINI":"ZP-728","RSPDISTANC":36.575630189999998,"RSPDENOMIN":"PARAISO ARABIA - MARANTA","RSPTRUTA":"PROVISIONAL","RSPORIGEN":"CIUDAD BOLIVAR","RSPDESTINO":"USAQUEN","RSPIRUTA":89,"SHAPELEN":36874.139028960599,"Shape_Length":0.054004537504243354}},{"type":"Feature","id":3,"geometry":{"type":"MultiLineString","coordinates":[[[-74.124812673999941,4.523329100000069],[-74.125017999999955,4.5235560000000419],[-74.125192999999967,4.5237510000000611],[-74.125336999999945,4.5239170000000399],[-74.125478999999984,4.5240850000000705],[-74.125571999999977,4.5242040000000543],[-74.125606999999945,4.5242540000000417],[-74.125634999999988,4.5242990000000418],[-74.125651999999945,4.5243210000000431],[-74.125910999999974,4.5248050000000717],[-74.126078999999947,4.5252200000000471],[-74.126178999999979,4.5255920000000742],[-74.126189999999951,4.5256610000000705],[-74.126255999999955,4.5260680000000661],[-74.126295999999968,4.5263130000000729],[-74.126350999999943,4.526719000000071],[-74.126423999999986,4.5272680000000491],[-74.126594999999952,4.528585000000021],[-74.12676799999997,4.5298900000000231],[-74.126892999999939,4.5308350000000246],[-74.127219999999966,4.5332130000000461],[-74.127286999999967,4.5338250000000357],[-74.127367999999933,4.5342290000000389],[-74.12746999999996,4.5345770000000698],[-74.127640999999983,4.5350320000000579],[-74.127818999999988,4.5353840000000218],[-74.128080999999952,4.5357930000000692],[-74.128318999999976,4.5360970000000407],[-74.12838499999998,4.5361760000000686],[-74.128640999999959,4.5364490000000615],[-74.128866999999957,4.5366520000000605],[-74.12904199999997,4.5367970000000355],[-74.129171999999983,4.5369030000000521],[-74.129756999999984,4.5373620000000301],[-74.129953999999941,4.5375130000000468],[-74.130276999999978,4.5377590000000509],[-74.13048699999996,4.537930000000074],[-74.131493999999975,4.5387120000000323],[-74.132220999999959,4.5392960000000357],[-74.132380999999953,4.5394030000000498],[-74.132629999999949,4.5396050000000514],[-74.132663999999977,4.5396330000000376],[-74.13275699999997,4.5397130000000629],[-74.13280199999997,4.5397540000000731],[-74.132877999999948,4.5398270000000593],[-74.132987999999955,4.5399390000000608],[-74.133080999999947,4.5400420000000281],[-74.133129999999937,4.5400980000000573],[-74.133197999999936,4.5401800000000208],[-74.13324799999998,4.5402450000000272],[-74.13324799999998,4.5402460000000247],[-74.133293999999978,4.5403080000000386],[-74.133355999999935,4.5403930000000514],[-74.133388999999966,4.5404410000000439],[-74.133413999999959,4.5404770000000667],[-74.133710999999948,4.5409990000000562],[-74.134298999999942,4.5421270000000504],[-74.134629999999959,4.5427550000000565],[-74.134757999999977,4.5429960000000733],[-74.134841999999935,4.5431570000000647],[-74.134885999999938,4.543228000000056],[-74.135018999999943,4.5434430000000248],[-74.135236999999961,4.543796000000043],[-74.13529699999998,4.5439340000000357],[-74.135467999999946,4.5443260000000691],[-74.135534999999948,4.5444730000000391],[-74.135653999999988,4.5447480000000269],[-74.135813999999982,4.5450560000000451],[-74.135964999999942,4.5453500000000417],[-74.136130999999978,4.5456650000000423],[-74.136347999999941,4.5460900000000493],[-74.136659999999949,4.546711000000073],[-74.136763999999971,4.5470070000000646],[-74.136848999999984,4.5474080000000754],[-74.136869999999988,4.5476510000000303],[-74.136854999999969,4.5479830000000447],[-74.136814999999956,4.5482530000000452],[-74.136650999999972,4.5489560000000324],[-74.136360999999965,4.550151000000028],[-74.136266999999975,4.5506680000000301],[-74.136248999999964,4.5509920000000648],[-74.136261999999988,4.5513370000000464],[-74.136318999999958,4.5517180000000508],[-74.136410999999953,4.5520690000000741],[-74.136525999999947,4.5523980000000392],[-74.136542999999961,4.5524440000000368],[-74.136623999999983,4.552675000000022],[-74.136664999999937,4.5527870000000235],[-74.136679999999956,4.5528320000000235],[-74.136874999999975,4.5533720000000244],[-74.136957999999936,4.5536240000000703],[-74.137088999999946,4.5539780000000292],[-74.137243999999953,4.5544410000000539],[-74.137523999999985,4.5552350000000388],[-74.13770599999998,4.5557750000000397],[-74.137810999999942,4.5560850000000528],[-74.137841999999978,4.5561760000000504],[-74.137980999999968,4.5565800000000536],[-74.138053999999954,4.5567970000000741],[-74.138145999999949,4.5570620000000304],[-74.138216999999941,4.5572600000000421],[-74.138455999999962,4.5579490000000646],[-74.138856999999973,4.5590970000000652],[-74.138939999999934,4.5594190000000481],[-74.138980999999944,4.5596710000000371],[-74.138994999999966,4.5597960000000626],[-74.138998999999956,4.559955000000059],[-74.139000999999951,4.560115000000053],[-74.138999999999953,4.5602870000000735],[-74.138973999999962,4.5604970000000549],[-74.138923999999975,4.5608470000000239],[-74.138900999999976,4.5609790000000316],[-74.138898999999981,4.5609910000000582],[-74.138856999999973,4.561281000000065],[-74.138815999999963,4.5615430000000288],[-74.13877599999995,4.5618160000000216],[-74.138739999999984,4.5620870000000764],[-74.138697999999977,4.5623490000000402],[-74.138686999999948,4.562430000000063],[-74.138672999999983,4.5625480000000493],[-74.138663999999949,4.5626290000000722],[-74.138629999999978,4.5628350000000637],[-74.138611999999966,4.5629460000000677],[-74.138566999999966,4.5632270000000403],[-74.138523999999961,4.563474000000042],[-74.138475999999969,4.5637980000000766],[-74.13844899999998,4.5639890000000491],[-74.138441999999941,4.5640330000000517],[-74.138205999999968,4.5656070000000568],[-74.138156999999978,4.565998000000036],[-74.138104999999939,4.5663190000000213],[-74.138090999999974,4.5664110000000733],[-74.138078999999948,4.5664960000000292],[-74.138068999999973,4.566579000000047],[-74.138055999999949,4.5666660000000547],[-74.138042999999982,4.5667650000000322],[-74.138025999999968,4.5668730000000437],[-74.138024999999971,4.566895000000045],[-74.138024999999971,4.5670770000000402],[-74.138024999999971,4.5671370000000593],[-74.138025999999968,4.5673240000000419],[-74.138033999999948,4.5674530000000573],[-74.13803699999994,4.5675040000000422],[-74.138045999999974,4.5676460000000247],[-74.138049999999964,4.5677260000000501],[-74.138064999999983,4.567841000000044],[-74.138093999999967,4.5680080000000203],[-74.138107999999988,4.5680830000000583],[-74.138127999999938,4.5681860000000256],[-74.138146999999947,4.5682730000000333],[-74.138185999999962,4.5684320000000298],[-74.138240999999937,4.5686360000000263],[-74.138259999999946,4.5686950000000479],[-74.138281999999947,4.5687600000000543],[-74.138299999999958,4.5688200000000734],[-74.138323999999955,4.5689020000000369],[-74.138379999999984,4.5691050000000359],[-74.138495999999975,4.5696150000000557],[-74.138508999999942,4.5696570000000634],[-74.138523999999961,4.5697700000000623],[-74.138735999999938,4.5706230000000687],[-74.139214999999979,4.5724200000000224],[-74.139247999999952,4.572573000000034],[-74.139262999999971,4.5727110000000266],[-74.139377999999965,4.57315600000004],[-74.13938799999994,4.573216000000059],[-74.139403999999956,4.5732600000000616],[-74.13951499999996,4.573784000000046],[-74.139540999999952,4.573882000000026],[-74.139820999999984,4.5750030000000379],[-74.139985999999965,4.5755470000000287],[-74.140170999999953,4.5759740000000306],[-74.140534999999943,4.576684000000057],[-74.140798999999959,4.5772030000000541],[-74.140836999999976,4.5772760000000403],[-74.140921999999989,4.5774320000000444],[-74.141272999999956,4.5781560000000354],[-74.141293999999959,4.5781930000000557],[-74.141309999999976,4.5782250000000317],[-74.141350999999986,4.5783150000000319],[-74.141414999999938,4.5784590000000662],[-74.141484999999989,4.5786280000000374],[-74.141572999999937,4.5788340000000289],[-74.141673999999966,4.579099000000042],[-74.141821999999934,4.5794690000000742],[-74.141861999999946,4.5795560000000251],[-74.14192399999996,4.5797470000000544],[-74.142024999999933,4.5800160000000574],[-74.142040717999976,4.5800561070000754]],[[-74.123321646999955,4.5216422740000439],[-74.12348899999995,4.5218320000000745],[-74.12367299999994,4.5220380000000659],[-74.123849999999948,4.5222370000000751],[-74.124022999999966,4.5224370000000249],[-74.124156999999968,4.5225940000000264],[-74.124484999999936,4.5229620000000637],[-74.124566288999972,4.5230534110000349]]]},"properties":{"OBJECTID":3,"OBJECTID_1":154,"RSPNRUTA":"ZP-P81-1","RSPCDEFINI":"ZP-P81","RSPDISTANC":29.564020159999998,"RSPDENOMIN":"EL TUNO - PUENTE GRANDE","RSPTRUTA":"PROVISIONAL","RSPORIGEN":"FONTIBON","RSPDESTINO":"USME","RSPIRUTA":224,"SHAPELEN":29800.050022482897,"Shape_Length":0.06382486963918374}},{"type":"Feature","id":4,"geometry":{"type":"LineString","coordinates":[[-74.146591999999941,4.532743000000039],[-74.146611999999948,4.5328500000000531],[-74.146631999999954,4.532952000000023],[-74.146672999999964,4.5330720000000611],[-74.146733999999981,4.5331780000000208],[-74.147198999999944,4.5336560000000645],[-74.147202999999934,4.5337240000000634],[-74.147190999999964,4.5339750000000549],[-74.147152999999946,4.5342570000000251],[-74.147135999999989,4.5345400000000495],[-74.147153999999944,4.5349920000000452],[-74.147164999999973,4.5353460000000609],[-74.147181999999987,4.5355500000000575],[-74.147186999999974,4.5357910000000743],[-74.147196999999949,4.5359540000000607],[-74.147193999999956,4.536215000000027],[-74.147283999999956,4.5362460000000624],[-74.147837999999979,4.5368700000000217],[-74.147923999999989,4.5369420000000673],[-74.148052999999948,4.5371650000000727],[-74.148104999999987,4.5373110000000452],[-74.14819099999994,4.537537000000043],[-74.148221999999976,4.5376200000000608],[-74.148259999999937,4.5377270000000749],[-74.148279999999943,4.5377880000000346],[-74.148359999999968,4.5379330000000664],[-74.148478999999952,4.5381420000000503],[-74.148513999999977,4.5381990000000201],[-74.148539999999969,4.5382240000000706],[-74.148722999999961,4.5384990000000585],[-74.148878999999965,4.5387200000000689],[-74.148931999999945,4.5387710000000538],[-74.149012999999968,4.538908000000049],[-74.14897499999995,4.5389580000000365],[-74.148028999999951,4.540155000000027],[-74.147940999999946,4.5400200000000268],[-74.147911999999963,4.5399710000000368],[-74.14787199999995,4.539918000000057],[-74.147849999999949,4.5399000000000456],[-74.147597999999959,4.5397550000000706],[-74.147321999999974,4.5395980000000691],[-74.147273999999982,4.5395830000000501],[-74.146934999999985,4.5394490000000474],[-74.146627999999964,4.5393490000000725],[-74.146539999999959,4.5393170000000396],[-74.146461999999985,4.5392880000000559],[-74.146326999999985,4.5392440000000533],[-74.145994999999971,4.5391390000000342],[-74.146140999999943,4.5396870000000717],[-74.146183999999948,4.5398440000000733],[-74.14624699999996,4.5399380000000633],[-74.146445999999969,4.5401220000000535],[-74.146631999999954,4.5402570000000537],[-74.146518999999955,4.5406130000000644],[-74.146477999999945,4.5410340000000247],[-74.146483999999987,4.541067000000055],[-74.146507999999983,4.5411400000000413],[-74.146575999999982,4.5412600000000225],[-74.146573999999987,4.5413540000000694],[-74.146542999999951,4.5415850000000546],[-74.146509999999978,4.5416610000000333],[-74.146505999999988,4.5420460000000276],[-74.146462999999983,4.542047000000025],[-74.146075999999937,4.5420910000000276],[-74.14578199999994,4.5421060000000466],[-74.145718999999985,4.5421220000000631],[-74.145629999999983,4.5421450000000618],[-74.145284999999944,4.5421950000000493],[-74.144590999999934,4.5423030000000608],[-74.144543999999939,4.542314000000033],[-74.144253999999989,4.5423190000000204],[-74.144204999999943,4.5426860000000602],[-74.144137999999941,4.5428170000000705],[-74.144112999999948,4.5429040000000214],[-74.144093999999939,4.5432790000000409],[-74.144088999999951,4.5435870000000591],[-74.144082999999966,4.5439890000000673],[-74.144073999999989,4.5440420000000472],[-74.144015999999965,4.544052000000022],[-74.143774999999948,4.5440470000000346],[-74.143724999999961,4.5440540000000738],[-74.143682999999953,4.5440570000000662],[-74.143639999999948,4.544063000000051],[-74.143612999999959,4.5440720000000283],[-74.143543999999963,4.5440960000000246],[-74.14346299999994,4.5441500000000588],[-74.143430999999964,4.5441200000000208],[-74.143396999999936,4.5439830000000256],[-74.143430999999964,4.5441200000000208],[-74.14346299999994,4.5441500000000588],[-74.143480999999952,4.544234000000074],[-74.143560999999977,4.5445670000000291],[-74.143480999999952,4.5445760000000632],[-74.143152999999984,4.5446190000000684],[-74.143100999999945,4.5446250000000532],[-74.142587999999989,4.5446920000000546],[-74.142542999999989,4.5446960000000445],[-74.142474999999934,4.5447010000000319],[-74.142432999999983,4.544710000000066],[-74.142348999999967,4.5447620000000484],[-74.14231499999994,4.5448080000000459],[-74.141916999999978,4.545263000000034],[-74.141929999999945,4.5456040000000257],[-74.141941999999972,4.5457350000000361],[-74.141887999999938,4.546066000000053],[-74.141847999999982,4.546318000000042],[-74.141838999999948,4.5464490000000524],[-74.141865999999936,4.5465680000000361],[-74.141879999999958,4.5466680000000679],[-74.141926999999953,4.5469780000000242],[-74.141994999999952,4.5474470000000338],[-74.142065999999943,4.5479060000000686],[-74.14201799999995,4.5479160000000434],[-74.141547999999943,4.5480170000000726],[-74.141556999999978,4.5480650000000651],[-74.141621999999984,4.5484820000000354],[-74.141627999999969,4.5485270000000355],[-74.14169499999997,4.5489490000000501],[-74.14175199999994,4.5493570000000432],[-74.141766999999959,4.5494060000000331],[-74.141781999999978,4.5494530000000282],[-74.141838999999948,4.5497790000000577],[-74.141805999999974,4.5498410000000717],[-74.141777999999988,4.5499020000000314],[-74.141848999999979,4.5502040000000648],[-74.141868999999986,4.5502760000000535],[-74.141980999999987,4.5507150000000252],[-74.142004999999983,4.550843000000043],[-74.142067999999938,4.5510810000000674],[-74.142115999999987,4.5513080000000627],[-74.142108999999948,4.5515030000000252],[-74.142104999999958,4.5515490000000227],[-74.142043999999942,4.5519410000000562],[-74.142035999999962,4.5520020000000727],[-74.142027999999982,4.5520740000000615],[-74.142016999999953,4.5521190000000615],[-74.142006999999978,4.5521530000000325],[-74.141998999999942,4.5521700000000465],[-74.141960999999981,4.552231000000063],[-74.141948999999954,4.5522490000000744],[-74.141918999999973,4.5522830000000454],[-74.141868999999986,4.5523310000000379],[-74.141826999999978,4.5523640000000682],[-74.141781999999978,4.5524290000000747],[-74.141760999999974,4.5524660000000381],[-74.141713999999979,4.5525550000000408],[-74.141675999999961,4.5526420000000485],[-74.141613999999947,4.5527820000000361],[-74.141568999999947,4.5528730000000337],[-74.141498999999953,4.553019000000063],[-74.141373999999985,4.5532750000000419],[-74.141390999999942,4.5533380000000534],[-74.141260999999986,4.5534240000000636],[-74.141003999999953,4.55368500000003],[-74.140899999999988,4.553747000000044],[-74.140768999999977,4.5537800000000743],[-74.140331999999944,4.5537080000000287],[-74.140313999999989,4.5537440000000515],[-74.140132999999935,4.5538680000000227],[-74.139940999999965,4.5539870000000633],[-74.139927999999941,4.5540050000000747],[-74.139882999999941,4.5540300000000684],[-74.139786999999956,4.5540700000000243],[-74.139548999999988,4.554172000000051],[-74.139493999999956,4.5541870000000699],[-74.139457999999934,4.5542020000000321],[-74.139106999999967,4.5543140000000335],[-74.138683999999955,4.5544510000000287],[-74.138377999999989,4.5545500000000629],[-74.138253999999961,4.5547070000000645],[-74.138015999999936,4.555054000000041],[-74.137994999999989,4.5550660000000676],[-74.137951999999984,4.5550820000000272],[-74.137925999999936,4.5550840000000221],[-74.137904999999989,4.5550860000000739],[-74.137875999999949,4.5550790000000347],[-74.137855999999942,4.5550610000000233],[-74.137833999999941,4.5550400000000764],[-74.137651999999946,4.5545170000000326],[-74.137429999999938,4.5538800000000492],[-74.137306999999964,4.5535160000000587],[-74.137266999999952,4.5535280000000284],[-74.137225999999941,4.5535280000000284],[-74.137185999999986,4.5535160000000587],[-74.137141999999983,4.5535170000000562],[-74.137100999999973,4.5535310000000209],[-74.13706899999994,4.5535560000000714],[-74.137045999999941,4.5535880000000475],[-74.137002999999936,4.5536100000000488],[-74.136957999999936,4.5536240000000703],[-74.137088999999946,4.5539780000000292],[-74.137243999999953,4.5544410000000539],[-74.137523999999985,4.5552350000000388],[-74.13770599999998,4.5557750000000397],[-74.137810999999942,4.5560850000000528],[-74.137841999999978,4.5561760000000504],[-74.137980999999968,4.5565800000000536],[-74.138053999999954,4.5567970000000741],[-74.138145999999949,4.5570620000000304],[-74.138216999999941,4.5572600000000421],[-74.138455999999962,4.5579490000000646],[-74.138856999999973,4.5590970000000652],[-74.138939999999934,4.5594190000000481],[-74.138980999999944,4.5596710000000371],[-74.138994999999966,4.5597960000000626],[-74.138998999999956,4.559955000000059],[-74.139000999999951,4.560115000000053],[-74.138999999999953,4.5602870000000735],[-74.138973999999962,4.5604970000000549],[-74.138923999999975,4.5608470000000239],[-74.138900999999976,4.5609790000000316],[-74.138898999999981,4.5609910000000582],[-74.138856999999973,4.561281000000065],[-74.138815999999963,4.5615430000000288],[-74.13877599999995,4.5618160000000216],[-74.138739999999984,4.5620870000000764],[-74.138697999999977,4.5623490000000402],[-74.138686999999948,4.562430000000063],[-74.138672999999983,4.5625480000000493],[-74.138663999999949,4.5626290000000722],[-74.138629999999978,4.5628350000000637],[-74.138611999999966,4.5629460000000677],[-74.138566999999966,4.5632270000000403],[-74.138523999999961,4.563474000000042],[-74.138475999999969,4.5637980000000766],[-74.13844899999998,4.5639890000000491],[-74.138441999999941,4.5640330000000517],[-74.138205999999968,4.5656070000000568],[-74.138156999999978,4.565998000000036],[-74.138104999999939,4.5663190000000213],[-74.138090999999974,4.5664110000000733],[-74.138078999999948,4.5664960000000292],[-74.138068999999973,4.566579000000047],[-74.138055999999949,4.5666660000000547],[-74.138042999999982,4.5667650000000322],[-74.138025999999968,4.5668730000000437],[-74.138024999999971,4.566895000000045],[-74.138024999999971,4.5670770000000402],[-74.138024999999971,4.5671370000000593],[-74.138025999999968,4.5673240000000419],[-74.138033999999948,4.5674530000000573],[-74.13803699999994,4.5675040000000422],[-74.138045999999974,4.5676460000000247],[-74.138049999999964,4.5677260000000501],[-74.138064999999983,4.567841000000044],[-74.138093999999967,4.5680080000000203],[-74.138107999999988,4.5680830000000583],[-74.138127999999938,4.5681860000000256],[-74.138146999999947,4.5682730000000333],[-74.138185999999962,4.5684320000000298],[-74.138240999999937,4.5686360000000263],[-74.138259999999946,4.5686950000000479],[-74.138281999999947,4.5687600000000543],[-74.138299999999958,4.5688200000000734],[-74.138323999999955,4.5689020000000369],[-74.138379999999984,4.5691050000000359],[-74.138495999999975,4.5696150000000557],[-74.138508999999942,4.5696570000000634],[-74.138523999999961,4.5697700000000623],[-74.138735999999938,4.5706230000000687],[-74.139214999999979,4.5724200000000224],[-74.139247999999952,4.572573000000034],[-74.139126241999975,4.5728715980000629]]},"properties":{"OBJECTID":4,"OBJECTID_1":50,"RSPNRUTA":"ZP-728A-1","RSPCDEFINI":"ZP-728A","RSPDISTANC":41.608440399999999,"RSPDENOMIN":"ARABIA - CANTALEJO","RSPTRUTA":"PROVISIONAL","RSPORIGEN":"CIUDAD BOLIVAR","RSPDESTINO":"SUBA ORIENTAL","RSPIRUTA":90,"SHAPELEN":41913.740936800496,"Shape_Length":0.056263399218803758}},{"type":"Feature","id":5,"geometry":{"type":"MultiLineString","coordinates":[[[-74.124812673999941,4.523329100000069],[-74.125017999999955,4.5235560000000419],[-74.125192999999967,4.5237510000000611],[-74.125336999999945,4.5239170000000399],[-74.125478999999984,4.5240850000000705],[-74.125571999999977,4.5242040000000543],[-74.125606999999945,4.5242540000000417],[-74.125634999999988,4.5242990000000418],[-74.125651999999945,4.5243210000000431],[-74.125910999999974,4.5248050000000717],[-74.126078999999947,4.5252200000000471],[-74.126178999999979,4.5255920000000742],[-74.126189999999951,4.5256610000000705],[-74.126255999999955,4.5260680000000661],[-74.126295999999968,4.5263130000000729],[-74.126350999999943,4.526719000000071],[-74.126423999999986,4.5272680000000491],[-74.126594999999952,4.528585000000021],[-74.12676799999997,4.5298900000000231],[-74.126892999999939,4.5308350000000246],[-74.127219999999966,4.5332130000000461],[-74.127286999999967,4.5338250000000357],[-74.127367999999933,4.5342290000000389],[-74.12746999999996,4.5345770000000698],[-74.127640999999983,4.5350320000000579],[-74.127818999999988,4.5353840000000218],[-74.128080999999952,4.5357930000000692],[-74.128318999999976,4.5360970000000407],[-74.12838499999998,4.5361760000000686],[-74.128640999999959,4.5364490000000615],[-74.128866999999957,4.5366520000000605],[-74.12904199999997,4.5367970000000355],[-74.129171999999983,4.5369030000000521],[-74.129756999999984,4.5373620000000301],[-74.129953999999941,4.5375130000000468],[-74.130276999999978,4.5377590000000509],[-74.13048699999996,4.537930000000074],[-74.131493999999975,4.5387120000000323],[-74.132220999999959,4.5392960000000357],[-74.132380999999953,4.5394030000000498],[-74.132629999999949,4.5396050000000514],[-74.132663999999977,4.5396330000000376],[-74.13275699999997,4.5397130000000629],[-74.13280199999997,4.5397540000000731],[-74.132877999999948,4.5398270000000593],[-74.132987999999955,4.5399390000000608],[-74.133080999999947,4.5400420000000281],[-74.133129999999937,4.5400980000000573],[-74.133197999999936,4.5401800000000208],[-74.13324799999998,4.5402450000000272],[-74.13324799999998,4.5402460000000247],[-74.133293999999978,4.5403080000000386],[-74.133355999999935,4.5403930000000514],[-74.133388999999966,4.5404410000000439],[-74.133413999999959,4.5404770000000667],[-74.133710999999948,4.5409990000000562],[-74.134298999999942,4.5421270000000504],[-74.134629999999959,4.5427550000000565],[-74.134757999999977,4.5429960000000733],[-74.134841999999935,4.5431570000000647],[-74.134885999999938,4.543228000000056],[-74.135018999999943,4.5434430000000248],[-74.135236999999961,4.543796000000043],[-74.13529699999998,4.5439340000000357],[-74.135467999999946,4.5443260000000691],[-74.135534999999948,4.5444730000000391],[-74.135653999999988,4.5447480000000269],[-74.135813999999982,4.5450560000000451],[-74.135964999999942,4.5453500000000417],[-74.136130999999978,4.5456650000000423],[-74.136347999999941,4.5460900000000493],[-74.136659999999949,4.546711000000073],[-74.136763999999971,4.5470070000000646],[-74.136848999999984,4.5474080000000754],[-74.136869999999988,4.5476510000000303],[-74.136854999999969,4.5479830000000447],[-74.136814999999956,4.5482530000000452],[-74.136650999999972,4.5489560000000324],[-74.136360999999965,4.550151000000028],[-74.136266999999975,4.5506680000000301],[-74.136248999999964,4.5509920000000648],[-74.136261999999988,4.5513370000000464],[-74.136318999999958,4.5517180000000508],[-74.136410999999953,4.5520690000000741],[-74.136525999999947,4.5523980000000392],[-74.136542999999961,4.5524440000000368],[-74.136623999999983,4.552675000000022],[-74.136664999999937,4.5527870000000235],[-74.136679999999956,4.5528320000000235],[-74.136874999999975,4.5533720000000244],[-74.136957999999936,4.5536240000000703],[-74.137088999999946,4.5539780000000292],[-74.137243999999953,4.5544410000000539],[-74.137523999999985,4.5552350000000388],[-74.13770599999998,4.5557750000000397],[-74.137810999999942,4.5560850000000528],[-74.137841999999978,4.5561760000000504],[-74.137980999999968,4.5565800000000536],[-74.138053999999954,4.5567970000000741],[-74.138145999999949,4.5570620000000304],[-74.138216999999941,4.5572600000000421],[-74.138455999999962,4.5579490000000646],[-74.138856999999973,4.5590970000000652],[-74.138939999999934,4.5594190000000481],[-74.138980999999944,4.5596710000000371],[-74.138994999999966,4.5597960000000626],[-74.138998999999956,4.559955000000059],[-74.139000999999951,4.560115000000053],[-74.138999999999953,4.5602870000000735],[-74.138973999999962,4.5604970000000549],[-74.138923999999975,4.5608470000000239],[-74.138900999999976,4.5609790000000316],[-74.138898999999981,4.5609910000000582],[-74.138856999999973,4.561281000000065],[-74.138815999999963,4.5615430000000288],[-74.13877599999995,4.5618160000000216],[-74.138739999999984,4.5620870000000764],[-74.138697999999977,4.5623490000000402],[-74.138686999999948,4.562430000000063],[-74.138672999999983,4.5625480000000493],[-74.138699999999972,4.5625620000000708],[-74.138749999999959,4.5625890000000595],[-74.138848999999936,4.5626030000000242],[-74.138904999999966,4.5626000000000317],[-74.138955999999951,4.5625980000000368],[-74.139002999999946,4.5625890000000595],[-74.139036999999973,4.5625830000000747],[-74.139058999999975,4.5624090000000592],[-74.139089999999953,4.5621350000000689],[-74.139120999999989,4.5618770000000382],[-74.139143999999987,4.5617320000000632],[-74.139255999999989,4.5617500000000746],[-74.139386999999942,4.5617970000000696],[-74.139426999999955,4.5618090000000393],[-74.139541999999949,4.5618310000000406],[-74.139811999999949,4.5618440000000646],[-74.14002499999998,4.5618550000000369],[-74.140149999999949,4.5618840000000205],[-74.140519999999981,4.5620830000000296],[-74.140985999999941,4.5623750000000314],[-74.141167999999936,4.562479000000053],[-74.141404999999963,4.5626460000000293],[-74.141673999999966,4.5628700000000322],[-74.141969999999958,4.563171000000068],[-74.142083999999954,4.5633190000000354],[-74.142254999999977,4.5635580000000573],[-74.142503999999974,4.563959000000068],[-74.142739999999947,4.564360000000022],[-74.142986999999948,4.5647610000000327],[-74.143148999999937,4.5650320000000306],[-74.143254999999954,4.5652090000000385],[-74.143481999999949,4.5655630000000542],[-74.143728999999951,4.5659650000000624],[-74.14387899999997,4.5661900000000628],[-74.14402199999995,4.5663720000000581],[-74.144175999999959,4.5665700000000697],[-74.144334999999955,4.5667420000000334],[-74.144683999999984,4.5671180000000504],[-74.144987999999955,4.5674370000000408],[-74.145069999999976,4.5675790000000234],[-74.145070999999973,4.5676150000000462],[-74.145058999999947,4.567651000000069],[-74.14503499999995,4.5676750000000652],[-74.144998999999984,4.5677060000000438],[-74.14490399999994,4.5678010000000313],[-74.14480599999996,4.5679550000000404],[-74.145911999999953,4.5687090000000694],[-74.146165999999937,4.5688810000000331],[-74.14638199999996,4.5690300000000548],[-74.146608999999955,4.5691820000000689],[-74.146833999999956,4.569338000000073],[-74.146873999999968,4.5693650000000616],[-74.147013999999956,4.5694610000000466],[-74.147054999999966,4.5694920000000252],[-74.147224999999935,4.5696090000000709],[-74.147299999999973,4.5696600000000558],[-74.14731299999994,4.5696660000000406],[-74.147318999999982,4.5696700000000305],[-74.14734599999997,4.5696890000000394],[-74.147468999999944,4.5697750000000497],[-74.147507999999959,4.5698020000000383],[-74.147712999999953,4.5699410000000285],[-74.148067999999967,4.5701740000000655],[-74.148236999999938,4.5702810000000227],[-74.149009999999976,4.5708270000000653],[-74.150127999999938,4.571593000000064],[-74.150949999999966,4.5721510000000762],[-74.151167999999984,4.5723000000000411],[-74.15124499999996,4.5723540000000753],[-74.151395999999977,4.5724720000000616],[-74.151463999999976,4.5725180000000591],[-74.151559999999961,4.5725820000000681],[-74.151886999999988,4.5728170000000432],[-74.15198399999997,4.5728850000000421],[-74.152211999999963,4.5730440000000385],[-74.152442999999948,4.573216000000059],[-74.152696999999989,4.5734130000000732],[-74.153009999999938,4.5736620000000698],[-74.153046999999958,4.573688000000061],[-74.153082999999981,4.5737250000000245],[-74.153309999999976,4.5739380000000551],[-74.153527999999937,4.5741500000000315],[-74.153577999999982,4.5742060000000606],[-74.153648999999973,4.5742840000000342],[-74.153682999999944,4.5743190000000595],[-74.153734999999983,4.5743780000000243],[-74.153816999999947,4.5744710000000737],[-74.153847999999982,4.5745050000000447],[-74.15413499999994,4.5748500000000263],[-74.154324999999972,4.575095000000033],[-74.154500999999982,4.5753450000000271],[-74.154653999999937,4.5755710000000249],[-74.154789999999934,4.5757860000000505],[-74.15483299999994,4.5758550000000469],[-74.154993999999988,4.5761370000000738],[-74.155144999999948,4.5764180000000465],[-74.155168999999944,4.5764620000000491],[-74.155286999999987,4.5766810000000646],[-74.155528999999945,4.5771390000000451],[-74.155664999999942,4.5773910000000342],[-74.155695999999978,4.577442000000076],[-74.15578899999997,4.5776050000000623],[-74.155861999999956,4.5777370000000701],[-74.155977999999948,4.5779540000000338],[-74.155990999999972,4.5779770000000326],[-74.156016999999963,4.5780180000000428],[-74.156081999999969,4.5781230000000619],[-74.156143999999983,4.5782480000000305],[-74.156164999999987,4.578296000000023],[-74.156208999999933,4.578388000000075],[-74.156352999999967,4.578689000000054],[-74.156373999999971,4.5787270000000717],[-74.156702999999936,4.5793380000000639],[-74.156928999999934,4.5797870000000671],[-74.156966999999952,4.5798440000000369],[-74.157012999999949,4.5799170000000231],[-74.157052999999962,4.5799690000000624],[-74.157055999999955,4.5799740000000497],[-74.157129999999938,4.5800780000000714],[-74.157141999999965,4.5801020000000676],[-74.157227999999975,4.5802620000000616],[-74.157322999999963,4.5804560000000265],[-74.157362999999975,4.5805520000000683],[-74.157411999999965,4.5806730000000471],[-74.15755699999994,4.5809490000000324],[-74.157647999999938,4.5811300000000301],[-74.157924999999977,4.5816200000000435],[-74.158613999999943,4.582932000000028],[-74.15964699999995,4.5850670000000378],[-74.160734999999988,4.5873130000000515],[-74.160754999999938,4.5873540000000617],[-74.160935999999936,4.5877950000000283],[-74.160946999999965,4.587820000000022],[-74.161026999999933,4.5881250000000477],[-74.161084999999957,4.5885580000000346],[-74.161133999999947,4.589001000000053],[-74.161138999999935,4.5890770000000316],[-74.161146999999971,4.5891780000000608],[-74.161167999999975,4.5893410000000472],[-74.161174999999957,4.5893820000000574],[-74.161194999999964,4.5896530000000553],[-74.161212999999975,4.5897700000000441],[-74.161223999999947,4.5899340000000279],[-74.161240999999961,4.5900590000000534],[-74.161254999999983,4.5901980000000435],[-74.161276999999984,4.5904050000000325],[-74.161281999999972,4.59045100000003],[-74.161322999999982,4.5908680000000572],[-74.161367999999982,4.5913090000000238],[-74.161412999999982,4.5917330000000334],[-74.161457999999982,4.5921730000000593],[-74.161562999999944,4.5930460000000721],[-74.161717999999951,4.5946240000000671],[-74.161752999999976,4.5948090000000548],[-74.161754999999971,4.5948610000000372],[-74.161752999999976,4.5948870000000284],[-74.161743999999942,4.5949610000000689],[-74.161735999999962,4.5949950000000399],[-74.161722999999938,4.5950350000000526],[-74.161717999999951,4.5950500000000716],[-74.161664999999971,4.5951720000000478],[-74.161649999999952,4.5952530000000706],[-74.161529999999971,4.5953130000000328],[-74.161422999999957,4.5954420000000482],[-74.161354999999958,4.5955600000000345],[-74.161326999999972,4.5956610000000637],[-74.161323999999979,4.5956900000000473],[-74.161315999999943,4.595766000000026],[-74.161324999999977,4.5958800000000224],[-74.161326999999972,4.5959060000000704],[-74.161347999999975,4.5960180000000719],[-74.161371999999972,4.5960810000000265],[-74.161392999999975,4.5961360000000582],[-74.161474999999939,4.596266000000071],[-74.161526999999978,4.5963280000000282],[-74.161570999999981,4.596364000000051],[-74.161675999999943,4.5964350000000422],[-74.161789999999939,4.5965400000000614],[-74.161850999999956,4.5966050000000678],[-74.161899999999946,4.5966600000000426],[-74.161910999999975,4.5966730000000666],[-74.16195799999997,4.5967460000000528],[-74.16196199999996,4.5967540000000326],[-74.161999999999978,4.5968450000000303],[-74.162011999999947,4.5968790000000581],[-74.162025999999969,4.5969310000000405],[-74.162027999999964,4.5969390000000203],[-74.162029999999959,4.5969650000000684],[-74.162090999999975,4.5975120000000516],[-74.162122999999951,4.5977730000000747],[-74.162138999999968,4.5979110000000674],[-74.162143999999955,4.5979560000000674],[-74.162159999999972,4.5981550000000766],[-74.162165999999957,4.5982870000000275],[-74.162169999999946,4.5983950000000391],[-74.162169999999946,4.5985610000000747],[-74.162167999999951,4.5986260000000243],[-74.16216768299995,4.5986810800000626]],[[-74.123321646999955,4.5216422740000439],[-74.12348899999995,4.5218320000000745],[-74.12367299999994,4.5220380000000659],[-74.123849999999948,4.5222370000000751],[-74.124022999999966,4.5224370000000249],[-74.124156999999968,4.5225940000000264],[-74.124484999999936,4.5229620000000637],[-74.124566288999972,4.5230534110000349]]]},"properties":{"OBJECTID":5,"OBJECTID_1":40,"RSPNRUTA":"ZP-501-1","RSPCDEFINI":"ZP-501","RSPDISTANC":32.319271090000001,"RSPDENOMIN":"UVAL - PUENTE GRANDE","RSPTRUTA":"PROVISIONAL","RSPORIGEN":"USME","RSPDESTINO":"FONTIBON","RSPIRUTA":72,"SHAPELEN":32556.794692647702,"Shape_Length":0.09358495198339023}},{"type":"Feature","id":6,"geometry":{"type":"MultiLineString","coordinates":[[[-74.120394527999963,4.532750007000061],[-74.12041899999997,4.5327040000000238],[-74.12045999999998,4.5326350000000275],[-74.12046799999996,4.5326240000000553],[-74.120505999999978,4.5325730000000704],[-74.120578999999964,4.5324820000000727],[-74.120631999999944,4.5324200000000587],[-74.120665999999972,4.532382000000041],[-74.120691999999963,4.5323560000000498],[-74.120730999999978,4.5323210000000245],[-74.120787999999948,4.532273000000032],[-74.120822999999973,4.5322470000000408],[-74.12092199999995,4.5321780000000444],[-74.121060999999941,4.5320850000000519],[-74.121127999999942,4.5320370000000594],[-74.121176999999989,4.5319970000000467],[-74.121224999999981,4.5319470000000592],[-74.12124799999998,4.531921000000068],[-74.121265999999935,4.5318980000000693],[-74.121270999999979,4.5318910000000301],[-74.121299999999962,4.5318420000000401],[-74.121316999999976,4.5318080000000691],[-74.121328999999946,4.5317810000000236],[-74.12134599999996,4.5317400000000703],[-74.121360999999979,4.5316860000000361],[-74.12138299999998,4.5316040000000726],[-74.121403999999984,4.5315150000000699],[-74.121420999999941,4.5314310000000546],[-74.121433999999965,4.5313630000000558],[-74.12143999999995,4.5313070000000266],[-74.121446999999989,4.5312340000000404],[-74.121450999999979,4.5311890000000403],[-74.121452999999974,4.5311210000000415],[-74.121452999999974,4.5310810000000288],[-74.121450999999979,4.5310060000000476],[-74.121450999999979,4.5309420000000387],[-74.121450999999979,4.5307490000000712],[-74.121441999999945,4.5305380000000355],[-74.121436999999958,4.5301260000000525],[-74.121433999999965,4.5300520000000688],[-74.121432999999968,4.5299590000000762],[-74.12143199999997,4.5299110000000269],[-74.12143599999996,4.529651000000058],[-74.121433999999965,4.5295770000000743],[-74.121432999999968,4.5295530000000213],[-74.121424999999988,4.529495000000054],[-74.121421999999939,4.5294740000000502],[-74.121410999999966,4.5294220000000678],[-74.12139499999995,4.5293720000000235],[-74.121368999999959,4.5292990000000373],[-74.121348999999952,4.5292500000000473],[-74.121333999999933,4.5292140000000245],[-74.121069999999975,4.5286370000000602],[-74.121044999999981,4.5285760000000437],[-74.121048999999971,4.5285600000000272],[-74.121051999999963,4.5285410000000752],[-74.121051999999963,4.5285230000000638],[-74.121050999999966,4.5285150000000272],[-74.121046999999976,4.5285030000000575],[-74.120990999999947,4.5283870000000661],[-74.12083199999995,4.5280460000000744],[-74.120802999999967,4.5279900000000453],[-74.120487005999962,4.5276889470000583]],[[-74.118753177999963,4.493821601000036],[-74.118755999999962,4.4938110000000506],[-74.118747999999982,4.4936380000000327],[-74.118718999999942,4.493419000000074],[-74.118674999999939,4.4932860000000687],[-74.118646785999942,4.4930943110000499]],[[-74.118646785999942,4.4930943110000499],[-74.118674999999939,4.4932860000000687],[-74.118718999999942,4.493419000000074],[-74.118747999999982,4.4936380000000327],[-74.118755999999962,4.4938110000000506],[-74.118753177999963,4.493821601000036]],[[-74.11864610799995,4.4930897010000308],[-74.118640999999968,4.4930550000000267],[-74.118649999999946,4.4930110000000241],[-74.118661999999972,4.4929540000000543],[-74.118673999999942,4.4928900000000453],[-74.118682999999976,4.4928190000000541],[-74.118688999999961,4.49276100000003],[-74.118698999999935,4.4926860000000488],[-74.11871199999996,4.4926250000000323],[-74.118724999999984,4.4925420000000713],[-74.118761999999947,4.4922730000000684],[-74.118790999999987,4.4920280000000616],[-74.118813999999986,4.4918350000000373],[-74.118833999999936,4.4917300000000751],[-74.118863999999974,4.4915600000000495],[-74.118962999999951,4.4911940000000641],[-74.118980999999962,4.49113600000004],[-74.119000999999969,4.4910630000000538],[-74.119025999999963,4.4909950000000549],[-74.119088999999974,4.4907800000000293],[-74.119151999999985,4.4905370000000744],[-74.119295999999963,4.4902260000000638],[-74.119410999999957,4.4899320000000671],[-74.119891999999936,4.4888080000000627],[-74.119922999999972,4.4887280000000374],[-74.120000999999945,4.4885190000000534],[-74.120025999999939,4.4884160000000293],[-74.120253999999989,4.487476000000072],[-74.120291999999949,4.4872630000000413],[-74.120255999999983,4.4869750000000295],[-74.120164999999986,4.4865160000000515],[-74.120009999999979,4.4858840000000555],[-74.119984999999986,4.48561600000005],[-74.120013999999969,4.4850650000000201],[-74.120060999999964,4.4846400000000699],[-74.120111999999949,4.4844360000000734],[-74.120198999999957,4.484213000000068],[-74.120400999999958,4.4838090000000648],[-74.120666999999969,4.4832260000000588],[-74.120889999999974,4.4828610000000708],[-74.120924999999943,4.4827890000000252],[-74.121181999999976,4.4824090000000751],[-74.121273999999971,4.4822330000000647],[-74.121362999999974,4.4819640000000618],[-74.121412999999961,4.4817490000000362],[-74.121423999999934,4.4816410000000246],[-74.121400999999935,4.4813410000000431],[-74.121305999999947,4.4810360000000742],[-74.121114999999975,4.4804500000000758],[-74.121091999999976,4.4803110000000288],[-74.121101999999951,4.4801170000000639],[-74.121138375999976,4.4800418460000628]],[[-74.121138375999976,4.4800418460000628],[-74.121101999999951,4.4801170000000639],[-74.121091999999976,4.4803110000000288],[-74.121114999999975,4.4804500000000758],[-74.121305999999947,4.4810360000000742],[-74.121400999999935,4.4813410000000431],[-74.121423999999934,4.4816410000000246],[-74.121412999999961,4.4817490000000362],[-74.121362999999974,4.4819640000000618],[-74.121273999999971,4.4822330000000647],[-74.121181999999976,4.4824090000000751],[-74.120924999999943,4.4827890000000252],[-74.120889999999974,4.4828610000000708],[-74.120666999999969,4.4832260000000588],[-74.120400999999958,4.4838090000000648],[-74.120198999999957,4.484213000000068],[-74.120111999999949,4.4844360000000734],[-74.120060999999964,4.4846400000000699],[-74.120013999999969,4.4850650000000201],[-74.119984999999986,4.48561600000005],[-74.120009999999979,4.4858840000000555],[-74.120164999999986,4.4865160000000515],[-74.120255999999983,4.4869750000000295],[-74.120291999999949,4.4872630000000413],[-74.120253999999989,4.487476000000072],[-74.120025999999939,4.4884160000000293],[-74.120000999999945,4.4885190000000534],[-74.119922999999972,4.4887280000000374],[-74.119891999999936,4.4888080000000627],[-74.119410999999957,4.4899320000000671],[-74.119295999999963,4.4902260000000638],[-74.119151999999985,4.4905370000000744],[-74.119088999999974,4.4907800000000293],[-74.119025999999963,4.4909950000000549],[-74.119000999999969,4.4910630000000538],[-74.118980999999962,4.49113600000004],[-74.118962999999951,4.4911940000000641],[-74.118863999999974,4.4915600000000495],[-74.118833999999936,4.4917300000000751],[-74.118813999999986,4.4918350000000373],[-74.118790999999987,4.4920280000000616],[-74.118761999999947,4.4922730000000684],[-74.118724999999984,4.4925420000000713],[-74.11871199999996,4.4926250000000323],[-74.118698999999935,4.4926860000000488],[-74.118688999999961,4.49276100000003],[-74.118682999999976,4.4928190000000541],[-74.118673999999942,4.4928900000000453],[-74.118661999999972,4.4929540000000543],[-74.118649999999946,4.4930110000000241],[-74.118640999999968,4.4930550000000267],[-74.11864610799995,4.4930897010000308]],[[-74.121185104999938,4.4799453020000328],[-74.121207999999967,4.4798980000000483],[-74.121473088999949,4.4793019620000223]],[[-74.121473088999949,4.4793019620000223],[-74.121207999999967,4.4798980000000483],[-74.121185104999938,4.4799453020000328]]]},"properties":{"OBJECTID":6,"OBJECTID_1":212,"RSPNRUTA":"ZP-254-3","RSPCDEFINI":"ZP-254","RSPDISTANC":48.399250029999997,"RSPDENOMIN":"USME - PALERMO","RSPTRUTA":"PROVISIONAL","RSPORIGEN":"USME","RSPDESTINO":"NEUTRA","RSPIRUTA":300,"SHAPELEN":47888.728158809201,"Shape_Length":0.036076124400753445}},{"type":"Feature","id":7,"geometry":{"type":"LineString","coordinates":[[-74.168354999999963,4.570692000000065],[-74.16831099999996,4.5707210000000487],[-74.16817599999996,4.5708640000000287],[-74.168131999999957,4.5709440000000541],[-74.168254999999988,4.5710920000000215],[-74.168362999999943,4.571249000000023],[-74.168327999999974,4.5712830000000508],[-74.168145999999979,4.5714410000000498],[-74.168042999999955,4.5715350000000399],[-74.167471999999975,4.5720640000000685],[-74.167410999999959,4.5721270000000231],[-74.167122999999947,4.5723740000000248],[-74.166955999999971,4.5725160000000642],[-74.166805999999951,4.5726360000000454],[-74.166766999999936,4.5726700000000733],[-74.166682999999978,4.5727340000000254],[-74.166565999999989,4.5728460000000268],[-74.166427999999939,4.5729800000000296],[-74.165603999999973,4.5730540000000701],[-74.165528999999935,4.5730650000000423],[-74.164687999999956,4.5731210000000715],[-74.164638999999966,4.5731160000000273],[-74.164535999999941,4.5730890000000386],[-74.164034999999956,4.5730610000000524],[-74.163143999999988,4.5731240000000639],[-74.163103999999976,4.5731270000000563],[-74.163012999999978,4.5731330000000412],[-74.162202999999977,4.5731880000000729],[-74.162170999999944,4.5731950000000552],[-74.161297999999988,4.5732540000000199],[-74.161208999999985,4.5732620000000566],[-74.16116599999998,4.5733770000000504],[-74.161206999999933,4.5734570000000758],[-74.161291999999946,4.5735460000000216],[-74.161441999999965,4.5737570000000574],[-74.161560999999949,4.5738650000000689],[-74.161764999999946,4.5741030000000364],[-74.16181899999998,4.574164000000053],[-74.162052999999958,4.5744610000000421],[-74.162101999999948,4.5745220000000586],[-74.162263999999936,4.5747020000000589],[-74.162327999999945,4.5747860000000742],[-74.16257399999995,4.575110000000052],[-74.162669999999935,4.5752580000000762],[-74.162767999999971,4.5753800000000524],[-74.162926999999968,4.5755850000000464],[-74.162948999999969,4.5756030000000578],[-74.163136999999949,4.5758550000000469],[-74.163330999999971,4.5761290000000372],[-74.163549999999987,4.5763670000000616],[-74.163742999999954,4.5765810000000329],[-74.163965999999959,4.5767690000000698],[-74.164225999999985,4.5768620000000624],[-74.16469399999994,4.5769910000000209],[-74.164963999999941,4.5771650000000363],[-74.165116999999952,4.5773640000000455],[-74.166181999999935,4.5786750000000325],[-74.166033999999968,4.5788590000000227],[-74.165974999999946,4.5789650000000393],[-74.165895999999975,4.5791970000000219],[-74.165450999999962,4.5814830000000484],[-74.165336999999965,4.5818830000000617],[-74.165168999999935,4.5823460000000296],[-74.165050999999949,4.5826280000000565],[-74.164846999999952,4.5830810000000497],[-74.164765999999986,4.5832110000000625],[-74.164663999999959,4.5833270000000539],[-74.164571999999964,4.5834210000000439],[-74.164444999999944,4.5835210000000757],[-74.164335999999935,4.5835860000000253],[-74.164079999999956,4.583701000000076],[-74.16386099999994,4.5837920000000736],[-74.163629999999955,4.583891000000051],[-74.163468999999964,4.5839450000000284],[-74.163369999999986,4.5839510000000701],[-74.163275999999939,4.583940000000041],[-74.163170999999977,4.583904000000075],[-74.163093999999944,4.5838460000000509],[-74.163035999999977,4.5837650000000281],[-74.163016999999968,4.5836790000000747],[-74.163018999999963,4.5835270000000605],[-74.163066999999955,4.582849000000067],[-74.163037999999972,4.5825580000000627],[-74.162976999999955,4.5823900000000322],[-74.162887999999953,4.5822300000000382],[-74.162772999999959,4.5820910000000481],[-74.162646999999936,4.5819760000000542],[-74.162533999999937,4.5819060000000604],[-74.162303999999949,4.5818040000000337],[-74.161710999999968,4.5815190000000712],[-74.161515999999949,4.5813660000000596],[-74.161334999999951,4.5811500000000365],[-74.160915999999986,4.5804360000000202],[-74.160828999999978,4.580312000000049],[-74.160731999999939,4.5802170000000615],[-74.16065999999995,4.5801600000000349],[-74.160450999999966,4.5800410000000511],[-74.160368999999946,4.5800140000000624],[-74.160206999999957,4.5799840000000245],[-74.160109999999975,4.5799820000000295],[-74.160023999999964,4.5799940000000561],[-74.159949999999981,4.5800020000000359],[-74.159843999999964,4.5800130000000649],[-74.159753999999964,4.5800320000000738],[-74.158439999999985,4.5802590000000691],[-74.157945999999981,4.5803550000000541],[-74.157761999999934,4.5803880000000277],[-74.157745999999975,4.5803910000000201],[-74.157661999999959,4.5804050000000416],[-74.15760199999994,4.5804160000000707],[-74.157538999999986,4.5804250000000479],[-74.157476999999972,4.5804360000000202],[-74.157322999999963,4.5804560000000265],[-74.157252999999969,4.5804640000000632],[-74.156786999999952,4.5805440000000317],[-74.155371999999943,4.580786000000046],[-74.153727999999944,4.5810610000000338],[-74.153371999999933,4.5810810000000401],[-74.15301999999997,4.581068000000073],[-74.152931999999964,4.5810550000000489],[-74.152790999999979,4.5810350000000426],[-74.152729999999963,4.5810250000000678],[-74.152686999999958,4.5810160000000337],[-74.152565999999979,4.5809920000000375],[-74.152500999999972,4.580976000000021],[-74.152434999999969,4.580959000000064],[-74.152358999999933,4.5809370000000627],[-74.152280999999959,4.5809130000000664],[-74.152179999999987,4.5808790000000386],[-74.15199199999995,4.5808100000000422],[-74.151909999999987,4.5807780000000662],[-74.151882999999941,4.5807660000000396],[-74.151798999999983,4.5807330000000661],[-74.151763999999957,4.5807190000000446],[-74.151718999999957,4.5807030000000282],[-74.151606999999956,4.580660000000023],[-74.151598999999976,4.5806570000000306],[-74.151451999999949,4.5805990000000634],[-74.151266999999962,4.5805290000000696],[-74.151167999999984,4.5804900000000544],[-74.151130999999964,4.5804780000000278],[-74.14961599999998,4.579887000000042],[-74.147986999999944,4.5792270000000599],[-74.147190999999964,4.5789190000000417],[-74.146228999999948,4.5785120000000461],[-74.145726999999965,4.5783380000000307],[-74.145438999999953,4.5782910000000356],[-74.145111999999983,4.578296000000023],[-74.144787999999949,4.5783670000000711],[-74.144614999999988,4.578433000000075],[-74.144464999999968,4.5785110000000486],[-74.144183999999939,4.5787020000000211],[-74.143386999999962,4.5792910000000688],[-74.143348999999944,4.57931700000006],[-74.143265999999983,4.579381000000069],[-74.143206999999961,4.5794260000000691],[-74.143191999999942,4.5794390000000362],[-74.143177999999978,4.5794520000000603],[-74.143166999999949,4.57946400000003],[-74.143073999999956,4.5795480000000452],[-74.143030999999951,4.5795940000000428],[-74.143002999999965,4.5796280000000706],[-74.142928999999981,4.5797350000000279],[-74.142880999999988,4.5798000000000343],[-74.14280599999995,4.5798980000000711],[-74.142794999999978,4.5799120000000357],[-74.142698999999936,4.5800250000000347],[-74.142677037999988,4.5800494020000428]]},"properties":{"OBJECTID":7,"OBJECTID_1":96,"RSPNRUTA":"ZP-C10-2","RSPCDEFINI":"ZP-C10","RSPDISTANC":31.431190489999999,"RSPDENOMIN":"SIERRA MORENA TRES ESQUINAS - QUIRIGUA","RSPTRUTA":"PROVISIONAL","RSPORIGEN":"CIUDAD BOLIVAR","RSPDESTINO":"CALLE 80","RSPIRUTA":154,"SHAPELEN":31637.268893134002,"Shape_Length":0.04688209987626768}},{"type":"Feature","id":8,"geometry":{"type":"LineString","coordinates":[[-74.142830825999965,4.5800300940000511],[-74.142932999999971,4.5799270000000547],[-74.142999999999972,4.5798510000000761],[-74.143020999999976,4.579827000000023],[-74.143038999999987,4.5798040000000242],[-74.143054999999947,4.579776000000038],[-74.143083999999988,4.5797200000000657],[-74.143113999999969,4.5796630000000391],[-74.143117999999959,4.5796550000000593],[-74.14314399999995,4.579618000000039],[-74.143195999999989,4.5795660000000566],[-74.143214999999941,4.5795590000000743],[-74.143230999999957,4.5795510000000377],[-74.14323799999994,4.5795460000000503],[-74.143249999999966,4.5795350000000212],[-74.14332799999994,4.579477000000054],[-74.143424999999979,4.5794160000000375],[-74.143502999999953,4.5793480000000386],[-74.14438599999994,4.5786950000000388],[-74.144591999999989,4.5785680000000752],[-74.144814999999937,4.5784760000000233],[-74.144998999999984,4.5784280000000308],[-74.145209999999963,4.5784010000000421],[-74.145430999999974,4.5784040000000346],[-74.145437999999956,4.5784040000000346],[-74.145637999999963,4.5784340000000725],[-74.145853999999986,4.5784980000000246],[-74.147183999999982,4.5790100000000393],[-74.149583999999948,4.5799630000000207],[-74.151095999999939,4.5805710000000204],[-74.151189999999986,4.5806080000000406],[-74.151214999999979,4.5806180000000722],[-74.151220999999964,4.5806220000000621],[-74.151419999999973,4.5807010000000332],[-74.151501999999937,4.5807350000000611],[-74.151509999999973,4.5807380000000535],[-74.151568999999938,4.5807510000000207],[-74.151573999999982,4.580752000000075],[-74.151643999999976,4.5807820000000561],[-74.151653999999951,4.5807900000000359],[-74.151666999999975,4.580801000000065],[-74.151674999999955,4.5808050000000549],[-74.151681999999937,4.5808090000000448],[-74.151723999999945,4.5808250000000612],[-74.152110999999934,4.5809750000000236],[-74.152398999999946,4.5810650000000237],[-74.152655999999979,4.5811240000000453],[-74.15300899999994,4.5811780000000226],[-74.153403999999966,4.5811910000000466],[-74.153739999999971,4.5811720000000378],[-74.153818999999942,4.581162000000063],[-74.153862999999944,4.5811560000000213],[-74.153953999999942,4.5811430000000541],[-74.154365999999982,4.5810730000000603],[-74.154506999999967,4.5810480000000666],[-74.154765999999938,4.5810050000000615],[-74.155092999999965,4.5809480000000349],[-74.155260999999939,4.5809180000000538],[-74.15533499999998,4.5809040000000323],[-74.155393999999944,4.5808900000000676],[-74.155431999999962,4.5808860000000209],[-74.155651999999975,4.5808500000000549],[-74.156113999999945,4.5807700000000295],[-74.156152999999961,4.5807640000000447],[-74.156610999999941,4.5806860000000711],[-74.156703999999934,4.5806670000000622],[-74.156833999999947,4.580641000000071],[-74.156852999999956,4.5806370000000243],[-74.156986999999958,4.5806620000000748],[-74.157091999999977,4.5806810000000269],[-74.157106999999939,4.580688000000066],[-74.157133999999985,4.5806950000000484],[-74.157171999999946,4.5807060000000206],[-74.157198999999935,4.5807160000000522],[-74.157228999999973,4.5807270000000244],[-74.157258999999954,4.5807410000000459],[-74.15728299999995,4.5807530000000725],[-74.157336999999984,4.5807850000000485],[-74.157385999999974,4.5808210000000713],[-74.157392999999956,4.5808290000000511],[-74.157399999999939,4.5808340000000385],[-74.157408999999973,4.5808390000000259],[-74.157469999999989,4.5808840000000259],[-74.15755699999994,4.5809490000000324],[-74.157647999999938,4.5811300000000301],[-74.157924999999977,4.5816200000000435],[-74.158613999999943,4.582932000000028],[-74.15964699999995,4.5850670000000378],[-74.160734999999988,4.5873130000000515],[-74.160754999999938,4.5873540000000617],[-74.160935999999936,4.5877950000000283],[-74.160946999999965,4.587820000000022],[-74.161026999999933,4.5881250000000477],[-74.161084999999957,4.5885580000000346],[-74.161133999999947,4.589001000000053],[-74.161138999999935,4.5890770000000316],[-74.161146999999971,4.5891780000000608],[-74.161167999999975,4.5893410000000472],[-74.161174999999957,4.5893820000000574],[-74.161194999999964,4.5896530000000553],[-74.161212999999975,4.5897700000000441],[-74.161223999999947,4.5899340000000279],[-74.161240999999961,4.5900590000000534],[-74.161254999999983,4.5901980000000435],[-74.161276999999984,4.5904050000000325],[-74.161281999999972,4.59045100000003],[-74.161322999999982,4.5908680000000572],[-74.161367999999982,4.5913090000000238],[-74.161412999999982,4.5917330000000334],[-74.161457999999982,4.5921730000000593],[-74.161562999999944,4.5930460000000721],[-74.161717999999951,4.5946240000000671],[-74.161752999999976,4.5948090000000548],[-74.161754999999971,4.5948610000000372],[-74.161752999999976,4.5948870000000284],[-74.161743999999942,4.5949610000000689],[-74.161735999999962,4.5949950000000399],[-74.161722999999938,4.5950350000000526],[-74.161717999999951,4.5950500000000716],[-74.161664999999971,4.5951720000000478],[-74.161649999999952,4.5952530000000706],[-74.161529999999971,4.5953130000000328],[-74.161422999999957,4.5954420000000482],[-74.161354999999958,4.5955600000000345],[-74.161326999999972,4.5956610000000637],[-74.161323999999979,4.5956900000000473],[-74.161315999999943,4.595766000000026],[-74.161324999999977,4.5958800000000224],[-74.161326999999972,4.5959060000000704],[-74.161347999999975,4.5960180000000719],[-74.161371999999972,4.5960810000000265],[-74.161392999999975,4.5961360000000582],[-74.161474999999939,4.596266000000071],[-74.161526999999978,4.5963280000000282],[-74.161570999999981,4.596364000000051],[-74.161675999999943,4.5964350000000422],[-74.161779999999965,4.5964800000000423],[-74.161884999999984,4.5965020000000436],[-74.162049999999965,4.5964980000000537],[-74.162197999999989,4.5964540000000511],[-74.162304999999947,4.5963780000000725],[-74.162477999999965,4.5961940000000254],[-74.162545999999963,4.5961680000000342],[-74.162638999999956,4.5961260000000266],[-74.162738999999988,4.5961040000000253],[-74.162935999999945,4.5960810000000265],[-74.164205999999979,4.5960410000000707],[-74.164424999999937,4.5960370000000239],[-74.164581999999939,4.5960100000000352],[-74.164802999999949,4.5959880000000339],[-74.164804999999944,4.5959880000000339],[-74.164811999999984,4.5959880000000339],[-74.164813999999978,4.5959870000000365],[-74.164819999999963,4.5959870000000365],[-74.164822999999956,4.5959870000000365],[-74.164828999999941,4.5959870000000365],[-74.164831999999933,4.595986000000039],[-74.164837999999975,4.5959870000000365],[-74.164846999999952,4.595986000000039],[-74.164849999999944,4.5959850000000415],[-74.164855999999986,4.595986000000039],[-74.164858999999979,4.5959850000000415],[-74.164864999999963,4.5959850000000415],[-74.165039999999976,4.5959640000000377],[-74.165047999999956,4.5959610000000453],[-74.165380999999968,4.5959420000000364],[-74.165714999999977,4.595937000000049],[-74.165939999999978,4.5959480000000212],[-74.166723999999988,4.5959450000000288],[-74.166874999999948,4.5959110000000578],[-74.167042999999978,4.5958660000000577],[-74.167268999999976,4.5958060000000387],[-74.167331999999988,4.5958070000000362],[-74.167580999999984,4.5957900000000222],[-74.168851999999958,4.595794000000069],[-74.16975999999994,4.5958910000000515],[-74.171030999999971,4.5960810000000265],[-74.171261999999956,4.5961710000000267],[-74.171434999999974,4.596238000000028],[-74.171529999999962,4.5962750000000483],[-74.172002999999961,4.5964720000000625],[-74.172566999999958,4.5965610000000652],[-74.173602999999957,4.5966580000000477],[-74.174046999999973,4.59671000000003],[-74.174966999999981,4.5968270000000757],[-74.175325999999984,4.5968730000000733],[-74.175610999999947,4.5969210000000658],[-74.175962999999967,4.5969730000000482],[-74.176293999999984,4.5970220000000381],[-74.176399999999944,4.5970380000000546],[-74.176964999999939,4.5970840000000521],[-74.177194999999983,4.5970970000000762],[-74.177395999999987,4.5971090000000459],[-74.177482999999938,4.5971120000000383],[-74.177569999999946,4.5971110000000408],[-74.17791299999999,4.5971070000000509],[-74.178296999999986,4.5971020000000635],[-74.178674999999942,4.597105000000056],[-74.17935099999994,4.597090000000037],[-74.179384999999968,4.5973800000000438],[-74.179354999999987,4.5975100000000566],[-74.179299999999955,4.5977560000000608],[-74.179359999999974,4.5980090000000473],[-74.179548999999952,4.5984060000000682],[-74.17963199999997,4.5985560000000305],[-74.179711999999938,4.5987210000000687],[-74.17991399999994,4.5990990000000238],[-74.179938999999933,4.599140000000034],[-74.179993999999965,4.5992500000000405],[-74.180028999999934,4.5993130000000519],[-74.180187999999987,4.5995840000000499],[-74.180226970999968,4.5996519660000672]]},"properties":{"OBJECTID":8,"OBJECTID_1":193,"RSPNRUTA":"ZP-168A-2","RSPCDEFINI":"ZP-168A","RSPDISTANC":22.139780040000002,"RSPDENOMIN":"EL RECREO - LA ROCA","RSPTRUTA":"PROVISIONAL","RSPORIGEN":"BOSA","RSPDESTINO":"SAN CRISTOBAL","RSPIRUTA":280,"SHAPELEN":22275.071438189902,"Shape_Length":0.053328583684164745}},{"type":"Feature","id":9,"geometry":{"type":"MultiLineString","coordinates":[[[-74.147892260999981,4.5887687670000332],[-74.148288999999977,4.5886390000000574],[-74.148770999999954,4.5884370000000558],[-74.149273999999934,4.5882130000000529],[-74.149738999999954,4.5880290000000628],[-74.149780999999962,4.5880120000000488],[-74.149793999999986,4.588006000000064],[-74.149805999999955,4.5880000000000223],[-74.149817999999982,4.58799300000004],[-74.149831999999947,4.5879850000000602],[-74.14985299999995,4.5879750000000286],[-74.149883999999986,4.5879390000000626],[-74.149896999999953,4.5879230000000462],[-74.149903999999935,4.5879140000000689],[-74.149909999999977,4.5879060000000322],[-74.149916999999959,4.5878960000000575],[-74.149925999999937,4.5878810000000385],[-74.149938999999961,4.5878590000000372],[-74.150025999999968,4.5880080000000589],[-74.150298999999961,4.588292000000024],[-74.150455999999963,4.5884140000000571],[-74.150583999999981,4.5885530000000472],[-74.150781999999936,4.5887820000000374],[-74.150922999999977,4.5888990000000263],[-74.150985999999989,4.5889360000000465],[-74.151302999999984,4.5891500000000747],[-74.151339999999948,4.5891880000000356],[-74.151363999999944,4.5892410000000723],[-74.151382999999953,4.5894720000000575],[-74.15143999999998,4.5901420000000712],[-74.151492999999959,4.590246000000036],[-74.15176699999995,4.5900420000000395],[-74.151843999999983,4.5899840000000722],[-74.152568999999971,4.5894540000000461],[-74.15329399999996,4.5889120000000503],[-74.154020999999943,4.5883920000000558]],[[-74.154020999999943,4.5883920000000558],[-74.15329399999996,4.5889120000000503],[-74.152568999999971,4.5894540000000461],[-74.151843999999983,4.5899840000000722],[-74.15176699999995,4.5900420000000395],[-74.151492999999959,4.590246000000036],[-74.15143999999998,4.5901420000000712],[-74.151382999999953,4.5894720000000575],[-74.151363999999944,4.5892410000000723],[-74.151339999999948,4.5891880000000356],[-74.151302999999984,4.5891500000000747],[-74.150985999999989,4.5889360000000465],[-74.150922999999977,4.5888990000000263],[-74.150781999999936,4.5887820000000374],[-74.150583999999981,4.5885530000000472],[-74.150455999999963,4.5884140000000571],[-74.150298999999961,4.588292000000024],[-74.150025999999968,4.5880080000000589],[-74.149938999999961,4.5878590000000372],[-74.149925999999937,4.5878810000000385],[-74.149916999999959,4.5878960000000575],[-74.149909999999977,4.5879060000000322],[-74.149903999999935,4.5879140000000689],[-74.149896999999953,4.5879230000000462],[-74.149883999999986,4.5879390000000626],[-74.14985299999995,4.5879750000000286],[-74.149831999999947,4.5879850000000602],[-74.149817999999982,4.58799300000004],[-74.149805999999955,4.5880000000000223],[-74.149793999999986,4.588006000000064],[-74.149780999999962,4.5880120000000488],[-74.149738999999954,4.5880290000000628],[-74.149273999999934,4.5882130000000529],[-74.148770999999954,4.5884370000000558],[-74.148288999999977,4.5886390000000574],[-74.147892260999981,4.5887687670000332]],[[-74.142434957999967,4.5800623920000589],[-74.142371999999966,4.579900000000066],[-74.142334999999946,4.5798090000000684],[-74.142259999999965,4.5796240000000239],[-74.142152999999951,4.5793430000000512],[-74.142016999999953,4.5789920000000279],[-74.141810999999961,4.5784550000000763],[-74.141609999999957,4.578008000000068],[-74.141426999999965,4.5776700000000687],[-74.141158999999959,4.5771230000000287],[-74.140853999999933,4.576526000000058],[-74.140757999999948,4.576575000000048],[-74.140627999999936,4.5766380000000595],[-74.140534999999943,4.576684000000057],[-74.139797999999985,4.577015000000074],[-74.139636999999937,4.5770820000000754],[-74.139382999999953,4.577192000000025],[-74.139314999999954,4.577220000000068],[-74.138960999999938,4.5773810000000594],[-74.138894999999934,4.5774090000000456],[-74.138667407999947,4.5775092950000271]],[[-74.138667407999947,4.5775092950000271],[-74.138894999999934,4.5774090000000456],[-74.138960999999938,4.5773810000000594],[-74.139314999999954,4.577220000000068],[-74.139382999999953,4.577192000000025],[-74.139636999999937,4.5770820000000754],[-74.139797999999985,4.577015000000074],[-74.140534999999943,4.576684000000057],[-74.140798999999959,4.5772030000000541],[-74.140836999999976,4.5772760000000403],[-74.140921999999989,4.5774320000000444],[-74.141272999999956,4.5781560000000354],[-74.141293999999959,4.5781930000000557],[-74.141309999999976,4.5782250000000317],[-74.141350999999986,4.5783150000000319],[-74.141414999999938,4.5784590000000662],[-74.141484999999989,4.5786280000000374],[-74.141572999999937,4.5788340000000289],[-74.141673999999966,4.579099000000042],[-74.141821999999934,4.5794690000000742],[-74.141861999999946,4.5795560000000251],[-74.14192399999996,4.5797470000000544],[-74.142024999999933,4.5800160000000574],[-74.142040717999976,4.5800561070000754]]]},"properties":{"OBJECTID":9,"OBJECTID_1":85,"RSPNRUTA":"ZP-C56-3","RSPCDEFINI":"ZP-C56","RSPDISTANC":28.84254074,"RSPDENOMIN":"ISLA DEL SOL - GERMANIA","RSPTRUTA":"PROVISIONAL","RSPORIGEN":"PERDOMO","RSPDESTINO":"NEUTRA","RSPIRUTA":138,"SHAPELEN":29019.075472117998,"Shape_Length":0.028865463333588127}},{"type":"Feature","id":10,"geometry":{"type":"MultiLineString","coordinates":[[[-74.124812673999941,4.523329100000069],[-74.125017999999955,4.5235560000000419],[-74.125192999999967,4.5237510000000611],[-74.125336999999945,4.5239170000000399],[-74.125478999999984,4.5240850000000705],[-74.125571999999977,4.5242040000000543],[-74.125606999999945,4.5242540000000417],[-74.125634999999988,4.5242990000000418],[-74.125651999999945,4.5243210000000431],[-74.125910999999974,4.5248050000000717],[-74.126078999999947,4.5252200000000471],[-74.126178999999979,4.5255920000000742],[-74.126189999999951,4.5256610000000705],[-74.126255999999955,4.5260680000000661],[-74.126295999999968,4.5263130000000729],[-74.126350999999943,4.526719000000071],[-74.126423999999986,4.5272680000000491],[-74.126594999999952,4.528585000000021],[-74.12676799999997,4.5298900000000231],[-74.126892999999939,4.5308350000000246],[-74.127219999999966,4.5332130000000461],[-74.127286999999967,4.5338250000000357],[-74.127367999999933,4.5342290000000389],[-74.12746999999996,4.5345770000000698],[-74.127640999999983,4.5350320000000579],[-74.127818999999988,4.5353840000000218],[-74.128080999999952,4.5357930000000692],[-74.128318999999976,4.5360970000000407],[-74.12838499999998,4.5361760000000686],[-74.128640999999959,4.5364490000000615],[-74.128866999999957,4.5366520000000605],[-74.12904199999997,4.5367970000000355],[-74.129171999999983,4.5369030000000521],[-74.129756999999984,4.5373620000000301],[-74.129953999999941,4.5375130000000468],[-74.130276999999978,4.5377590000000509],[-74.13048699999996,4.537930000000074],[-74.131493999999975,4.5387120000000323],[-74.132220999999959,4.5392960000000357],[-74.132380999999953,4.5394030000000498],[-74.132629999999949,4.5396050000000514],[-74.132663999999977,4.5396330000000376],[-74.13275699999997,4.5397130000000629],[-74.13280199999997,4.5397540000000731],[-74.132877999999948,4.5398270000000593],[-74.132987999999955,4.5399390000000608],[-74.133080999999947,4.5400420000000281],[-74.133129999999937,4.5400980000000573],[-74.133197999999936,4.5401800000000208],[-74.13324799999998,4.5402450000000272],[-74.13324799999998,4.5402460000000247],[-74.133293999999978,4.5403080000000386],[-74.133355999999935,4.5403930000000514],[-74.133388999999966,4.5404410000000439],[-74.133413999999959,4.5404770000000667],[-74.133710999999948,4.5409990000000562],[-74.134298999999942,4.5421270000000504],[-74.134629999999959,4.5427550000000565],[-74.134757999999977,4.5429960000000733],[-74.134841999999935,4.5431570000000647],[-74.134885999999938,4.543228000000056],[-74.135018999999943,4.5434430000000248],[-74.135236999999961,4.543796000000043],[-74.13529699999998,4.5439340000000357],[-74.135467999999946,4.5443260000000691],[-74.135534999999948,4.5444730000000391],[-74.135653999999988,4.5447480000000269],[-74.135813999999982,4.5450560000000451],[-74.135964999999942,4.5453500000000417],[-74.136130999999978,4.5456650000000423],[-74.136347999999941,4.5460900000000493],[-74.136659999999949,4.546711000000073],[-74.136763999999971,4.5470070000000646],[-74.136848999999984,4.5474080000000754],[-74.136869999999988,4.5476510000000303],[-74.136854999999969,4.5479830000000447],[-74.136814999999956,4.5482530000000452],[-74.136650999999972,4.5489560000000324],[-74.136360999999965,4.550151000000028],[-74.136266999999975,4.5506680000000301],[-74.136248999999964,4.5509920000000648],[-74.136261999999988,4.5513370000000464],[-74.136318999999958,4.5517180000000508],[-74.136410999999953,4.5520690000000741],[-74.136525999999947,4.5523980000000392],[-74.136542999999961,4.5524440000000368],[-74.136623999999983,4.552675000000022],[-74.136664999999937,4.5527870000000235],[-74.136679999999956,4.5528320000000235],[-74.136874999999975,4.5533720000000244],[-74.136957999999936,4.5536240000000703],[-74.137088999999946,4.5539780000000292],[-74.137243999999953,4.5544410000000539],[-74.137523999999985,4.5552350000000388],[-74.13770599999998,4.5557750000000397],[-74.137810999999942,4.5560850000000528],[-74.137841999999978,4.5561760000000504],[-74.137980999999968,4.5565800000000536],[-74.138053999999954,4.5567970000000741],[-74.138145999999949,4.5570620000000304],[-74.138216999999941,4.5572600000000421],[-74.138455999999962,4.5579490000000646],[-74.138856999999973,4.5590970000000652],[-74.138939999999934,4.5594190000000481],[-74.138980999999944,4.5596710000000371],[-74.138994999999966,4.5597960000000626],[-74.138998999999956,4.559955000000059],[-74.139000999999951,4.560115000000053],[-74.138999999999953,4.5602870000000735],[-74.138973999999962,4.5604970000000549],[-74.138923999999975,4.5608470000000239],[-74.138900999999976,4.5609790000000316],[-74.138898999999981,4.5609910000000582],[-74.138856999999973,4.561281000000065],[-74.138815999999963,4.5615430000000288],[-74.13877599999995,4.5618160000000216],[-74.138739999999984,4.5620870000000764],[-74.138697999999977,4.5623490000000402],[-74.138686999999948,4.562430000000063],[-74.138672999999983,4.5625480000000493],[-74.138663999999949,4.5626290000000722],[-74.138629999999978,4.5628350000000637],[-74.138611999999966,4.5629460000000677],[-74.138566999999966,4.5632270000000403],[-74.138523999999961,4.563474000000042],[-74.138475999999969,4.5637980000000766],[-74.13844899999998,4.5639890000000491],[-74.138441999999941,4.5640330000000517],[-74.138205999999968,4.5656070000000568],[-74.138156999999978,4.565998000000036],[-74.138104999999939,4.5663190000000213],[-74.138090999999974,4.5664110000000733],[-74.138078999999948,4.5664960000000292],[-74.138068999999973,4.566579000000047],[-74.138055999999949,4.5666660000000547],[-74.138042999999982,4.5667650000000322],[-74.138025999999968,4.5668730000000437],[-74.138024999999971,4.566895000000045],[-74.138024999999971,4.5670770000000402],[-74.138024999999971,4.5671370000000593],[-74.138025999999968,4.5673240000000419],[-74.138033999999948,4.5674530000000573],[-74.13803699999994,4.5675040000000422],[-74.138045999999974,4.5676460000000247],[-74.138049999999964,4.5677260000000501],[-74.138064999999983,4.567841000000044],[-74.138093999999967,4.5680080000000203],[-74.138107999999988,4.5680830000000583],[-74.138127999999938,4.5681860000000256],[-74.138146999999947,4.5682730000000333],[-74.138185999999962,4.5684320000000298],[-74.138240999999937,4.5686360000000263],[-74.138259999999946,4.5686950000000479],[-74.138281999999947,4.5687600000000543],[-74.138299999999958,4.5688200000000734],[-74.138323999999955,4.5689020000000369],[-74.138379999999984,4.5691050000000359],[-74.138495999999975,4.5696150000000557],[-74.138508999999942,4.5696570000000634],[-74.138523999999961,4.5697700000000623],[-74.138735999999938,4.5706230000000687],[-74.139214999999979,4.5724200000000224],[-74.139247999999952,4.572573000000034],[-74.139262999999971,4.5727110000000266],[-74.139377999999965,4.57315600000004],[-74.13938799999994,4.573216000000059],[-74.139403999999956,4.5732600000000616],[-74.13951499999996,4.573784000000046],[-74.139540999999952,4.573882000000026],[-74.139820999999984,4.5750030000000379],[-74.139985999999965,4.5755470000000287],[-74.140170999999953,4.5759740000000306],[-74.140534999999943,4.576684000000057],[-74.140798999999959,4.5772030000000541],[-74.140836999999976,4.5772760000000403],[-74.140921999999989,4.5774320000000444],[-74.141272999999956,4.5781560000000354],[-74.141293999999959,4.5781930000000557],[-74.141309999999976,4.5782250000000317],[-74.141350999999986,4.5783150000000319],[-74.141414999999938,4.5784590000000662],[-74.141484999999989,4.5786280000000374],[-74.141572999999937,4.5788340000000289],[-74.141673999999966,4.579099000000042],[-74.141821999999934,4.5794690000000742],[-74.141861999999946,4.5795560000000251],[-74.14192399999996,4.5797470000000544],[-74.142024999999933,4.5800160000000574],[-74.142040717999976,4.5800561070000754]],[[-74.123321646999955,4.5216422740000439],[-74.12348899999995,4.5218320000000745],[-74.12367299999994,4.5220380000000659],[-74.123849999999948,4.5222370000000751],[-74.124022999999966,4.5224370000000249],[-74.124156999999968,4.5225940000000264],[-74.124484999999936,4.5229620000000637],[-74.124566288999972,4.5230534110000349]]]},"properties":{"OBJECTID":10,"OBJECTID_1":130,"RSPNRUTA":"ZP-P4-1","RSPCDEFINI":"ZP-P4","RSPDISTANC":21.367710110000001,"RSPDENOMIN":"PATIO BONITO - ALFONSO LIPEZ","RSPTRUTA":"PROVISIONAL","RSPORIGEN":"SUBA CENTRO","RSPDESTINO":"FONTIBON","RSPIRUTA":197,"SHAPELEN":21529.474544328201,"Shape_Length":0.06382486963918374}},{"type":"Feature","id":11,"geometry":{"type":"LineString","coordinates":[[-74.151514460999977,4.6023923920000698],[-74.151684999999986,4.6020880000000375],[-74.15181199999995,4.6018250000000762],[-74.15186099999994,4.6016980000000558],[-74.151941999999963,4.6015150000000631],[-74.152049999999974,4.6013240000000337],[-74.152185999999972,4.6011600000000499],[-74.152223999999933,4.6011300000000688],[-74.152285999999947,4.6010820000000763],[-74.152838999999972,4.6008500000000367],[-74.153099999999938,4.6007410000000277],[-74.153705999999943,4.6004980000000728],[-74.154094999999984,4.6003340000000321],[-74.15440099999995,4.6002060000000711],[-74.154768999999987,4.600052000000062],[-74.154887999999971,4.5999800000000732],[-74.155441999999937,4.5999700000000416],[-74.156309999999962,4.5999400000000605],[-74.156782999999962,4.599926000000039],[-74.157166999999959,4.5999030000000403],[-74.158307999999977,4.599864000000025],[-74.158679999999947,4.5998480000000654],[-74.158863999999937,4.5998380000000338],[-74.158975999999939,4.5998330000000465],[-74.159045999999989,4.599830000000054],[-74.159092595999937,4.5998281360000419]]},"properties":{"OBJECTID":11,"OBJECTID_1":39,"RSPNRUTA":"ZP-500-2","RSPCDEFINI":"ZP-500","RSPDISTANC":23.289129259999999,"RSPDENOMIN":"NUEVO CHILE - PUENTE ARANDA","RSPTRUTA":"PROVISIONAL","RSPORIGEN":"BOSA","RSPDESTINO":"FONTIBON","RSPIRUTA":71,"SHAPELEN":23420.4538360609,"Shape_Length":0.0085714157761624006}},{"type":"Feature","id":12,"geometry":{"type":"MultiLineString","coordinates":[[[-74.142434957999967,4.5800623920000589],[-74.142371999999966,4.579900000000066],[-74.142334999999946,4.5798090000000684],[-74.142259999999965,4.5796240000000239],[-74.142152999999951,4.5793430000000512],[-74.142016999999953,4.5789920000000279],[-74.141810999999961,4.5784550000000763],[-74.141609999999957,4.578008000000068],[-74.141426999999965,4.5776700000000687],[-74.141158999999959,4.5771230000000287],[-74.140853999999933,4.576526000000058],[-74.140757999999948,4.576575000000048],[-74.140627999999936,4.5766380000000595],[-74.140534999999943,4.576684000000057],[-74.139797999999985,4.577015000000074],[-74.139636999999937,4.5770820000000754],[-74.139382999999953,4.577192000000025],[-74.139314999999954,4.577220000000068],[-74.138960999999938,4.5773810000000594],[-74.138894999999934,4.5774090000000456],[-74.138667407999947,4.5775092950000271]],[[-74.120827265999935,4.5343825020000281],[-74.120825999999965,4.5343770000000632],[-74.120824302999949,4.5343738250000456]],[[-74.120394527999963,4.532750007000061],[-74.12041899999997,4.5327040000000238],[-74.12045999999998,4.5326350000000275],[-74.12046799999996,4.5326240000000553],[-74.120505999999978,4.5325730000000704],[-74.120578999999964,4.5324820000000727],[-74.120631999999944,4.5324200000000587],[-74.120665999999972,4.532382000000041],[-74.120691999999963,4.5323560000000498],[-74.120730999999978,4.5323210000000245],[-74.120787999999948,4.532273000000032],[-74.120822999999973,4.5322470000000408],[-74.12092199999995,4.5321780000000444],[-74.121060999999941,4.5320850000000519],[-74.121127999999942,4.5320370000000594],[-74.121176999999989,4.5319970000000467],[-74.121224999999981,4.5319470000000592],[-74.12124799999998,4.531921000000068],[-74.121265999999935,4.5318980000000693],[-74.121270999999979,4.5318910000000301],[-74.121299999999962,4.5318420000000401],[-74.121316999999976,4.5318080000000691],[-74.121328999999946,4.5317810000000236],[-74.12134599999996,4.5317400000000703],[-74.121360999999979,4.5316860000000361],[-74.12138299999998,4.5316040000000726],[-74.121403999999984,4.5315150000000699],[-74.121420999999941,4.5314310000000546],[-74.121433999999965,4.5313630000000558],[-74.12143999999995,4.5313070000000266],[-74.121446999999989,4.5312340000000404],[-74.121450999999979,4.5311890000000403],[-74.121452999999974,4.5311210000000415],[-74.121452999999974,4.5310810000000288],[-74.121450999999979,4.5310060000000476],[-74.121450999999979,4.5309420000000387],[-74.121450999999979,4.5307490000000712],[-74.121441999999945,4.5305380000000355],[-74.121436999999958,4.5301260000000525],[-74.121433999999965,4.5300520000000688],[-74.121432999999968,4.5299590000000762],[-74.12143199999997,4.5299110000000269],[-74.12143599999996,4.529651000000058],[-74.121433999999965,4.5295770000000743],[-74.121432999999968,4.5295530000000213],[-74.121424999999988,4.529495000000054],[-74.121421999999939,4.5294740000000502],[-74.121410999999966,4.5294220000000678],[-74.12139499999995,4.5293720000000235],[-74.121368999999959,4.5292990000000373],[-74.121348999999952,4.5292500000000473],[-74.121333999999933,4.5292140000000245],[-74.121069999999975,4.5286370000000602],[-74.121044999999981,4.5285760000000437],[-74.121048999999971,4.5285600000000272],[-74.121051999999963,4.5285410000000752],[-74.121051999999963,4.5285230000000638],[-74.121050999999966,4.5285150000000272],[-74.121046999999976,4.5285030000000575],[-74.120990999999947,4.5283870000000661],[-74.12083199999995,4.5280460000000744],[-74.120802999999967,4.5279900000000453],[-74.120487005999962,4.5276889470000583]]]},"properties":{"OBJECTID":12,"OBJECTID_1":225,"RSPNRUTA":"ZP-P27-2","RSPCDEFINI":"ZP-P27","RSPDISTANC":25.827760699999999,"RSPDENOMIN":"BELLA VISTA - TERMINAL DE TRANSPORTE","RSPTRUTA":"PROVISIONAL","RSPORIGEN":"USME","RSPDESTINO":"FONTIBON","RSPIRUTA":313,"SHAPELEN":26058.407849458101,"Shape_Length":0.012028728113962852}},{"type":"Feature","id":13,"geometry":{"type":"LineString","coordinates":[[-74.169223999999986,4.5662830000000554],[-74.16914399999996,4.566278000000068],[-74.169001999999978,4.566327000000058],[-74.16888199999994,4.5664530000000241],[-74.168678999999941,4.5666560000000231],[-74.168515999999954,4.5668700000000513],[-74.168422999999962,4.5669770000000653],[-74.168317999999942,4.5670620000000213],[-74.16825799999998,4.5671090000000731],[-74.167980999999941,4.5672660000000747],[-74.16765399999997,4.5673150000000646],[-74.167140999999958,4.5673490000000356],[-74.167016999999987,4.5673500000000331],[-74.166950999999983,4.5673410000000558],[-74.166589999999985,4.5671600000000581],[-74.166472999999939,4.5671080000000757],[-74.166417999999965,4.567147000000034],[-74.166100999999969,4.5677600000000211],[-74.166070999999988,4.567809000000068],[-74.165996999999948,4.5679330000000391],[-74.165910999999937,4.5680090000000746],[-74.165639999999939,4.568012000000067],[-74.165378999999973,4.5679910000000632],[-74.16510599999998,4.5679660000000695],[-74.164823999999953,4.5679320000000416],[-74.164309999999944,4.5679350000000341],[-74.163972999999942,4.5680150000000594],[-74.163453999999945,4.5682120000000737],[-74.163403999999957,4.568234000000075],[-74.163123999999982,4.568328000000065],[-74.163111999999956,4.5682840000000624],[-74.162966999999981,4.5683340000000499],[-74.162759999999935,4.5683940000000689],[-74.162443999999937,4.568439000000069],[-74.162046999999973,4.5684930000000463],[-74.16173299999997,4.5685400000000413],[-74.16112099999998,4.5686260000000516],[-74.160379999999975,4.5686570000000302],[-74.159709999999961,4.568678000000034],[-74.159235999999964,4.568629000000044],[-74.159097999999972,4.5686110000000326],[-74.158950999999945,4.5686250000000541],[-74.158810999999957,4.5686800000000289],[-74.158737999999971,4.5687670000000367],[-74.158686999999986,4.568834000000038],[-74.158513999999968,4.5692130000000475],[-74.158494999999959,4.5692810000000463],[-74.158460999999988,4.5696130000000608],[-74.158435999999938,4.5700250000000437],[-74.158395999999982,4.5702850000000694],[-74.158348999999987,4.5704910000000609],[-74.158302999999989,4.5706160000000295],[-74.158135999999956,4.5708770000000527],[-74.158033999999986,4.570995000000039],[-74.157908999999961,4.5710880000000316],[-74.157819999999958,4.5711350000000266],[-74.157672999999988,4.5711350000000266],[-74.157590999999968,4.5711090000000354],[-74.157560999999987,4.5710970000000657],[-74.157040999999936,4.5709000000000515],[-74.156998999999985,4.5708820000000401],[-74.156512999999961,4.5706680000000688],[-74.156412999999986,4.5704680000000621],[-74.156245999999953,4.5701160000000414],[-74.156038999999964,4.5699600000000373],[-74.15597299999996,4.5699350000000436],[-74.155928999999958,4.5699190000000272],[-74.15562099999994,4.5698980000000233],[-74.155335999999977,4.5699080000000549],[-74.155131999999981,4.5699120000000448],[-74.155029999999954,4.5698750000000246],[-74.154774999999972,4.5697530000000484],[-74.154673999999943,4.5696610000000533],[-74.154646999999954,4.5696100000000683],[-74.154626999999948,4.5695200000000682],[-74.15464099999997,4.5694200000000365],[-74.154683999999975,4.5693260000000464],[-74.154704999999979,4.5692940000000704],[-74.154741999999942,4.5692600000000425],[-74.154935999999964,4.569225000000074],[-74.155178999999976,4.5692750000000615],[-74.155267999999978,4.5692860000000337],[-74.155403999999976,4.5692520000000627],[-74.155450999999971,4.5692150000000424],[-74.155495999999971,4.5691560000000209],[-74.155521999999962,4.5690490000000636],[-74.155515999999977,4.5689370000000622],[-74.15546999999998,4.5688580000000343],[-74.155369999999948,4.5687910000000329],[-74.155167999999946,4.5687820000000556],[-74.154923999999937,4.5687900000000354],[-74.154814999999985,4.5687920000000304],[-74.154695999999944,4.568802000000062],[-74.154520999999988,4.5688290000000507],[-74.154357999999945,4.5689330000000723],[-74.154218999999955,4.5690600000000359],[-74.154041999999947,4.5692280000000665],[-74.153998999999942,4.569383000000073],[-74.153998999999942,4.5694360000000529],[-74.15404099999995,4.5695920000000569],[-74.154152999999951,4.5697860000000219],[-74.154166999999973,4.569810000000075],[-74.154207999999983,4.569893000000036],[-74.15425399999998,4.5700870000000577],[-74.15425799999997,4.5701810000000478],[-74.154273999999987,4.5704220000000646],[-74.154267999999945,4.5706260000000611],[-74.154284999999959,4.5706850000000259],[-74.154338999999936,4.5707850000000576],[-74.154417999999964,4.5708710000000679],[-74.154560999999944,4.5709730000000377],[-74.154713999999956,4.5711200000000645],[-74.154743999999937,4.5711960000000431],[-74.154751999999974,4.571249000000023],[-74.154742999999939,4.5713190000000736],[-74.154740999999945,4.5713280000000509],[-74.154716999999948,4.571407000000022],[-74.154656999999986,4.5714840000000549],[-74.154572999999971,4.5715460000000689],[-74.154482999999971,4.5715730000000576],[-74.154420999999957,4.5715770000000475],[-74.154356999999948,4.571565000000021],[-74.15425399999998,4.5715080000000512],[-74.154178999999942,4.5714190000000485],[-74.154121999999973,4.5712390000000482],[-74.154093999999986,4.571151000000043],[-74.154046999999935,4.5710580000000505],[-74.15398399999998,4.5709750000000327],[-74.153816999999947,4.5707420000000525],[-74.153647999999976,4.5705020000000331],[-74.153506999999934,4.5702590000000214],[-74.153487999999982,4.5702120000000264],[-74.153468999999973,4.5700720000000388],[-74.153431999999952,4.5699830000000361],[-74.153327999999988,4.5698860000000536],[-74.153280999999936,4.5698650000000498],[-74.153165999999942,4.5698770000000764],[-74.153088999999966,4.5699080000000549],[-74.152998999999966,4.5699580000000424],[-74.152977999999962,4.5699920000000702],[-74.152902999999981,4.5702020000000516],[-74.152641999999958,4.5705590000000598],[-74.152435999999966,4.5708720000000653],[-74.152320999999972,4.5710780000000568],[-74.152310999999941,4.5711250000000518],[-74.151878999999951,4.5713210000000686],[-74.15177099999994,4.5715060000000562],[-74.151634999999942,4.5717060000000629],[-74.151497999999947,4.5719080000000645],[-74.151301999999987,4.572208000000046],[-74.15124499999996,4.5723540000000753],[-74.151395999999977,4.5724720000000616],[-74.151463999999976,4.5725180000000591],[-74.151559999999961,4.5725820000000681],[-74.151886999999988,4.5728170000000432],[-74.15198399999997,4.5728850000000421],[-74.152211999999963,4.5730440000000385],[-74.152442999999948,4.573216000000059],[-74.152696999999989,4.5734130000000732],[-74.153009999999938,4.5736620000000698],[-74.153046999999958,4.573688000000061],[-74.153082999999981,4.5737250000000245],[-74.153309999999976,4.5739380000000551],[-74.153527999999937,4.5741500000000315],[-74.153577999999982,4.5742060000000606],[-74.153648999999973,4.5742840000000342],[-74.153682999999944,4.5743190000000595],[-74.153734999999983,4.5743780000000243],[-74.153816999999947,4.5744710000000737],[-74.153847999999982,4.5745050000000447],[-74.15413499999994,4.5748500000000263],[-74.154324999999972,4.575095000000033],[-74.154500999999982,4.5753450000000271],[-74.154653999999937,4.5755710000000249],[-74.154789999999934,4.5757860000000505],[-74.15483299999994,4.5758550000000469],[-74.154993999999988,4.5761370000000738],[-74.155144999999948,4.5764180000000465],[-74.155168999999944,4.5764620000000491],[-74.155286999999987,4.5766810000000646],[-74.155528999999945,4.5771390000000451],[-74.155664999999942,4.5773910000000342],[-74.155695999999978,4.577442000000076],[-74.15578899999997,4.5776050000000623],[-74.155861999999956,4.5777370000000701],[-74.155977999999948,4.5779540000000338],[-74.155990999999972,4.5779770000000326],[-74.156016999999963,4.5780180000000428],[-74.156081999999969,4.5781230000000619],[-74.156143999999983,4.5782480000000305],[-74.156164999999987,4.578296000000023],[-74.156208999999933,4.578388000000075],[-74.156352999999967,4.578689000000054],[-74.156373999999971,4.5787270000000717],[-74.156702999999936,4.5793380000000639],[-74.156928999999934,4.5797870000000671],[-74.156966999999952,4.5798440000000369],[-74.157012999999949,4.5799170000000231],[-74.157052999999962,4.5799690000000624],[-74.157027999999968,4.58006000000006],[-74.157015999999942,4.58010500000006],[-74.157014999999944,4.5801130000000398],[-74.157014999999944,4.5801370000000361],[-74.157011999999952,4.5801640000000248],[-74.157005999999967,4.58020300000004],[-74.15700499999997,4.5802120000000741],[-74.156990999999948,4.5802590000000691],[-74.156972999999937,4.5803040000000692],[-74.156946999999946,4.5803510000000642],[-74.156918999999959,4.5803910000000201],[-74.156884999999988,4.5804260000000454],[-74.156871999999964,4.580438000000072],[-74.156845999999973,4.5804600000000733],[-74.156839999999988,4.5804660000000581],[-74.156811999999945,4.5805080000000657],[-74.156786999999952,4.5805440000000317],[-74.155371999999943,4.580786000000046],[-74.153727999999944,4.5810610000000338],[-74.153371999999933,4.5810810000000401],[-74.15301999999997,4.581068000000073],[-74.152931999999964,4.5810550000000489],[-74.152790999999979,4.5810350000000426],[-74.152729999999963,4.5810250000000678],[-74.152686999999958,4.5810160000000337],[-74.152565999999979,4.5809920000000375],[-74.152500999999972,4.580976000000021],[-74.152434999999969,4.580959000000064],[-74.152358999999933,4.5809370000000627],[-74.152280999999959,4.5809130000000664],[-74.152179999999987,4.5808790000000386],[-74.15199199999995,4.5808100000000422],[-74.151909999999987,4.5807780000000662],[-74.151882999999941,4.5807660000000396],[-74.151798999999983,4.5807330000000661],[-74.151763999999957,4.5807190000000446],[-74.151718999999957,4.5807030000000282],[-74.151606999999956,4.580660000000023],[-74.151598999999976,4.5806570000000306],[-74.151451999999949,4.5805990000000634],[-74.151266999999962,4.5805290000000696],[-74.151167999999984,4.5804900000000544],[-74.151130999999964,4.5804780000000278],[-74.14961599999998,4.579887000000042],[-74.147986999999944,4.5792270000000599],[-74.147190999999964,4.5789190000000417],[-74.146228999999948,4.5785120000000461],[-74.145726999999965,4.5783380000000307],[-74.145438999999953,4.5782910000000356],[-74.145111999999983,4.578296000000023],[-74.144787999999949,4.5783670000000711],[-74.144614999999988,4.578433000000075],[-74.144464999999968,4.5785110000000486],[-74.144183999999939,4.5787020000000211],[-74.143386999999962,4.5792910000000688],[-74.143348999999944,4.57931700000006],[-74.143265999999983,4.579381000000069],[-74.143206999999961,4.5794260000000691],[-74.143191999999942,4.5794390000000362],[-74.143177999999978,4.5794520000000603],[-74.143166999999949,4.57946400000003],[-74.143073999999956,4.5795480000000452],[-74.143030999999951,4.5795940000000428],[-74.143002999999965,4.5796280000000706],[-74.142928999999981,4.5797350000000279],[-74.142880999999988,4.5798000000000343],[-74.14280599999995,4.5798980000000711],[-74.142794999999978,4.5799120000000357],[-74.142698999999936,4.5800250000000347],[-74.142677037999988,4.5800494020000428]]},"properties":{"OBJECTID":13,"OBJECTID_1":123,"RSPNRUTA":"ZP-850-2","RSPCDEFINI":"ZP-850","RSPDISTANC":30.843109129999998,"RSPDENOMIN":"AURES II - ARBORIZADORA ALTA","RSPTRUTA":"PROVISIONAL","RSPORIGEN":"CIUDAD BOLIVAR","RSPDESTINO":"SUBA CENTRO","RSPIRUTA":186,"SHAPELEN":31057.734650369199,"Shape_Length":0.055127853890967679}},{"type":"Feature","id":14,"geometry":{"type":"LineString","coordinates":[[-74.142830825999965,4.5800300940000511],[-74.142932999999971,4.5799270000000547],[-74.142999999999972,4.5798510000000761],[-74.143020999999976,4.579827000000023],[-74.143038999999987,4.5798040000000242],[-74.143054999999947,4.579776000000038],[-74.143083999999988,4.5797200000000657],[-74.143113999999969,4.5796630000000391],[-74.143117999999959,4.5796550000000593],[-74.14314399999995,4.579618000000039],[-74.143195999999989,4.5795660000000566],[-74.143214999999941,4.5795590000000743],[-74.143230999999957,4.5795510000000377],[-74.14323799999994,4.5795460000000503],[-74.143249999999966,4.5795350000000212],[-74.14332799999994,4.579477000000054],[-74.143424999999979,4.5794160000000375],[-74.143502999999953,4.5793480000000386],[-74.14438599999994,4.5786950000000388],[-74.144591999999989,4.5785680000000752],[-74.144814999999937,4.5784760000000233],[-74.144998999999984,4.5784280000000308],[-74.145209999999963,4.5784010000000421],[-74.145430999999974,4.5784040000000346],[-74.145437999999956,4.5784040000000346],[-74.145637999999963,4.5784340000000725],[-74.145853999999986,4.5784980000000246],[-74.147183999999982,4.5790100000000393],[-74.149583999999948,4.5799630000000207],[-74.151095999999939,4.5805710000000204],[-74.151189999999986,4.5806080000000406],[-74.151214999999979,4.5806180000000722],[-74.151220999999964,4.5806220000000621],[-74.151419999999973,4.5807010000000332],[-74.151501999999937,4.5807350000000611],[-74.151509999999973,4.5807380000000535],[-74.151568999999938,4.5807510000000207],[-74.151573999999982,4.580752000000075],[-74.151643999999976,4.5807820000000561],[-74.151653999999951,4.5807900000000359],[-74.151666999999975,4.580801000000065],[-74.151674999999955,4.5808050000000549],[-74.151681999999937,4.5808090000000448],[-74.151723999999945,4.5808250000000612],[-74.152110999999934,4.5809750000000236],[-74.152398999999946,4.5810650000000237],[-74.152655999999979,4.5811240000000453],[-74.15300899999994,4.5811780000000226],[-74.153403999999966,4.5811910000000466],[-74.153739999999971,4.5811720000000378],[-74.153818999999942,4.581162000000063],[-74.153862999999944,4.5811560000000213],[-74.153953999999942,4.5811430000000541],[-74.154365999999982,4.5810730000000603],[-74.154506999999967,4.5810480000000666],[-74.154765999999938,4.5810050000000615],[-74.155092999999965,4.5809480000000349],[-74.155260999999939,4.5809180000000538],[-74.15533499999998,4.5809040000000323],[-74.155393999999944,4.5808900000000676],[-74.155431999999962,4.5808860000000209],[-74.155651999999975,4.5808500000000549],[-74.156113999999945,4.5807700000000295],[-74.156152999999961,4.5807640000000447],[-74.156610999999941,4.5806860000000711],[-74.156703999999934,4.5806670000000622],[-74.156833999999947,4.580641000000071],[-74.156852999999956,4.5806370000000243],[-74.157114999999976,4.5805930000000217],[-74.157239999999945,4.5805690000000254],[-74.157253999999966,4.5805670000000305],[-74.157304999999951,4.580564000000038],[-74.157362999999975,4.5805520000000683],[-74.157523999999967,4.5805350000000544],[-74.157476999999972,4.5804360000000202],[-74.157476999999972,4.5804350000000227],[-74.157472999999982,4.5804260000000454],[-74.157471999999984,4.580423000000053],[-74.157448999999986,4.5803640000000314],[-74.15731599999998,4.5801010000000701],[-74.157292999999981,4.580058000000065],[-74.157099999999957,4.5796990000000619],[-74.156856999999945,4.5792540000000486],[-74.156520999999941,4.5786530000000312],[-74.156489999999962,4.5785940000000664],[-74.156309999999962,4.5782540000000722],[-74.156278999999984,4.578200000000038],[-74.156252999999936,4.5781620000000203],[-74.156240999999966,4.5781410000000733],[-74.156233999999984,4.5781320000000392],[-74.156196999999963,4.5780590000000529],[-74.156173999999965,4.5780000000000314],[-74.156168999999977,4.5779840000000718],[-74.156155999999953,4.5779430000000616],[-74.156139999999937,4.5779000000000565],[-74.156116999999938,4.5778510000000665],[-74.156058999999971,4.5777390000000651],[-74.155973999999958,4.5775800000000686],[-74.155828999999983,4.5773090000000707],[-74.155496999999968,4.5766850000000545],[-74.15537299999994,4.5764550000000668],[-74.155331999999987,4.5763770000000363],[-74.155309999999986,4.5763340000000312],[-74.155155999999977,4.5760510000000636],[-74.154987999999946,4.5757610000000568],[-74.154948999999988,4.5756990000000428],[-74.154831999999942,4.5755160000000501],[-74.154665999999963,4.5752570000000219],[-74.154466999999954,4.5749880000000758],[-74.154282999999964,4.5747510000000489],[-74.153989999999965,4.5743880000000559],[-74.153632999999957,4.574004000000059],[-74.153160999999955,4.5735520000000633],[-74.153076999999939,4.5734770000000253],[-74.152863999999965,4.5732980000000225],[-74.152626999999939,4.57310700000005],[-74.152585999999985,4.5730750000000739],[-74.152437999999961,4.57296400000007],[-74.152403999999933,4.5729370000000245],[-74.152352999999948,4.5729010000000585],[-74.152198999999939,4.5727940000000444],[-74.152049999999974,4.5726940000000695],[-74.151936999999975,4.5726210000000265],[-74.151900999999953,4.5726000000000226],[-74.151834999999949,4.5725600000000668],[-74.15166499999998,4.5724450000000729],[-74.151515999999958,4.5723430000000462],[-74.151301999999987,4.572208000000046],[-74.151497999999947,4.5719080000000645],[-74.151634999999942,4.5717060000000629],[-74.15177099999994,4.5715060000000562],[-74.151878999999951,4.5713210000000686],[-74.152310999999941,4.5711250000000518],[-74.152320999999972,4.5710780000000568],[-74.152435999999966,4.5708720000000653],[-74.152641999999958,4.5705590000000598],[-74.152902999999981,4.5702020000000516],[-74.152977999999962,4.5699920000000702],[-74.152998999999966,4.5699580000000424],[-74.153088999999966,4.5699080000000549],[-74.153165999999942,4.5698770000000764],[-74.153280999999936,4.5698650000000498],[-74.153327999999988,4.5698860000000536],[-74.153431999999952,4.5699830000000361],[-74.153468999999973,4.5700720000000388],[-74.153487999999982,4.5702120000000264],[-74.153506999999934,4.5702590000000214],[-74.153647999999976,4.5705020000000331],[-74.153816999999947,4.5707420000000525],[-74.15398399999998,4.5709750000000327],[-74.154046999999935,4.5710580000000505],[-74.154093999999986,4.571151000000043],[-74.154121999999973,4.5712390000000482],[-74.154178999999942,4.5714190000000485],[-74.15425399999998,4.5715080000000512],[-74.154356999999948,4.571565000000021],[-74.154420999999957,4.5715770000000475],[-74.154482999999971,4.5715730000000576],[-74.154572999999971,4.5715460000000689],[-74.154656999999986,4.5714840000000549],[-74.154716999999948,4.571407000000022],[-74.154740999999945,4.5713280000000509],[-74.154742999999939,4.5713190000000736],[-74.154751999999974,4.571249000000023],[-74.154743999999937,4.5711960000000431],[-74.154713999999956,4.5711200000000645],[-74.154560999999944,4.5709730000000377],[-74.154417999999964,4.5708710000000679],[-74.154338999999936,4.5707850000000576],[-74.154284999999959,4.5706850000000259],[-74.154267999999945,4.5706260000000611],[-74.154273999999987,4.5704220000000646],[-74.15425799999997,4.5701810000000478],[-74.15425399999998,4.5700870000000577],[-74.154207999999983,4.569893000000036],[-74.154166999999973,4.569810000000075],[-74.154152999999951,4.5697860000000219],[-74.15404099999995,4.5695920000000569],[-74.153998999999942,4.5694360000000529],[-74.153998999999942,4.569383000000073],[-74.154041999999947,4.5692280000000665],[-74.154218999999955,4.5690600000000359],[-74.154357999999945,4.5689330000000723],[-74.154520999999988,4.5688290000000507],[-74.154695999999944,4.568802000000062],[-74.154814999999985,4.5687920000000304],[-74.154923999999937,4.5687900000000354],[-74.155167999999946,4.5687820000000556],[-74.155369999999948,4.5687910000000329],[-74.15546999999998,4.5688580000000343],[-74.155515999999977,4.5689370000000622],[-74.155521999999962,4.5690490000000636],[-74.155495999999971,4.5691560000000209],[-74.155450999999971,4.5692150000000424],[-74.155403999999976,4.5692520000000627],[-74.155267999999978,4.5692860000000337],[-74.155178999999976,4.5692750000000615],[-74.154935999999964,4.569225000000074],[-74.154741999999942,4.5692600000000425],[-74.154704999999979,4.5692940000000704],[-74.154683999999975,4.5693260000000464],[-74.15464099999997,4.5694200000000365],[-74.154626999999948,4.5695200000000682],[-74.154646999999954,4.5696100000000683],[-74.154673999999943,4.5696610000000533],[-74.154774999999972,4.5697530000000484],[-74.155029999999954,4.5698750000000246],[-74.155131999999981,4.5699120000000448],[-74.155335999999977,4.5699080000000549],[-74.15562099999994,4.5698980000000233],[-74.155928999999958,4.5699190000000272],[-74.15597299999996,4.5699350000000436],[-74.156038999999964,4.5699600000000373],[-74.156245999999953,4.5701160000000414],[-74.156412999999986,4.5704680000000621],[-74.156512999999961,4.5706680000000688],[-74.156547999999987,4.570741000000055],[-74.15662999999995,4.5709920000000466],[-74.15662999999995,4.5711740000000418],[-74.156567999999936,4.5712920000000281],[-74.156513999999959,4.5714600000000587],[-74.156512999999961,4.5715320000000474],[-74.156519999999944,4.5716230000000451],[-74.156559999999956,4.5717380000000389],[-74.15658899999994,4.5718170000000669],[-74.15667099999996,4.5719930000000204],[-74.156802999999968,4.5722490000000562],[-74.156856999999945,4.5722980000000462],[-74.156918999999959,4.572332000000074],[-74.156972999999937,4.5723330000000715],[-74.157142999999962,4.5723100000000727],[-74.157205999999974,4.5723500000000286],[-74.157398999999941,4.5725810000000706],[-74.157517999999982,4.5727280000000405],[-74.157566999999972,4.5728000000000293],[-74.157773999999961,4.5730550000000676],[-74.158240999999975,4.5726990000000569],[-74.158705999999938,4.5723400000000538],[-74.158788999999956,4.572272000000055],[-74.158828999999969,4.5722510000000511],[-74.159078999999963,4.5721170000000484],[-74.159397999999953,4.5718400000000656],[-74.159615999999971,4.5718310000000315],[-74.159721999999988,4.5717870000000289],[-74.159833999999989,4.5717320000000541],[-74.159950999999978,4.5716440000000489],[-74.159977999999967,4.5716080000000261],[-74.159991999999988,4.5715580000000386],[-74.159988999999939,4.5715120000000411],[-74.15991299999996,4.5714190000000485],[-74.159820999999965,4.5713220000000661],[-74.159792999999979,4.5712950000000205],[-74.15972499999998,4.5712310000000684],[-74.159645999999952,4.5711350000000266],[-74.15955699999995,4.5709310000000301],[-74.159587999999985,4.5707790000000728],[-74.159602999999947,4.5707160000000613],[-74.159656999999982,4.5705810000000611],[-74.159694999999942,4.5705080000000748],[-74.15982299999996,4.5703200000000379],[-74.159864999999968,4.5702620000000707],[-74.16005599999994,4.570034000000021],[-74.160098999999946,4.57000000000005],[-74.160155999999972,4.5699770000000512],[-74.160195999999985,4.5699730000000613],[-74.160271999999964,4.5699750000000563],[-74.160412999999949,4.5700080000000298],[-74.160456999999951,4.5700250000000437],[-74.160550999999941,4.5700590000000716],[-74.160685999999941,4.5700770000000261],[-74.16084399999994,4.5700800000000754],[-74.161035999999967,4.5700680000000489],[-74.161140999999986,4.5700660000000539],[-74.161171999999965,4.570062000000064],[-74.161876999999947,4.5700400000000627],[-74.162583999999981,4.5699820000000386],[-74.163293999999951,4.5699350000000436],[-74.163965999999959,4.5699100000000499],[-74.164610999999979,4.5698830000000612],[-74.16470099999998,4.5698740000000271],[-74.165366999999947,4.569831000000022],[-74.165407999999957,4.5698320000000763],[-74.165423999999973,4.5700900000000502],[-74.165427999999963,4.5701950000000693],[-74.165437999999938,4.5704190000000722],[-74.165441999999985,4.5705190000000471],[-74.16608599999995,4.5704860000000735],[-74.166155999999944,4.5704880000000685],[-74.166198999999949,4.570474000000047],[-74.166437999999971,4.5704600000000255],[-74.166454999999985,4.5706830000000309],[-74.166466999999955,4.570775000000026],[-74.166483999999969,4.5710030000000756],[-74.166477999999984,4.5710870000000341],[-74.166449999999941,4.5714020000000346],[-74.166455999999982,4.5716770000000224],[-74.16646499999996,4.57172300000002],[-74.166480999999976,4.571988000000033],[-74.166481999999974,4.5720320000000356],[-74.167046999999968,4.5720130000000268],[-74.167148999999938,4.5719490000000746],[-74.16725699999995,4.5718610000000695],[-74.167284999999936,4.5718250000000467],[-74.167439999999942,4.5720220000000609],[-74.167471999999975,4.5720640000000685],[-74.167655999999965,4.5722580000000335],[-74.167682999999954,4.5722920000000613],[-74.167628999999977,4.572353000000021],[-74.167470999999978,4.5724890000000755],[-74.167037999999934,4.5729150000000232]]},"properties":{"OBJECTID":14,"OBJECTID_1":241,"RSPNRUTA":"ZP-850A-1","RSPCDEFINI":"ZP-850A","RSPDISTANC":32.131141659999997,"RSPDENOMIN":"AURES II - TRES ESQUINAS","RSPTRUTA":"PROVISIONAL","RSPORIGEN":"CIUDAD BOLIVAR","RSPDESTINO":"SUBA CENTRO","RSPIRUTA":329,"SHAPELEN":32170.849854031399,"Shape_Length":0.058657594789062989}},{"type":"Feature","id":15,"geometry":{"type":"LineString","coordinates":[[-74.142830825999965,4.5800300940000511],[-74.142932999999971,4.5799270000000547],[-74.142999999999972,4.5798510000000761],[-74.143020999999976,4.579827000000023],[-74.143038999999987,4.5798040000000242],[-74.143054999999947,4.579776000000038],[-74.143083999999988,4.5797200000000657],[-74.143113999999969,4.5796630000000391],[-74.143117999999959,4.5796550000000593],[-74.14314399999995,4.579618000000039],[-74.143195999999989,4.5795660000000566],[-74.143214999999941,4.5795590000000743],[-74.143230999999957,4.5795510000000377],[-74.14323799999994,4.5795460000000503],[-74.143249999999966,4.5795350000000212],[-74.14332799999994,4.579477000000054],[-74.143424999999979,4.5794160000000375],[-74.143502999999953,4.5793480000000386],[-74.14438599999994,4.5786950000000388],[-74.144591999999989,4.5785680000000752],[-74.144814999999937,4.5784760000000233],[-74.144998999999984,4.5784280000000308],[-74.145209999999963,4.5784010000000421],[-74.145430999999974,4.5784040000000346],[-74.145437999999956,4.5784040000000346],[-74.145637999999963,4.5784340000000725],[-74.145853999999986,4.5784980000000246],[-74.147183999999982,4.5790100000000393],[-74.149583999999948,4.5799630000000207],[-74.151095999999939,4.5805710000000204],[-74.151189999999986,4.5806080000000406],[-74.151214999999979,4.5806180000000722],[-74.151220999999964,4.5806220000000621],[-74.151419999999973,4.5807010000000332],[-74.151501999999937,4.5807350000000611],[-74.151509999999973,4.5807380000000535],[-74.151568999999938,4.5807510000000207],[-74.151573999999982,4.580752000000075],[-74.151643999999976,4.5807820000000561],[-74.151653999999951,4.5807900000000359],[-74.151666999999975,4.580801000000065],[-74.151674999999955,4.5808050000000549],[-74.151681999999937,4.5808090000000448],[-74.151723999999945,4.5808250000000612],[-74.152110999999934,4.5809750000000236],[-74.152398999999946,4.5810650000000237],[-74.152655999999979,4.5811240000000453],[-74.15300899999994,4.5811780000000226],[-74.153403999999966,4.5811910000000466],[-74.153739999999971,4.5811720000000378],[-74.153818999999942,4.581162000000063],[-74.153862999999944,4.5811560000000213],[-74.153953999999942,4.5811430000000541],[-74.154365999999982,4.5810730000000603],[-74.154506999999967,4.5810480000000666],[-74.154765999999938,4.5810050000000615],[-74.155092999999965,4.5809480000000349],[-74.155260999999939,4.5809180000000538],[-74.15533499999998,4.5809040000000323],[-74.155393999999944,4.5808900000000676],[-74.155431999999962,4.5808860000000209],[-74.155651999999975,4.5808500000000549],[-74.156113999999945,4.5807700000000295],[-74.156152999999961,4.5807640000000447],[-74.156610999999941,4.5806860000000711],[-74.156703999999934,4.5806670000000622],[-74.156833999999947,4.580641000000071],[-74.156852999999956,4.5806370000000243],[-74.157114999999976,4.5805930000000217],[-74.157239999999945,4.5805690000000254],[-74.157253999999966,4.5805670000000305],[-74.157304999999951,4.580564000000038],[-74.157362999999975,4.5805520000000683],[-74.157523999999967,4.5805350000000544],[-74.157588999999973,4.5805230000000279],[-74.157622999999944,4.5805140000000506],[-74.157634999999971,4.5805130000000531],[-74.157869999999946,4.5804730000000404],[-74.158089999999959,4.5804350000000227],[-74.158228999999949,4.5804110000000264],[-74.158566999999948,4.5803560000000516],[-74.158763999999962,4.5803190000000313],[-74.159211999999968,4.5802410000000577],[-74.159585999999933,4.5801780000000463],[-74.15964299999996,4.5801650000000222],[-74.159712999999954,4.5801510000000576],[-74.159774999999968,4.5801440000000753],[-74.159860999999978,4.5801280000000588],[-74.15996599999994,4.5801180000000272],[-74.160039999999981,4.5801090000000499],[-74.160125999999934,4.5801010000000701],[-74.160219999999981,4.5801100000000474],[-74.16034499999995,4.5801400000000285],[-74.160425999999973,4.580167000000074],[-74.160486999999989,4.5801940000000627],[-74.160580999999979,4.5802450000000476],[-74.160690999999986,4.5803330000000528],[-74.160819999999944,4.5804990000000316],[-74.161205999999936,4.581164000000058],[-74.161291999999946,4.5812800000000493],[-74.161414999999977,4.5814090000000647],[-74.16154899999998,4.5815180000000737],[-74.161700999999937,4.5816120000000637],[-74.162268999999981,4.5818720000000326],[-74.162558999999987,4.5820090000000278],[-74.162719999999979,4.5821460000000229],[-74.162840999999958,4.5822930000000497],[-74.162926999999968,4.5824570000000335],[-74.162977999999953,4.5826220000000717],[-74.162996999999962,4.5828530000000569],[-74.162944999999979,4.5836000000000467],[-74.162948999999969,4.5836910000000444],[-74.162972999999965,4.5837880000000268],[-74.163043999999957,4.5838980000000333],[-74.163142999999934,4.5839710000000764],[-74.163244999999961,4.5840060000000449],[-74.163366999999937,4.5840260000000512],[-74.163508999999976,4.5840130000000272],[-74.163658999999939,4.5839610000000448],[-74.163888999999983,4.5838620000000674],[-74.164107999999942,4.5837720000000672],[-74.16436699999997,4.5836540000000241],[-74.164506999999958,4.5835710000000631],[-74.164625999999942,4.5834700000000339],[-74.164728999999966,4.5833740000000489],[-74.164809999999989,4.583274000000074],[-74.164908999999966,4.5831140000000232],[-74.165115999999955,4.582644000000073],[-74.165400999999974,4.5819080000000554],[-74.165529999999933,4.5814480000000231],[-74.165922999999964,4.5794240000000741],[-74.165971999999954,4.5792050000000586],[-74.166038999999955,4.579003000000057],[-74.166091999999935,4.5789150000000518],[-74.16623199999998,4.5787420000000338],[-74.166492999999946,4.5784590000000662],[-74.166702999999984,4.5782260000000292],[-74.166861999999981,4.5780130000000554],[-74.166957999999966,4.5777710000000411],[-74.166987999999947,4.5775940000000332],[-74.166992999999934,4.577487000000076],[-74.167029999999954,4.5774370000000317],[-74.167086999999981,4.5773860000000468],[-74.167134999999973,4.5773690000000329],[-74.167169999999942,4.5773580000000607],[-74.167200999999977,4.5773520000000758],[-74.167239999999936,4.5773560000000657],[-74.167294999999967,4.5773740000000203],[-74.167543999999964,4.5775980000000231],[-74.167615999999953,4.5777790000000209],[-74.167639999999949,4.5779320000000325],[-74.16766199999995,4.5780630000000428],[-74.167678999999964,4.5781820000000266],[-74.167769999999962,4.57843500000007],[-74.167889999999943,4.5785240000000726],[-74.168177999999955,4.5786470000000463],[-74.16830299999998,4.5786690000000476],[-74.168631999999945,4.5786780000000249],[-74.168825999999967,4.5786960000000363],[-74.169042999999988,4.5787170000000401],[-74.169107999999937,4.5787460000000237],[-74.16919299999995,4.5787740000000667],[-74.169377999999938,4.5788750000000391],[-74.169436999999959,4.5788950000000455],[-74.169629999999984,4.5789790000000608],[-74.169895999999937,4.5791240000000357],[-74.170030999999938,4.57922300000007],[-74.170200999999963,4.5793370000000664],[-74.170259999999985,4.5793870000000538],[-74.170419999999979,4.579475000000059],[-74.170566999999949,4.5794320000000539],[-74.170673999999963,4.5793700000000399],[-74.170788999999957,4.5792260000000624],[-74.170822999999984,4.5790850000000205],[-74.170806999999968,4.5789370000000531],[-74.170769999999948,4.5788590000000227],[-74.170740999999964,4.5787970000000655],[-74.17054399999995,4.5786920000000464],[-74.170505999999989,4.5786850000000641],[-74.170447999999965,4.5786810000000742],[-74.170395999999982,4.5786820000000716],[-74.170344999999941,4.5786840000000666],[-74.17026599999997,4.5786860000000615],[-74.170212999999933,4.5786900000000514],[-74.170150999999976,4.5786980000000312],[-74.170023999999955,4.5786980000000312],[-74.169937999999945,4.5786980000000312],[-74.169828999999936,4.5786560000000236],[-74.169817999999964,4.5786420000000589],[-74.169666999999947,4.5784450000000447],[-74.169502999999963,4.5781980000000431],[-74.169299999999964,4.5778920000000198],[-74.169201999999984,4.5777320000000259],[-74.169118999999966,4.5774130000000355],[-74.169104999999945,4.5773890000000392],[-74.16906199999994,4.5772840000000201],[-74.16906199999994,4.5771550000000616],[-74.169046999999978,4.5768960000000334],[-74.16895599999998,4.5767740000000572],[-74.169157999999982,4.5768750000000296],[-74.169423999999935,4.57704700000005],[-74.169585999999981,4.5771570000000565],[-74.16971499999994,4.5772400000000744],[-74.169853999999987,4.5773320000000695],[-74.170111999999961,4.5774550000000431],[-74.17044999999996,4.5776100000000497],[-74.170648999999969,4.5777180000000612],[-74.170779999999979,4.5778630000000362],[-74.170917999999972,4.578042000000039],[-74.17109899999997,4.5782760000000735],[-74.171166999999969,4.5783020000000647],[-74.171215999999959,4.5783270000000584],[-74.171300999999971,4.5783420000000206],[-74.171333999999945,4.5783410000000231],[-74.171379999999942,4.5783390000000281],[-74.171452999999985,4.5783170000000268],[-74.171519999999987,4.5782720000000268],[-74.171574999999962,4.5782080000000747],[-74.171627999999941,4.5781150000000252],[-74.171643999999958,4.5780330000000617],[-74.171641999999963,4.57798200000002],[-74.171636999999976,4.577961000000073],[-74.171627999999941,4.5779200000000628],[-74.171618999999964,4.5779000000000565],[-74.171598999999958,4.5778590000000463],[-74.171561999999938,4.5778040000000715],[-74.171533999999951,4.5777760000000285],[-74.171467999999948,4.5777330000000234],[-74.171378999999945,4.5776880000000233],[-74.171261999999956,4.577645000000075],[-74.171164999999974,4.5776080000000547],[-74.171083999999951,4.5775760000000218],[-74.17100499999998,4.5775400000000559],[-74.170884999999942,4.5774850000000242],[-74.170761999999968,4.5773710000000278],[-74.170628999999963,4.5770750000000362],[-74.170500999999945,4.576748000000066],[-74.170452999999952,4.5766530000000216],[-74.170358999999962,4.5765440000000694],[-74.170198999999968,4.5763860000000705],[-74.170068999999955,4.5762390000000437],[-74.170057999999983,4.5762280000000715],[-74.169813999999974,4.5760110000000509],[-74.169621999999947,4.5759180000000583],[-74.169493999999986,4.5758460000000696],[-74.169399999999939,4.5758140000000367],[-74.169293999999979,4.5757370000000606],[-74.169221999999934,4.5756620000000225],[-74.169092999999975,4.5754560000000311],[-74.169001999999978,4.5753320000000599],[-74.168999999999983,4.5753200000000334],[-74.168948999999941,4.5752400000000648],[-74.168827999999962,4.5750420000000531],[-74.168702999999937,4.5748490000000288],[-74.168652999999949,4.5747860000000742],[-74.168531999999971,4.574668000000031],[-74.168424999999957,4.5745700000000511],[-74.168284999999969,4.5744480000000749],[-74.168246999999951,4.5744060000000673],[-74.168227999999942,4.5743720000000394],[-74.168221999999957,4.5743420000000583],[-74.168203999999946,4.5742740000000595],[-74.168201999999951,4.5742520000000582],[-74.168203999999946,4.5741990000000214],[-74.168204999999944,4.5741810000000669],[-74.168227999999942,4.5741070000000263],[-74.168241999999964,4.5740730000000553],[-74.168255999999985,4.5740430000000742],[-74.168285999999966,4.5739980000000742],[-74.168299999999988,4.5739700000000312],[-74.168316999999945,4.5739470000000324],[-74.168326999999977,4.5739350000000627],[-74.168336999999951,4.5739250000000311],[-74.168352999999968,4.573910000000069],[-74.168362999999943,4.5739030000000298],[-74.168381999999951,4.5738900000000626],[-74.168414999999982,4.573863000000074],[-74.168461999999977,4.5738450000000626],[-74.168503999999984,4.5738360000000284],[-74.168564999999944,4.5738300000000436],[-74.168621999999971,4.5738340000000335],[-74.168675999999948,4.573848000000055],[-74.168717999999956,4.5738660000000664],[-74.168745999999942,4.5738810000000285],[-74.168764999999951,4.5738880000000677],[-74.168823999999972,4.5739170000000513],[-74.168847999999969,4.5739730000000236],[-74.16886599999998,4.5740140000000338],[-74.168879999999945,4.5740560000000414],[-74.168886999999984,4.5740830000000301],[-74.168893999999966,4.5741240000000403],[-74.168896999999959,4.5741530000000239],[-74.168895999999961,4.5742510000000607],[-74.168893999999966,4.5743340000000217],[-74.168893999999966,4.5743750000000318],[-74.168897999999956,4.5744070000000647],[-74.168902999999943,4.5744380000000433],[-74.168906999999933,4.5744640000000345],[-74.168923999999947,4.5745370000000207],[-74.168934999999976,4.5745660000000612],[-74.168968999999947,4.5746190000000411],[-74.169003999999973,4.5746570000000588],[-74.169031999999959,4.5746820000000525],[-74.169087999999988,4.5747190000000728],[-74.169195999999943,4.574779000000035],[-74.169475999999975,4.5749210000000744],[-74.169606999999985,4.574986000000024],[-74.169675999999981,4.5750200000000518],[-74.169907999999964,4.5751400000000331],[-74.170153999999968,4.5752830000000699],[-74.170302999999933,4.5753100000000586],[-74.170524999999941,4.5753940000000739],[-74.17081799999994,4.5754930000000513],[-74.171058999999957,4.5756110000000376],[-74.171235999999965,4.5757110000000694],[-74.171302999999966,4.5757450000000404],[-74.171355999999946,4.5757660000000442],[-74.171440999999959,4.5757820000000606],[-74.171480999999972,4.5757860000000505],[-74.171751999999969,4.5758430000000203],[-74.17202999999995,4.5758890000000747],[-74.172088999999971,4.5759000000000469],[-74.172307999999987,4.5759440000000495],[-74.172576999999933,4.5759880000000521],[-74.17285099999998,4.5760380000000396],[-74.173126999999965,4.576088000000027],[-74.173401999999953,4.5761470000000486],[-74.173672999999951,4.5761880000000588],[-74.173944999999947,4.5762310000000639],[-74.174186999999961,4.5762830000000463],[-74.174501999999961,4.5763360000000262],[-74.174531999999942,4.5763470000000552],[-74.174764999999979,4.5763930000000528],[-74.175012999999979,4.5764360000000579],[-74.175061999999969,4.5764450000000352],[-74.175291999999956,4.5764860000000454],[-74.175325999999984,4.5764930000000277],[-74.175559999999962,4.5765350000000353],[-74.175793999999939,4.5765870000000746],[-74.175901999999951,4.5766300000000228],[-74.176065999999935,4.5767470000000685],[-74.176287999999943,4.5769120000000498],[-74.176514999999938,4.5770730000000412],[-74.176742999999988,4.5772380000000226],[-74.176959999999951,4.5774150000000304],[-74.177189999999939,4.5775780000000736],[-74.17735399999998,4.5777080000000296],[-74.177555999999981,4.5778820000000451],[-74.177757999999983,4.5781220000000644],[-74.177828999999974,4.5782010000000355],[-74.178061999999954,4.5784530000000245],[-74.178273999999988,4.5787270000000717],[-74.178520999999989,4.5789800000000582],[-74.178591999999981,4.5789990000000671],[-74.178850999999952,4.5789390000000481],[-74.179130999999984,4.5788750000000391],[-74.179539999999974,4.578783000000044],[-74.179694999999981,4.5787430000000313],[-74.179750999999953,4.5790000000000646],[-74.179765999999972,4.5790620000000217],[-74.179830999999979,4.5794200000000274],[-74.179875999999979,4.579697000000067],[-74.179932999999949,4.579985000000022],[-74.179925999999966,4.5800610000000574],[-74.179945999999973,4.5802830000000654],[-74.179969999999969,4.5805630000000406],[-74.17999199999997,4.5807330000000661],[-74.179981999999939,4.5808610000000272],[-74.180008999999984,4.580993000000035],[-74.180005999999935,4.581149000000039],[-74.180012999999974,4.581198000000029],[-74.180031999999983,4.5814320000000635],[-74.180047999999942,4.5817360000000349],[-74.18008999999995,4.5820120000000202],[-74.180132999999955,4.5822950000000446],[-74.180178999999953,4.582580000000064],[-74.180227999999943,4.5828970000000595],[-74.18026999999995,4.5831740000000423],[-74.180275999999935,4.5832360000000563],[-74.180299999999988,4.5834260000000313],[-74.180323999999985,4.5835760000000505],[-74.180349999999976,4.5837210000000255],[-74.180403999999953,4.5839790000000562],[-74.180455999999936,4.5842870000000744],[-74.180478999999934,4.584350000000029],[-74.180488999999966,4.584414000000038],[-74.180502999999987,4.5845630000000597],[-74.180540999999948,4.5848480000000222],[-74.18055499999997,4.5849280000000476],[-74.18056299999995,4.5851930000000607],[-74.180574999999976,4.5854420000000573],[-74.180583999999953,4.5854860000000599],[-74.180609999999945,4.5857900000000313],[-74.18073899999996,4.5865700000000516],[-74.18078799999995,4.5868830000000571],[-74.180837999999937,4.5872310000000311],[-74.180912999999975,4.5874200000000656],[-74.180953999999986,4.5877140000000622],[-74.18083699999994,4.5880790000000502],[-74.180609999999945,4.5882640000000379],[-74.180442999999968,4.5884150000000545]]},"properties":{"OBJECTID":15,"OBJECTID_1":33,"RSPNRUTA":"ZP-446-1","RSPCDEFINI":"ZP-446","RSPDISTANC":38.754009250000003,"RSPDENOMIN":"SAN ANTONIO NORTE - PERDOMO","RSPTRUTA":"PROVISIONAL","RSPORIGEN":"PERDOMO","RSPDESTINO":"USAQUEN","RSPIRUTA":64,"SHAPELEN":39035.6996247098,"Shape_Length":0.072887814311563923}},{"type":"Feature","id":16,"geometry":{"type":"LineString","coordinates":[[-74.120394527999963,4.532750007000061],[-74.12041899999997,4.5327040000000238],[-74.12045999999998,4.5326350000000275],[-74.12046799999996,4.5326240000000553],[-74.120505999999978,4.5325730000000704],[-74.120578999999964,4.5324820000000727],[-74.120631999999944,4.5324200000000587],[-74.120665999999972,4.532382000000041],[-74.120691999999963,4.5323560000000498],[-74.120730999999978,4.5323210000000245],[-74.120787999999948,4.532273000000032],[-74.120822999999973,4.5322470000000408],[-74.12092199999995,4.5321780000000444],[-74.121060999999941,4.5320850000000519],[-74.121127999999942,4.5320370000000594],[-74.121176999999989,4.5319970000000467],[-74.121224999999981,4.5319470000000592],[-74.12124799999998,4.531921000000068],[-74.121265999999935,4.5318980000000693],[-74.121270999999979,4.5318910000000301],[-74.121299999999962,4.5318420000000401],[-74.121316999999976,4.5318080000000691],[-74.121328999999946,4.5317810000000236],[-74.12134599999996,4.5317400000000703],[-74.121360999999979,4.5316860000000361],[-74.12138299999998,4.5316040000000726],[-74.121403999999984,4.5315150000000699],[-74.121420999999941,4.5314310000000546],[-74.121433999999965,4.5313630000000558],[-74.12143999999995,4.5313070000000266],[-74.121446999999989,4.5312340000000404],[-74.121450999999979,4.5311890000000403],[-74.121452999999974,4.5311210000000415],[-74.121452999999974,4.5310810000000288],[-74.121450999999979,4.5310060000000476],[-74.121450999999979,4.5309420000000387],[-74.121450999999979,4.5307490000000712],[-74.121441999999945,4.5305380000000355],[-74.121436999999958,4.5301260000000525],[-74.121433999999965,4.5300520000000688],[-74.121432999999968,4.5299590000000762],[-74.12143199999997,4.5299110000000269],[-74.12143599999996,4.529651000000058],[-74.121433999999965,4.5295770000000743],[-74.121432999999968,4.5295530000000213],[-74.121424999999988,4.529495000000054],[-74.121421999999939,4.5294740000000502],[-74.121410999999966,4.5294220000000678],[-74.12139499999995,4.5293720000000235],[-74.121368999999959,4.5292990000000373],[-74.121348999999952,4.5292500000000473],[-74.121333999999933,4.5292140000000245],[-74.121069999999975,4.5286370000000602],[-74.121044999999981,4.5285760000000437],[-74.121048999999971,4.5285600000000272],[-74.121051999999963,4.5285410000000752],[-74.121051999999963,4.5285230000000638],[-74.121050999999966,4.5285150000000272],[-74.121046999999976,4.5285030000000575],[-74.120990999999947,4.5283870000000661],[-74.12083199999995,4.5280460000000744],[-74.120802999999967,4.5279900000000453],[-74.120487005999962,4.5276889470000583]]},"properties":{"OBJECTID":16,"OBJECTID_1":213,"RSPNRUTA":"ZP-383-3","RSPCDEFINI":"ZP-383","RSPDISTANC":39.985500340000002,"RSPDENOMIN":"PUERTA AL LLANO - GERMANIA","RSPTRUTA":"PROVISIONAL","RSPORIGEN":"USME","RSPDESTINO":"NEUTRA","RSPIRUTA":301,"SHAPELEN":39406.251459161198,"Shape_Length":0.00574326110529898}},{"type":"Feature","id":17,"geometry":{"type":"LineString","coordinates":[[-74.142434957999967,4.5800623920000589],[-74.142371999999966,4.579900000000066],[-74.142334999999946,4.5798090000000684],[-74.142259999999965,4.5796240000000239],[-74.142152999999951,4.5793430000000512],[-74.142016999999953,4.5789920000000279],[-74.141810999999961,4.5784550000000763],[-74.141609999999957,4.578008000000068],[-74.141426999999965,4.5776700000000687],[-74.141158999999959,4.5771230000000287],[-74.140853999999933,4.576526000000058],[-74.140371999999957,4.5755380000000514],[-74.140235999999959,4.5751480000000697],[-74.140101999999956,4.5746520000000714],[-74.139872999999966,4.5737010000000282],[-74.139729999999986,4.5731280000000538],[-74.139600999999971,4.5726080000000593],[-74.139463999999975,4.5720460000000571],[-74.139414999999985,4.5719640000000368],[-74.139354999999966,4.5716980000000262],[-74.139083999999968,4.570523000000037],[-74.138904999999966,4.5697100000000432],[-74.138887999999952,4.5696350000000621],[-74.138867999999945,4.5695530000000417],[-74.138808999999981,4.5693490000000452],[-74.138725999999963,4.5690730000000599],[-74.138557999999989,4.568377000000055],[-74.138521999999966,4.5681950000000597],[-74.138491999999985,4.5680720000000292],[-74.138475999999969,4.5679960000000506],[-74.138440999999943,4.5677870000000667],[-74.138428999999974,4.5677250000000527],[-74.138424999999984,4.5676990000000615],[-74.138405999999975,4.5675030000000447],[-74.138400999999988,4.5674460000000749],[-74.138383999999974,4.5672770000000469],[-74.138392999999951,4.5671310000000744],[-74.138396999999941,4.5670720000000529],[-74.13840799999997,4.566880000000026],[-74.138406999999972,4.566784000000041],[-74.138405999999975,4.5667760000000612],[-74.138406999999972,4.5667300000000637],[-74.13841599999995,4.5665180000000305],[-74.138427999999976,4.5663170000000264],[-74.138430999999969,4.5662810000000604],[-74.138440999999943,4.5661790000000337],[-74.138443999999936,4.5661310000000412],[-74.138476999999966,4.5658630000000358],[-74.138514999999984,4.5655560000000719],[-74.138588999999968,4.5650530000000344],[-74.138792999999964,4.5640870000000291],[-74.138846999999942,4.5637480000000323],[-74.138871999999935,4.5636120000000346],[-74.138886999999954,4.5634840000000736],[-74.138923999999975,4.5632740000000354],[-74.138939999999934,4.5631870000000276],[-74.138968999999975,4.5630050000000324],[-74.138976999999954,4.5629560000000424],[-74.139023999999949,4.5626870000000395],[-74.139036999999973,4.5625830000000747],[-74.139058999999975,4.5624090000000592],[-74.139089999999953,4.5621350000000689],[-74.139120999999989,4.5618770000000382],[-74.139143999999987,4.5617320000000632],[-74.139163999999937,4.5616230000000542],[-74.13919999999996,4.5613390000000322],[-74.139246999999955,4.5610250000000292],[-74.139265999999964,4.5608910000000265],[-74.139310999999964,4.5605710000000386],[-74.139335999999957,4.5603190000000495],[-74.139335999999957,4.5601370000000543],[-74.139329999999973,4.5599540000000616],[-74.139318999999944,4.5597750000000588],[-74.139298999999937,4.5596190000000547],[-74.139238999999975,4.5592690000000289],[-74.139172999999971,4.5590200000000323],[-74.139151999999967,4.5589570000000208],[-74.139117999999939,4.5588550000000509],[-74.139043999999956,4.5586430000000746],[-74.139002999999946,4.5585330000000681],[-74.13895999999994,4.5584090000000401],[-74.13892199999998,4.5583020000000261],[-74.138892999999939,4.5582410000000664],[-74.138829999999984,4.5580740000000333],[-74.138763999999981,4.5578910000000405],[-74.138746999999967,4.5578530000000228],[-74.138515999999981,4.5571690000000444],[-74.138450999999975,4.5569690000000378],[-74.138364999999965,4.556709000000069],[-74.138292999999976,4.5564940000000433],[-74.138166999999953,4.5560870000000477],[-74.138149999999939,4.5560320000000729],[-74.138045999999974,4.5556940000000736],[-74.137927999999988,4.5553240000000415],[-74.137877999999944,4.555165000000045],[-74.137833999999941,4.5550400000000764],[-74.137651999999946,4.5545170000000326],[-74.137429999999938,4.5538800000000492],[-74.137306999999964,4.5535160000000587],[-74.137220999999954,4.5532660000000647],[-74.137028999999984,4.5527010000000701],[-74.136993999999959,4.5526010000000383],[-74.136971999999957,4.5525390000000243],[-74.136893999999984,4.5523100000000341],[-74.13687699999997,4.5522660000000315],[-74.136772999999948,4.5519560000000752],[-74.136681999999951,4.5516500000000519],[-74.136622999999986,4.5513030000000754],[-74.136610999999959,4.5508880000000431],[-74.136654999999962,4.5505240000000526],[-74.136712999999986,4.5502270000000635],[-74.137001999999939,4.5490230000000338],[-74.137133999999946,4.5484830000000329],[-74.137197999999955,4.5481420000000412],[-74.137227999999936,4.5476320000000214],[-74.137204999999938,4.5473610000000235],[-74.137088999999946,4.5468330000000492],[-74.136890999999935,4.5463510000000724],[-74.136641999999938,4.5458400000000552],[-74.136454999999955,4.5455130000000281],[-74.136288999999977,4.5451910000000453],[-74.136146999999937,4.5449180000000524],[-74.135980999999958,4.544599000000062],[-74.135842999999966,4.5443330000000515],[-74.135785999999939,4.5442240000000425],[-74.134622999999976,4.5419820000000755],[-74.133938999999941,4.5406670000000418],[-74.133784999999989,4.5404050000000211],[-74.133617999999956,4.5401810000000751],[-74.133534999999938,4.5400510000000622],[-74.133461999999952,4.539950000000033],[-74.133403999999985,4.5398780000000443],[-74.133321999999964,4.5397830000000567],[-74.133246999999983,4.539698000000044],[-74.133209999999963,4.5396580000000313],[-74.133171999999945,4.5396200000000704],[-74.133142999999961,4.5395940000000223],[-74.133055999999954,4.5395090000000664],[-74.132972999999936,4.539431000000036],[-74.132859999999937,4.5393300000000636],[-74.131733999999938,4.538451000000066],[-74.130706999999973,4.5376490000000445],[-74.129106999999976,4.5363920000000348],[-74.128819999999962,4.5361240000000294],[-74.128588999999977,4.5358680000000504],[-74.12834799999996,4.5355460000000676],[-74.128161999999975,4.5352480000000241],[-74.127977999999985,4.5348830000000362],[-74.127814999999941,4.5344660000000658],[-74.127719999999954,4.5341230000000223],[-74.127652999999952,4.5337690000000634],[-74.127560999999957,4.5331820000000675],[-74.127252999999939,4.5307860000000346],[-74.127130999999963,4.5298500000000672],[-74.126956999999948,4.5285350000000335],[-74.126783999999986,4.5272160000000667],[-74.126711999999941,4.5266650000000368],[-74.126665999999943,4.5263060000000337],[-74.126651999999979,4.5262050000000613],[-74.126598999999942,4.5258470000000557],[-74.126572999999951,4.5256800000000226],[-74.126545999999962,4.5255670000000237],[-74.126512999999989,4.525431000000026],[-74.126464999999939,4.5252780000000712],[-74.126413999999954,4.5251270000000545],[-74.126377999999988,4.5250270000000228],[-74.126342999999963,4.5249300000000403],[-74.126263999999935,4.5247390000000678],[-74.12620499999997,4.5246120000000474],[-74.126151999999934,4.5245020000000409],[-74.126058999999941,4.5243310000000747],[-74.125994999999989,4.5242200000000707],[-74.125964999999951,4.5241730000000757],[-74.12593899999996,4.5241360000000554],[-74.125783999999953,4.5239010000000235],[-74.125541999999939,4.5235890000000722],[-74.125246999999945,4.5232610000000477],[-74.124409999999955,4.5223300000000677],[-74.124278999999945,4.5221850000000359],[-74.124100999999939,4.5219830000000343],[-74.123924999999986,4.5217860000000201],[-74.123743999999988,4.5215860000000703],[-74.12356699999998,4.5213890000000561],[-74.123373999999956,4.5211740000000304],[-74.123197999999945,4.5209770000000731],[-74.123008999999968,4.5207520000000727],[-74.122957734999943,4.5206813460000603]]},"properties":{"OBJECTID":17,"OBJECTID_1":131,"RSPNRUTA":"ZP-P4-2","RSPCDEFINI":"ZP-P4","RSPDISTANC":23.107690810000001,"RSPDENOMIN":"PATIO BONITO - ALFONSO LIPEZ","RSPTRUTA":"PROVISIONAL","RSPORIGEN":"SUBA CENTRO","RSPDESTINO":"FONTIBON","RSPIRUTA":198,"SHAPELEN":23285.762030222701,"Shape_Length":0.065404736923670201}},{"type":"Feature","id":18,"geometry":{"type":"LineString","coordinates":[[-74.162304178999989,4.5986563520000345],[-74.162305999999944,4.5986090000000672],[-74.162307999999939,4.5984430000000316],[-74.162302999999952,4.5982520000000591],[-74.162294999999972,4.5981100000000765],[-74.162293999999974,4.5980860000000234],[-74.16227699999996,4.5979110000000674],[-74.162272999999971,4.597876000000042],[-74.162236999999948,4.5975520000000643],[-74.162196999999935,4.5972230000000422],[-74.162185999999963,4.597088000000042],[-74.162177999999983,4.5970110000000659],[-74.162170999999944,4.5969310000000405],[-74.162176999999986,4.596851000000072],[-74.162187999999958,4.5967390000000705],[-74.162188999999955,4.5967260000000465],[-74.162193999999943,4.5967000000000553],[-74.162196999999935,4.5966880000000288],[-74.162204999999972,4.596663000000035],[-74.162225999999976,4.5966050000000678],[-74.162278999999955,4.5964670000000751],[-74.162304999999947,4.5963780000000725],[-74.162477999999965,4.5961940000000254],[-74.162537999999984,4.5960390000000757],[-74.162542999999971,4.5959720000000743],[-74.162552999999946,4.5958310000000324],[-74.162554999999941,4.5958060000000387],[-74.162542999999971,4.5957200000000284],[-74.162538999999981,4.5956840000000625],[-74.162513999999987,4.5956110000000763],[-74.162486999999942,4.5955310000000509],[-74.162447999999983,4.5954960000000256],[-74.162422999999933,4.5954250000000343],[-74.162360999999976,4.595356000000038],[-74.162324999999953,4.5953250000000594],[-74.162179999999978,4.5951680000000579],[-74.162113999999974,4.5950960000000691],[-74.162075999999956,4.5950420000000349],[-74.162038999999936,4.5949840000000677],[-74.162032999999951,4.5949730000000386],[-74.161979999999971,4.5948630000000321],[-74.161974999999984,4.5948530000000574],[-74.161970999999937,4.5948320000000535],[-74.161942999999951,4.5947400000000584],[-74.161936999999966,4.5947100000000205],[-74.161927999999989,4.5946590000000356],[-74.161922999999945,4.594615000000033],[-74.161925999999937,4.5945440000000417],[-74.161726999999985,4.5930300000000557],[-74.161629999999946,4.5921540000000505],[-74.16158699999994,4.5917180000000712],[-74.16154199999994,4.5912920000000668],[-74.16149699999994,4.5908510000000433],[-74.161490999999955,4.5908090000000357],[-74.161487999999963,4.5907770000000596],[-74.161476999999934,4.5907090000000608],[-74.161485999999968,4.5906960000000367],[-74.161490999999955,4.5906870000000595],[-74.161493999999948,4.5906770000000279],[-74.161494999999945,4.5906680000000506],[-74.161472999999944,4.5904570000000717],[-74.161472999999944,4.5904350000000704],[-74.161467999999957,4.5904140000000666],[-74.161441999999965,4.590139000000022],[-74.16143999999997,4.5901300000000447],[-74.161435999999981,4.5901220000000649],[-74.161431999999934,4.5901140000000282],[-74.161424999999952,4.5901060000000484],[-74.161417999999969,4.5900980000000686],[-74.161404999999945,4.590088000000037],[-74.161387999999988,4.5899260000000481],[-74.161377999999957,4.5897930000000429],[-74.161339999999939,4.5895060000000285],[-74.161336999999946,4.5894130000000359],[-74.161306999999965,4.5889870000000315],[-74.161260999999968,4.5885440000000699],[-74.161194999999964,4.5880630000000338],[-74.161106999999959,4.5877350000000661],[-74.160897999999975,4.5872400000000653],[-74.159749999999974,4.5848760000000652],[-74.158908999999937,4.5831140000000232],[-74.158692999999971,4.5826620000000275],[-74.158086999999966,4.5815410000000725],[-74.157829999999933,4.5811220000000503],[-74.157826999999941,4.5811190000000579],[-74.157526999999959,4.5805400000000418],[-74.157523999999967,4.5805350000000544],[-74.157476999999972,4.5804360000000202],[-74.157476999999972,4.5804350000000227],[-74.157472999999982,4.5804260000000454],[-74.157471999999984,4.580423000000053],[-74.157448999999986,4.5803640000000314],[-74.15731599999998,4.5801010000000701],[-74.157292999999981,4.580058000000065],[-74.157099999999957,4.5796990000000619],[-74.156856999999945,4.5792540000000486],[-74.156520999999941,4.5786530000000312],[-74.156489999999962,4.5785940000000664],[-74.156309999999962,4.5782540000000722],[-74.156278999999984,4.578200000000038],[-74.156252999999936,4.5781620000000203],[-74.156240999999966,4.5781410000000733],[-74.156233999999984,4.5781320000000392],[-74.156196999999963,4.5780590000000529],[-74.156173999999965,4.5780000000000314],[-74.156168999999977,4.5779840000000718],[-74.156155999999953,4.5779430000000616],[-74.156139999999937,4.5779000000000565],[-74.156116999999938,4.5778510000000665],[-74.156058999999971,4.5777390000000651],[-74.155973999999958,4.5775800000000686],[-74.155828999999983,4.5773090000000707],[-74.155496999999968,4.5766850000000545],[-74.15537299999994,4.5764550000000668],[-74.155331999999987,4.5763770000000363],[-74.155309999999986,4.5763340000000312],[-74.155155999999977,4.5760510000000636],[-74.154987999999946,4.5757610000000568],[-74.154948999999988,4.5756990000000428],[-74.154831999999942,4.5755160000000501],[-74.154665999999963,4.5752570000000219],[-74.154466999999954,4.5749880000000758],[-74.154282999999964,4.5747510000000489],[-74.153989999999965,4.5743880000000559],[-74.153632999999957,4.574004000000059],[-74.153160999999955,4.5735520000000633],[-74.153076999999939,4.5734770000000253],[-74.152863999999965,4.5732980000000225],[-74.152626999999939,4.57310700000005],[-74.152585999999985,4.5730750000000739],[-74.152437999999961,4.57296400000007],[-74.152403999999933,4.5729370000000245],[-74.152352999999948,4.5729010000000585],[-74.152198999999939,4.5727940000000444],[-74.152049999999974,4.5726940000000695],[-74.151936999999975,4.5726210000000265],[-74.151900999999953,4.5726000000000226],[-74.151834999999949,4.5725600000000668],[-74.15166499999998,4.5724450000000729],[-74.151515999999958,4.5723430000000462],[-74.151301999999987,4.572208000000046],[-74.151196999999968,4.5721410000000446],[-74.150224999999978,4.5714450000000397],[-74.149106999999958,4.5706780000000435],[-74.147906999999975,4.5698550000000751],[-74.147604999999942,4.5696490000000267],[-74.147557999999947,4.5696170000000507],[-74.147426999999936,4.5695250000000556],[-74.14739899999995,4.5695060000000467],[-74.147365999999977,4.5694840000000454],[-74.147326999999962,4.5694540000000643],[-74.147509999999954,4.5691640000000575],[-74.14777399999997,4.5688070000000494],[-74.148144999999943,4.5682320000000232],[-74.148299999999949,4.5680220000000418],[-74.148154999999974,4.5679210000000694],[-74.147879999999986,4.5677350000000274],[-74.147706999999969,4.5676110000000563],[-74.147526999999968,4.5674870000000283],[-74.147350999999958,4.5673660000000496],[-74.147174999999947,4.5672490000000607],[-74.146775999999988,4.5669760000000679],[-74.146748999999943,4.5668890000000602],[-74.146644999999978,4.5664930000000368],[-74.146631999999954,4.5664450000000443],[-74.146517999999958,4.5660560000000601],[-74.146503999999936,4.566009000000065],[-74.146386999999947,4.5656160000000341],[-74.146372999999983,4.565571000000034],[-74.146257999999989,4.565176000000065],[-74.146243999999967,4.5651330000000598],[-74.146121999999934,4.5647410000000264],[-74.14610799999997,4.5646970000000238],[-74.145989999999983,4.5643070000000421],[-74.145970999999975,4.5642600000000471],[-74.145852999999988,4.5638730000000578],[-74.145841999999959,4.5638270000000603],[-74.145727999999963,4.5634320000000343],[-74.145713999999941,4.5633910000000242],[-74.145596999999952,4.5629970000000526],[-74.145583999999985,4.5629570000000399],[-74.14546299999995,4.5625590000000216],[-74.145449999999983,4.5625140000000215],[-74.145334999999989,4.5621220000000449],[-74.145378999999934,4.5621080000000234],[-74.146293999999955,4.561834000000033],[-74.146333999999968,4.5618220000000633],[-74.146321999999941,4.5617830000000481],[-74.14620199999996,4.5613830000000348],[-74.146071999999947,4.5609540000000379],[-74.146351999999979,4.5608650000000353],[-74.14647599999995,4.56082600000002],[-74.146871999999973,4.5607100000000287],[-74.14690399999995,4.5607030000000464],[-74.147046999999986,4.5606620000000362],[-74.147130999999945,4.5606380000000399],[-74.147213999999963,4.5606090000000563],[-74.147346999999968,4.5605650000000537],[-74.147608999999989,4.5604870000000233],[-74.147702999999979,4.5604570000000422],[-74.147816999999975,4.5604230000000712],[-74.148041999999975,4.5603610000000572],[-74.148146999999938,4.5603370000000609],[-74.148281999999938,4.5603120000000672],[-74.148380999999972,4.560286000000076],[-74.148676999999964,4.5602060000000506],[-74.148738999999978,4.5601830000000518],[-74.148953999999947,4.5601200000000404],[-74.149008999999978,4.5601090000000681],[-74.149125999999967,4.5599760000000629],[-74.149196999999958,4.5598910000000501],[-74.149274999999989,4.559737000000041],[-74.149383999999941,4.5594040000000291],[-74.149419999999964,4.5593030000000567],[-74.149465999999961,4.5592080000000692],[-74.149723999999935,4.5588810000000421]]},"properties":{"OBJECTID":18,"OBJECTID_1":232,"RSPNRUTA":"ZP-536-1","RSPCDEFINI":"ZP-536","RSPDISTANC":26.52597046,"RSPDENOMIN":"AURES - SAN FRANCISCO","RSPTRUTA":"PROVISIONAL","RSPORIGEN":"CIUDAD BOLIVAR","RSPDESTINO":"SUBA CENTRO","RSPIRUTA":320,"SHAPELEN":26924.320843684698,"Shape_Length":0.04985739940271304}},{"type":"Feature","id":19,"geometry":{"type":"LineString","coordinates":[[-74.142434957999967,4.5800623920000589],[-74.142371999999966,4.579900000000066],[-74.142334999999946,4.5798090000000684],[-74.142259999999965,4.5796240000000239],[-74.142152999999951,4.5793430000000512],[-74.142016999999953,4.5789920000000279],[-74.141810999999961,4.5784550000000763],[-74.141609999999957,4.578008000000068],[-74.141426999999965,4.5776700000000687],[-74.141158999999959,4.5771230000000287],[-74.140853999999933,4.576526000000058],[-74.140371999999957,4.5755380000000514],[-74.140235999999959,4.5751480000000697],[-74.140101999999956,4.5746520000000714],[-74.139872999999966,4.5737010000000282],[-74.139729999999986,4.5731280000000538],[-74.139605999999958,4.5731600000000299],[-74.139490999999964,4.5732270000000312],[-74.139403999999956,4.5732600000000616],[-74.13938799999994,4.573216000000059],[-74.139377999999965,4.57315600000004],[-74.139000063999958,4.5732996160000425]]},"properties":{"OBJECTID":19,"OBJECTID_1":75,"RSPNRUTA":"ZP-C34-2","RSPCDEFINI":"ZP-C34","RSPDISTANC":29.7336998,"RSPDENOMIN":"SAN CARLOS - COMPARTIR","RSPTRUTA":"PROVISIONAL","RSPORIGEN":"SUBA CENTRO","RSPDESTINO":"CIUDAD BOLIVAR","RSPIRUTA":126,"SHAPELEN":29959.635500321299,"Shape_Length":0.0083393197583991382}},{"type":"Feature","id":20,"geometry":{"type":"LineString","coordinates":[[-74.162304178999989,4.5986563520000345],[-74.162305999999944,4.5986090000000672],[-74.162307999999939,4.5984430000000316],[-74.162302999999952,4.5982520000000591],[-74.162294999999972,4.5981100000000765],[-74.162293999999974,4.5980860000000234],[-74.16227699999996,4.5979110000000674],[-74.162272999999971,4.597876000000042],[-74.162236999999948,4.5975520000000643],[-74.162196999999935,4.5972230000000422],[-74.162185999999963,4.597088000000042],[-74.162177999999983,4.5970110000000659],[-74.162170999999944,4.5969310000000405],[-74.162176999999986,4.596851000000072],[-74.162187999999958,4.5967390000000705],[-74.162188999999955,4.5967260000000465],[-74.162193999999943,4.5967000000000553],[-74.162196999999935,4.5966880000000288],[-74.162204999999972,4.596663000000035],[-74.162225999999976,4.5966050000000678],[-74.162278999999955,4.5964670000000751],[-74.162304999999947,4.5963780000000725],[-74.162477999999965,4.5961940000000254],[-74.162537999999984,4.5960390000000757],[-74.162542999999971,4.5959720000000743],[-74.162552999999946,4.5958310000000324],[-74.162554999999941,4.5958060000000387],[-74.162542999999971,4.5957200000000284],[-74.162538999999981,4.5956840000000625],[-74.162513999999987,4.5956110000000763],[-74.162486999999942,4.5955310000000509],[-74.162447999999983,4.5954960000000256],[-74.162422999999933,4.5954250000000343],[-74.162360999999976,4.595356000000038],[-74.162324999999953,4.5953250000000594],[-74.162179999999978,4.5951680000000579],[-74.162113999999974,4.5950960000000691],[-74.162075999999956,4.5950420000000349],[-74.162038999999936,4.5949840000000677],[-74.162032999999951,4.5949730000000386],[-74.161979999999971,4.5948630000000321],[-74.161974999999984,4.5948530000000574],[-74.161970999999937,4.5948320000000535],[-74.161942999999951,4.5947400000000584],[-74.161936999999966,4.5947100000000205],[-74.161927999999989,4.5946590000000356],[-74.161922999999945,4.594615000000033],[-74.161925999999937,4.5945440000000417],[-74.161726999999985,4.5930300000000557],[-74.161629999999946,4.5921540000000505],[-74.16158699999994,4.5917180000000712],[-74.16154199999994,4.5912920000000668],[-74.16149699999994,4.5908510000000433],[-74.161490999999955,4.5908090000000357],[-74.161487999999963,4.5907770000000596],[-74.161476999999934,4.5907090000000608],[-74.161485999999968,4.5906960000000367],[-74.161490999999955,4.5906870000000595],[-74.161493999999948,4.5906770000000279],[-74.161494999999945,4.5906680000000506],[-74.161472999999944,4.5904570000000717],[-74.161472999999944,4.5904350000000704],[-74.161467999999957,4.5904140000000666],[-74.161441999999965,4.590139000000022],[-74.16143999999997,4.5901300000000447],[-74.161435999999981,4.5901220000000649],[-74.161431999999934,4.5901140000000282],[-74.161424999999952,4.5901060000000484],[-74.161417999999969,4.5900980000000686],[-74.161404999999945,4.590088000000037],[-74.161387999999988,4.5899260000000481],[-74.161377999999957,4.5897930000000429],[-74.161339999999939,4.5895060000000285],[-74.161336999999946,4.5894130000000359],[-74.161306999999965,4.5889870000000315],[-74.161260999999968,4.5885440000000699],[-74.161194999999964,4.5880630000000338],[-74.161106999999959,4.5877350000000661],[-74.160897999999975,4.5872400000000653],[-74.159749999999974,4.5848760000000652],[-74.158908999999937,4.5831140000000232],[-74.158692999999971,4.5826620000000275],[-74.158086999999966,4.5815410000000725],[-74.157829999999933,4.5811220000000503],[-74.157826999999941,4.5811190000000579],[-74.157526999999959,4.5805400000000418],[-74.157523999999967,4.5805350000000544],[-74.157476999999972,4.5804360000000202],[-74.157476999999972,4.5804350000000227],[-74.157472999999982,4.5804260000000454],[-74.157471999999984,4.580423000000053],[-74.157448999999986,4.5803640000000314],[-74.15731599999998,4.5801010000000701],[-74.157292999999981,4.580058000000065],[-74.157099999999957,4.5796990000000619],[-74.156856999999945,4.5792540000000486],[-74.156520999999941,4.5786530000000312],[-74.156489999999962,4.5785940000000664],[-74.156309999999962,4.5782540000000722],[-74.156278999999984,4.578200000000038],[-74.156252999999936,4.5781620000000203],[-74.156240999999966,4.5781410000000733],[-74.156233999999984,4.5781320000000392],[-74.156196999999963,4.5780590000000529],[-74.156173999999965,4.5780000000000314],[-74.156168999999977,4.5779840000000718],[-74.156155999999953,4.5779430000000616],[-74.156139999999937,4.5779000000000565],[-74.156116999999938,4.5778510000000665],[-74.156058999999971,4.5777390000000651],[-74.155973999999958,4.5775800000000686],[-74.155828999999983,4.5773090000000707],[-74.155496999999968,4.5766850000000545],[-74.15537299999994,4.5764550000000668],[-74.155331999999987,4.5763770000000363],[-74.155309999999986,4.5763340000000312],[-74.155155999999977,4.5760510000000636],[-74.154987999999946,4.5757610000000568],[-74.154948999999988,4.5756990000000428],[-74.154831999999942,4.5755160000000501],[-74.154665999999963,4.5752570000000219],[-74.154466999999954,4.5749880000000758],[-74.154282999999964,4.5747510000000489],[-74.153989999999965,4.5743880000000559],[-74.153632999999957,4.574004000000059],[-74.153160999999955,4.5735520000000633],[-74.153076999999939,4.5734770000000253],[-74.152863999999965,4.5732980000000225],[-74.152626999999939,4.57310700000005],[-74.152585999999985,4.5730750000000739],[-74.152437999999961,4.57296400000007],[-74.152403999999933,4.5729370000000245],[-74.152352999999948,4.5729010000000585],[-74.152198999999939,4.5727940000000444],[-74.152049999999974,4.5726940000000695],[-74.151936999999975,4.5726210000000265],[-74.151900999999953,4.5726000000000226],[-74.151834999999949,4.5725600000000668],[-74.15166499999998,4.5724450000000729],[-74.151515999999958,4.5723430000000462],[-74.151301999999987,4.572208000000046],[-74.151196999999968,4.5721410000000446],[-74.150224999999978,4.5714450000000397],[-74.149106999999958,4.5706780000000435],[-74.147906999999975,4.5698550000000751],[-74.147604999999942,4.5696490000000267],[-74.147557999999947,4.5696170000000507],[-74.147426999999936,4.5695250000000556],[-74.14739899999995,4.5695060000000467],[-74.147365999999977,4.5694840000000454],[-74.147326999999962,4.5694540000000643],[-74.147325999999964,4.5694540000000643],[-74.147316999999987,4.5694480000000226],[-74.147152999999946,4.5693360000000212],[-74.146932999999933,4.5691860000000588],[-74.14670499999994,4.5690310000000522],[-74.14647599999995,4.5688750000000482],[-74.146263999999974,4.5687290000000758],[-74.14600699999994,4.5685520000000679],[-74.145967999999982,4.5685270000000742],[-74.145690999999943,4.5683390000000372],[-74.145333999999934,4.568093000000033],[-74.145317999999975,4.5680830000000583],[-74.145243999999934,4.5680320000000734],[-74.145089999999982,4.5679250000000593],[-74.145044999999982,4.5678970000000731],[-74.145017999999936,4.5678790000000618],[-74.144942999999955,4.5678270000000225],[-74.14490399999994,4.5678010000000313],[-74.144998999999984,4.5677060000000438],[-74.14503499999995,4.5676750000000652],[-74.145058999999947,4.567651000000069],[-74.145070999999973,4.5676150000000462],[-74.145069999999976,4.5675790000000234],[-74.145134999999982,4.5675910000000499],[-74.145175999999935,4.5675910000000499],[-74.145213999999953,4.5675920000000474],[-74.14536499999997,4.5675200000000586],[-74.145389999999963,4.5675060000000371],[-74.14549599999998,4.5674570000000472],[-74.145802999999944,4.5673150000000646],[-74.145962999999938,4.5672530000000506],[-74.14629999999994,4.5670860000000744],[-74.14641899999998,4.56704000000002],[-74.146748999999943,4.5668890000000602],[-74.146644999999978,4.5664930000000368],[-74.146631999999954,4.5664450000000443],[-74.146517999999958,4.5660560000000601],[-74.146503999999936,4.566009000000065],[-74.146386999999947,4.5656160000000341],[-74.146372999999983,4.565571000000034],[-74.146257999999989,4.565176000000065],[-74.146243999999967,4.5651330000000598],[-74.146121999999934,4.5647410000000264],[-74.14610799999997,4.5646970000000238],[-74.145989999999983,4.5643070000000421],[-74.145970999999975,4.5642600000000471],[-74.145852999999988,4.5638730000000578],[-74.145899999999983,4.5638590000000363],[-74.146795999999938,4.5635860000000434],[-74.146849999999972,4.563570000000027],[-74.146898999999962,4.5635500000000206],[-74.147795999999971,4.563282000000072],[-74.147882999999979,4.5632550000000265],[-74.147976999999969,4.5632260000000429],[-74.148862999999949,4.5629550000000449],[-74.148926999999958,4.562938000000031],[-74.148967999999968,4.5629270000000588],[-74.149971999999934,4.5626330000000621],[-74.150127999999938,4.5625870000000646],[-74.150293999999974,4.5625180000000682],[-74.150347999999951,4.5624970000000644],[-74.150525999999957,4.5624530000000618],[-74.150588999999968,4.5624450000000252],[-74.150657999999964,4.5624070000000643],[-74.150902999999971,4.5623420000000579],[-74.151039999999966,4.562372000000039],[-74.15119999999996,4.5624450000000252],[-74.151413999999988,4.5625570000000266],[-74.151558999999963,4.5626230000000305],[-74.151604999999961,4.5626420000000394],[-74.151727999999935,4.5627000000000635],[-74.151821999999981,4.5627130000000307],[-74.151940999999965,4.5626780000000622],[-74.152268999999933,4.562577000000033],[-74.152378999999939,4.562543000000062],[-74.152539999999988,4.5625910000000545],[-74.152655999999979,4.5626510000000735],[-74.152890999999954,4.5627720000000522],[-74.153136999999958,4.5628810000000612],[-74.15329799999995,4.5629580000000374],[-74.15338399999996,4.5629960000000551],[-74.153558999999973,4.5632500000000391],[-74.153613999999948,4.5633530000000633],[-74.153764999999964,4.563805000000059],[-74.153935999999987,4.5641560000000254],[-74.154004999999984,4.5642650000000344],[-74.154038999999955,4.5643490000000497],[-74.154195999999956,4.5646180000000527],[-74.154318999999987,4.5648030000000404],[-74.154370999999969,4.564954000000057],[-74.154620999999963,4.5650360000000205],[-74.154884999999979,4.5651250000000232],[-74.155131999999981,4.5652090000000385],[-74.155386999999962,4.5652890000000639],[-74.155663999999945,4.5653690000000324],[-74.155987999999979,4.5655010000000402],[-74.155982999999935,4.5655490000000327],[-74.156034999999974,4.5657350000000747],[-74.156063999999958,4.5658410000000345],[-74.156135999999947,4.5661230000000614],[-74.156193999999971,4.5662350000000629],[-74.156276999999989,4.5663930000000619],[-74.156596999999977,4.5666570000000206],[-74.157037999999943,4.5670210000000679],[-74.15728699999994,4.5673210000000495],[-74.157375999999942,4.5675760000000309],[-74.157423999999935,4.5676130000000512],[-74.15737699999994,4.5676950000000716],[-74.15732799999995,4.5679760000000442],[-74.157310999999936,4.5680500000000279],[-74.15727499999997,4.5681830000000332],[-74.157265999999936,4.5682440000000497],[-74.157260999999949,4.5683910000000765],[-74.157262999999944,4.5684430000000589],[-74.157259999999951,4.5685150000000476],[-74.157262999999944,4.5685720000000742],[-74.15728699999994,4.5686330000000339],[-74.157390999999961,4.5688220000000683],[-74.157555999999943,4.5690460000000712],[-74.157676999999978,4.5691860000000588],[-74.157901999999979,4.5697540000000458],[-74.158057999999983,4.5701680000000238],[-74.158172999999977,4.570363000000043],[-74.158267999999964,4.5705000000000382],[-74.158302999999989,4.5706160000000295],[-74.158333999999968,4.5706620000000271],[-74.158351999999979,4.5706240000000662],[-74.158373999999981,4.570583000000056],[-74.158405999999957,4.5704920000000584],[-74.158470999999963,4.5701120000000515],[-74.158477999999945,4.5700370000000703],[-74.158491999999967,4.5699520000000575],[-74.158515999999963,4.5696290000000204],[-74.158556999999973,4.5692900000000236],[-74.158571999999936,4.5692420000000311],[-74.158737999999971,4.5688560000000393],[-74.158767999999952,4.5688050000000544],[-74.158840999999939,4.5687190000000442],[-74.15893699999998,4.5686750000000416],[-74.159059999999954,4.5686490000000504],[-74.159214999999961,4.5686680000000592],[-74.159706999999969,4.5687140000000568],[-74.160382999999968,4.568693000000053],[-74.161123999999973,4.5686640000000693],[-74.161745999999937,4.5685750000000667],[-74.162048999999968,4.5685370000000489],[-74.162472999999977,4.5684830000000716],[-74.162778999999944,4.5684340000000248],[-74.162810999999977,4.5685020000000236],[-74.162883999999963,4.5685470000000237],[-74.162965999999983,4.5685640000000376],[-74.163043999999957,4.5685410000000388],[-74.163102999999978,4.5684690000000501],[-74.163122999999985,4.56837500000006],[-74.163123999999982,4.568328000000065],[-74.163403999999957,4.568234000000075],[-74.163453999999945,4.5682120000000737],[-74.163972999999942,4.5680150000000594],[-74.164309999999944,4.5679350000000341],[-74.164306999999951,4.5678870000000416],[-74.164681999999971,4.5675950000000398],[-74.165135999999961,4.5672660000000747],[-74.165183999999954,4.5672280000000569],[-74.165226999999959,4.5671970000000215],[-74.16524899999996,4.5671760000000745],[-74.165272999999956,4.5671480000000315],[-74.165294999999958,4.5671180000000504],[-74.165318999999954,4.5670790000000352],[-74.165335999999968,4.5670470000000591],[-74.165382999999963,4.5669040000000223],[-74.165398999999979,4.566784000000041],[-74.165369999999939,4.5665670000000205],[-74.165330999999981,4.5663990000000467],[-74.165278999999941,4.5663180000000239],[-74.165174999999977,4.5661420000000703],[-74.164841999999965,4.5658240000000205],[-74.164641999999958,4.5656220000000758],[-74.164471999999989,4.5654540000000452],[-74.164723999999978,4.5648280000000341],[-74.164887999999962,4.564469000000031],[-74.165128999999979,4.5644660000000385],[-74.165414999999939,4.5645340000000374],[-74.165694999999971,4.5646100000000729],[-74.166051999999979,4.564674000000025],[-74.166163999999981,4.5646770000000743],[-74.166545999999983,4.5642840000000433],[-74.166727999999978,4.5641910000000507],[-74.166955999999971,4.5643170000000737],[-74.167192999999941,4.5644580000000587],[-74.167264999999986,4.5645030000000588],[-74.167425999999978,4.5645940000000564],[-74.16766599999994,4.5647290000000567],[-74.16789799999998,4.5648690000000443],[-74.168119999999988,4.5649950000000672],[-74.168256999999983,4.5649750000000608],[-74.168485999999973,4.564939000000038],[-74.168708999999978,4.5648680000000468],[-74.168819999999982,4.5648670000000493],[-74.168809999999951,4.5648500000000354],[-74.168819999999982,4.5648670000000493],[-74.168898999999954,4.5650130000000217],[-74.168964999999957,4.5653100000000677],[-74.169071999999971,4.5655960000000277],[-74.169145999999955,4.5659040000000459],[-74.169171999999946,4.5660350000000562],[-74.169223999999986,4.5662830000000554],[-74.16914399999996,4.566278000000068],[-74.169001999999978,4.566327000000058],[-74.16888199999994,4.5664530000000241],[-74.168678999999941,4.5666560000000231],[-74.168515999999954,4.5668700000000513],[-74.168422999999962,4.5669770000000653],[-74.168317999999942,4.5670620000000213],[-74.16825799999998,4.5671090000000731],[-74.167980999999941,4.5672660000000747],[-74.16765399999997,4.5673150000000646],[-74.167140999999958,4.5673490000000356],[-74.167016999999987,4.5673500000000331],[-74.166950999999983,4.5673410000000558],[-74.166589999999985,4.5671600000000581],[-74.166472999999939,4.5671080000000757],[-74.166694999999947,4.5665370000000394]]},"properties":{"OBJECTID":20,"OBJECTID_1":233,"RSPNRUTA":"ZP-581-2","RSPCDEFINI":"ZP-581","RSPDISTANC":34.0247612,"RSPDENOMIN":"ARBORIZADORA ALTA - CORPAS","RSPTRUTA":"PROVISIONAL","RSPORIGEN":"CIUDAD BOLIVAR","RSPDESTINO":"SUBA CENTRO","RSPIRUTA":321,"SHAPELEN":34473.271602581503,"Shape_Length":0.08278484556747083}},{"type":"Feature","id":21,"geometry":{"type":"LineString","coordinates":[[-74.137811994999936,4.5675030760000368],[-74.138235999999949,4.5675060000000371],[-74.138405999999975,4.5675030000000447],[-74.138683999999955,4.5674980000000573],[-74.138780999999938,4.5674850000000333],[-74.138830999999982,4.5675090000000296],[-74.138877999999977,4.5675320000000283],[-74.138913999999943,4.5675470000000473],[-74.13892199999998,4.5675510000000372],[-74.138969999999972,4.5675830000000701],[-74.138989999999978,4.5676000000000272],[-74.139001999999948,4.5676090000000613],[-74.139029999999934,4.567634000000055],[-74.139044999999953,4.567649000000074],[-74.139082999999971,4.5676820000000475],[-74.139117999999939,4.5677330000000325],[-74.139152999999965,4.567794000000049],[-74.139161999999942,4.5678130000000579],[-74.139171999999974,4.5678460000000314],[-74.139183999999943,4.5679140000000302],[-74.139182999999946,4.5679890000000682],[-74.139181999999948,4.5680030000000329],[-74.139173999999969,4.5680580000000646],[-74.139152999999965,4.568123000000071],[-74.139145999999982,4.5681470000000672],[-74.139131999999961,4.5681860000000256],[-74.139126999999974,4.5681970000000547],[-74.13911399999995,4.5682250000000408],[-74.139100999999982,4.5682470000000421],[-74.139087999999958,4.5682670000000485],[-74.13905699999998,4.5683110000000511],[-74.139051999999936,4.5683170000000359],[-74.139027999999939,4.5683420000000297],[-74.139003999999943,4.568362000000036],[-74.138944999999978,4.5684000000000538],[-74.138922999999977,4.5684100000000285],[-74.138881999999967,4.568422000000055],[-74.138847999999939,4.5684280000000399],[-74.138797999999952,4.5684310000000323],[-74.138789999999972,4.5684310000000323],[-74.138760999999988,4.5684250000000475],[-74.13872299999997,4.5684140000000752],[-74.138684999999953,4.5683900000000222],[-74.13867799999997,4.5683850000000348],[-74.13863699999996,4.5683530000000587],[-74.138540999999975,4.5682210000000509],[-74.138521999999966,4.5681950000000597],[-74.138491999999985,4.5680720000000292],[-74.138475999999969,4.5679960000000506],[-74.138440999999943,4.5677870000000667],[-74.138428999999974,4.5677250000000527],[-74.138424999999984,4.5676990000000615],[-74.138405999999975,4.5675030000000447],[-74.138400999999988,4.5674460000000749],[-74.138383999999974,4.5672770000000469],[-74.138392999999951,4.5671310000000744],[-74.138396999999941,4.5670720000000529],[-74.13840799999997,4.566880000000026],[-74.138406999999972,4.566784000000041],[-74.138405999999975,4.5667760000000612],[-74.138406999999972,4.5667300000000637],[-74.13841599999995,4.5665180000000305],[-74.138427999999976,4.5663170000000264],[-74.138430999999969,4.5662810000000604],[-74.138440999999943,4.5661790000000337],[-74.138443999999936,4.5661310000000412],[-74.138476999999966,4.5658630000000358],[-74.138514999999984,4.5655560000000719],[-74.138588999999968,4.5650530000000344],[-74.138792999999964,4.5640870000000291],[-74.138846999999942,4.5637480000000323],[-74.138871999999935,4.5636120000000346],[-74.138886999999954,4.5634840000000736],[-74.138923999999975,4.5632740000000354],[-74.138939999999934,4.5631870000000276],[-74.138968999999975,4.5630050000000324],[-74.138976999999954,4.5629560000000424],[-74.139023999999949,4.5626870000000395],[-74.139036999999973,4.5625830000000747],[-74.139058999999975,4.5624090000000592],[-74.139089999999953,4.5621350000000689],[-74.139120999999989,4.5618770000000382],[-74.139143999999987,4.5617320000000632],[-74.139163999999937,4.5616230000000542],[-74.13919999999996,4.5613390000000322],[-74.139246999999955,4.5610250000000292],[-74.139265999999964,4.5608910000000265],[-74.139310999999964,4.5605710000000386],[-74.139335999999957,4.5603190000000495],[-74.139335999999957,4.5601370000000543],[-74.139329999999973,4.5599540000000616],[-74.139318999999944,4.5597750000000588],[-74.139298999999937,4.5596190000000547],[-74.139238999999975,4.5592690000000289],[-74.139172999999971,4.5590200000000323],[-74.139151999999967,4.5589570000000208],[-74.139117999999939,4.5588550000000509],[-74.139043999999956,4.5586430000000746],[-74.139002999999946,4.5585330000000681],[-74.13895999999994,4.5584090000000401],[-74.13892199999998,4.5583020000000261],[-74.138892999999939,4.5582410000000664],[-74.138829999999984,4.5580740000000333],[-74.138763999999981,4.5578910000000405],[-74.138746999999967,4.5578530000000228],[-74.138515999999981,4.5571690000000444],[-74.138450999999975,4.5569690000000378],[-74.138364999999965,4.556709000000069],[-74.138292999999976,4.5564940000000433],[-74.138166999999953,4.5560870000000477],[-74.138149999999939,4.5560320000000729],[-74.138045999999974,4.5556940000000736],[-74.137927999999988,4.5553240000000415],[-74.137936999999965,4.5552790000000414],[-74.13794299999995,4.5552480000000628],[-74.13794699999994,4.5552220000000716],[-74.137958999999967,4.5551890000000412],[-74.137970999999936,4.5551660000000425],[-74.137986999999953,4.5551400000000513],[-74.137999999999977,4.5551090000000727],[-74.138008999999954,4.5550860000000739],[-74.138015999999936,4.555054000000041],[-74.138253999999961,4.5547070000000645],[-74.138377999999989,4.5545500000000629],[-74.138683999999955,4.5544510000000287],[-74.139106999999967,4.5543140000000335],[-74.139457999999934,4.5542020000000321],[-74.139493999999956,4.5541870000000699],[-74.139548999999988,4.554172000000051],[-74.139786999999956,4.5540700000000243],[-74.139882999999941,4.5540300000000684],[-74.139927999999941,4.5540050000000747],[-74.139940999999965,4.5539870000000633],[-74.140132999999935,4.5538680000000227],[-74.140313999999989,4.5537440000000515],[-74.140331999999944,4.5537080000000287],[-74.14029899999997,4.5534200000000737],[-74.140303999999958,4.5533700000000294],[-74.140290999999934,4.5531330000000594],[-74.140299999999968,4.552944000000025],[-74.140307999999948,4.552579000000037],[-74.140329999999949,4.5521500000000401],[-74.140329999999949,4.5518120000000408],[-74.140322999999967,4.5517140000000609],[-74.140319999999974,4.5514030000000503],[-74.140320999999972,4.5512820000000715],[-74.140319999999974,4.5509740000000534],[-74.140317999999979,4.5508500000000254],[-74.140319999999974,4.5505530000000363],[-74.140321999999969,4.5503630000000612],[-74.140530999999953,4.5502880000000232],[-74.141163999999947,4.5500540000000456],[-74.141206999999952,4.5500340000000392],[-74.141133999999965,4.5495930000000726],[-74.141123999999934,4.5495400000000359],[-74.141059999999982,4.5491430000000719],[-74.141054999999938,4.5490860000000453],[-74.140986999999939,4.5486640000000307],[-74.140981999999951,4.5486170000000357],[-74.140921999999989,4.5481840000000489],[-74.140921999999989,4.5481270000000222],[-74.141019999999969,4.5481220000000349],[-74.141547999999943,4.5480170000000726],[-74.14201799999995,4.5479160000000434],[-74.142065999999943,4.5479060000000686],[-74.141994999999952,4.5474470000000338],[-74.141926999999953,4.5469780000000242],[-74.141879999999958,4.5466680000000679],[-74.141865999999936,4.5465680000000361],[-74.141838999999948,4.5464490000000524],[-74.141847999999982,4.546318000000042],[-74.141887999999938,4.546066000000053],[-74.141941999999972,4.5457350000000361],[-74.141929999999945,4.5456040000000257],[-74.141916999999978,4.545263000000034],[-74.14231499999994,4.5448080000000459],[-74.142348999999967,4.5447620000000484],[-74.142432999999983,4.544710000000066],[-74.142474999999934,4.5447010000000319],[-74.142542999999989,4.5446960000000445],[-74.142587999999989,4.5446920000000546],[-74.143100999999945,4.5446250000000532],[-74.143152999999984,4.5446190000000684],[-74.143480999999952,4.5445760000000632],[-74.143560999999977,4.5445670000000291],[-74.143480999999952,4.544234000000074],[-74.14346299999994,4.5441500000000588],[-74.143430999999964,4.5441200000000208],[-74.143396999999936,4.5439830000000256],[-74.143344999999954,4.5437780000000316],[-74.143335999999977,4.5437190000000669],[-74.143331999999987,4.5436950000000706],[-74.14331999999996,4.5436200000000326],[-74.143308999999988,4.5435230000000502],[-74.143296999999961,4.5432550000000447],[-74.143304999999941,4.5431690000000344],[-74.143317999999965,4.542974000000072],[-74.143318999999963,4.5428930000000491],[-74.143322999999953,4.5426440000000525],[-74.143325999999945,4.5425860000000284],[-74.143332999999984,4.54250200000007],[-74.143350999999939,4.5423240000000646],[-74.14336899999995,4.5420190000000389],[-74.143380999999977,4.5417170000000624],[-74.143377999999984,4.5415590000000634],[-74.143096999999955,4.5415640000000508],[-74.142806999999948,4.5415770000000748],[-74.142720999999938,4.5415760000000205],[-74.142560999999944,4.5415350000000672],[-74.142518999999936,4.5415110000000709],[-74.14244999999994,4.5415050000000292],[-74.142421999999954,4.5415020000000368],[-74.142304999999965,4.5414970000000494],[-74.142191999999966,4.5414930000000595],[-74.142139999999984,4.5414880000000721],[-74.142085999999949,4.5409400000000346],[-74.142055999999968,4.5406040000000303],[-74.142018999999948,4.540422000000035],[-74.141977999999938,4.5402220000000284],[-74.141951999999947,4.5400920000000724],[-74.141921999999965,4.5399420000000532],[-74.141813999999954,4.5393990000000599],[-74.141720999999961,4.5388870000000452],[-74.141954999999939,4.5389410000000225],[-74.142036999999959,4.5389610000000289],[-74.142170999999962,4.5390140000000656],[-74.142284999999958,4.539053000000024],[-74.142349999999965,4.5390750000000253],[-74.142420999999956,4.5390960000000291],[-74.14266699999996,4.5391070000000582],[-74.142814999999985,4.5390860000000544],[-74.142945999999938,4.5389610000000289],[-74.143111999999974,4.5387780000000362],[-74.143433999999957,4.5386330000000612],[-74.14379699999995,4.5384600000000432],[-74.143900999999971,4.5384280000000672],[-74.143973999999957,4.5384350000000495],[-74.144423999999958,4.5386420000000385],[-74.14475299999998,4.5388570000000641],[-74.14480199999997,4.5389130000000364],[-74.14490399999994,4.5389560000000415],[-74.144963999999959,4.5389790000000403],[-74.145046999999977,4.5390070000000264],[-74.145211999999958,4.5390500000000316],[-74.145465999999942,4.5390910000000417],[-74.145698999999979,4.5391080000000557],[-74.145994999999971,4.5391390000000342],[-74.146326999999985,4.5392440000000533],[-74.146461999999985,4.5392880000000559],[-74.146539999999959,4.5393170000000396],[-74.146538999999962,4.5388240000000337],[-74.146523999999943,4.5386050000000751],[-74.14652099999995,4.5383370000000696]]},"properties":{"OBJECTID":21,"OBJECTID_1":112,"RSPNRUTA":"ZP-261-2","RSPCDEFINI":"ZP-261","RSPDISTANC":23.56245041,"RSPDENOMIN":"EL TESORO-ESTRELLA - FLORESTA","RSPTRUTA":"PROVISIONAL","RSPORIGEN":"CIUDAD BOLIVAR","RSPDESTINO":"NEUTRA","RSPIRUTA":175,"SHAPELEN":23738.176460582803,"Shape_Length":0.044051136221116498}},{"type":"Feature","id":22,"geometry":{"type":"MultiLineString","coordinates":[[[-74.181207762999975,4.5995998140000438],[-74.18116299999997,4.5995020000000295],[-74.181143999999961,4.5994580000000269],[-74.180792999999937,4.5987190000000737],[-74.180731999999978,4.5985730000000444],[-74.180623999999966,4.5983240000000478],[-74.180605999999955,4.5982790000000477],[-74.180510999999967,4.5980810000000361],[-74.180222999999955,4.5975190000000339],[-74.179756999999938,4.5974070000000324],[-74.179633999999965,4.5973770000000513],[-74.179544999999962,4.5973360000000412],[-74.179482999999948,4.5972810000000663],[-74.179428999999971,4.5971490000000585],[-74.17935099999994,4.597090000000037],[-74.17934699999995,4.5969960000000469],[-74.179341999999963,4.5969010000000594],[-74.179335999999978,4.5967700000000491],[-74.179216999999937,4.5967760000000339],[-74.17908099999994,4.5967600000000743],[-74.178666999999962,4.5967780000000289],[-74.178293999999937,4.5967860000000655],[-74.177573999999936,4.5967880000000605],[-74.177490999999975,4.5967850000000681],[-74.177393999999936,4.5967810000000213],[-74.17569199999997,4.59661600000004],[-74.175367999999935,4.5965760000000273],[-74.174607999999978,4.5964590000000385],[-74.171374999999955,4.5959880000000339],[-74.169781999999941,4.5957590000000437],[-74.169357999999988,4.5957010000000764],[-74.16886599999998,4.5956610000000637],[-74.167578999999989,4.5956440000000498],[-74.167270999999971,4.5956390000000624],[-74.166519999999934,4.5956240000000435],[-74.165618999999936,4.5956350000000725],[-74.165092999999956,4.5955960000000573],[-74.164947999999981,4.5955720000000611],[-74.164940999999942,4.5955730000000585],[-74.164938999999947,4.5955720000000611],[-74.164932999999962,4.5955720000000611],[-74.16492999999997,4.5955710000000636],[-74.164923999999985,4.5955720000000611],[-74.164920999999936,4.5955710000000636],[-74.164914999999951,4.5955710000000636],[-74.164912999999956,4.5955710000000636],[-74.164905999999974,4.5955710000000636],[-74.164903999999979,4.5955700000000661],[-74.164896999999939,4.5955710000000636],[-74.164894999999945,4.5955700000000661],[-74.164887999999962,4.5955700000000661],[-74.164885999999967,4.5955700000000661],[-74.164878999999985,4.5955700000000661],[-74.164876999999933,4.5955690000000686],[-74.164869999999951,4.5955700000000661],[-74.164867999999956,4.5955690000000686],[-74.164860999999974,4.5955690000000686],[-74.164858999999979,4.5955690000000686],[-74.164851999999939,4.5955690000000686],[-74.164849999999944,4.5955680000000712],[-74.164842999999962,4.5955690000000686],[-74.164840999999967,4.5955680000000712],[-74.164833999999985,4.5955680000000712],[-74.164831999999933,4.5955680000000712],[-74.164510999999948,4.5955450000000724],[-74.164412999999968,4.5955340000000433],[-74.164003999999977,4.5955330000000458],[-74.162861999999961,4.5955290000000559],[-74.162777999999946,4.5955280000000585],[-74.162628999999981,4.5955080000000521],[-74.162447999999983,4.5954960000000256],[-74.162422999999933,4.5954250000000343],[-74.162360999999976,4.595356000000038],[-74.162324999999953,4.5953250000000594],[-74.162179999999978,4.5951680000000579],[-74.162113999999974,4.5950960000000691],[-74.162075999999956,4.5950420000000349],[-74.162038999999936,4.5949840000000677],[-74.162032999999951,4.5949730000000386],[-74.161979999999971,4.5948630000000321],[-74.161974999999984,4.5948530000000574],[-74.161970999999937,4.5948320000000535],[-74.161942999999951,4.5947400000000584],[-74.161936999999966,4.5947100000000205],[-74.161927999999989,4.5946590000000356],[-74.161922999999945,4.594615000000033],[-74.161925999999937,4.5945440000000417],[-74.161726999999985,4.5930300000000557],[-74.161629999999946,4.5921540000000505],[-74.16158699999994,4.5917180000000712],[-74.16154199999994,4.5912920000000668],[-74.16149699999994,4.5908510000000433],[-74.161490999999955,4.5908090000000357],[-74.161487999999963,4.5907770000000596],[-74.161476999999934,4.5907090000000608],[-74.161485999999968,4.5906960000000367],[-74.161490999999955,4.5906870000000595],[-74.161493999999948,4.5906770000000279],[-74.161494999999945,4.5906680000000506],[-74.161472999999944,4.5904570000000717],[-74.161472999999944,4.5904350000000704],[-74.161467999999957,4.5904140000000666],[-74.161441999999965,4.590139000000022],[-74.16143999999997,4.5901300000000447],[-74.161435999999981,4.5901220000000649],[-74.161431999999934,4.5901140000000282],[-74.161424999999952,4.5901060000000484],[-74.161417999999969,4.5900980000000686],[-74.161404999999945,4.590088000000037],[-74.161387999999988,4.5899260000000481],[-74.161377999999957,4.5897930000000429],[-74.161339999999939,4.5895060000000285],[-74.161336999999946,4.5894130000000359],[-74.161306999999965,4.5889870000000315],[-74.161260999999968,4.5885440000000699],[-74.161194999999964,4.5880630000000338],[-74.161106999999959,4.5877350000000661],[-74.160897999999975,4.5872400000000653],[-74.159749999999974,4.5848760000000652],[-74.158908999999937,4.5831140000000232],[-74.158692999999971,4.5826620000000275],[-74.158086999999966,4.5815410000000725],[-74.157829999999933,4.5811220000000503],[-74.157826999999941,4.5811190000000579],[-74.157526999999959,4.5805400000000418],[-74.157523999999967,4.5805350000000544],[-74.157476999999972,4.5804360000000202],[-74.157476999999972,4.5804350000000227],[-74.157472999999982,4.5804260000000454],[-74.157471999999984,4.580423000000053],[-74.157448999999986,4.5803640000000314],[-74.15731599999998,4.5801010000000701],[-74.157292999999981,4.580058000000065],[-74.157099999999957,4.5796990000000619],[-74.156856999999945,4.5792540000000486],[-74.156520999999941,4.5786530000000312],[-74.156489999999962,4.5785940000000664],[-74.156309999999962,4.5782540000000722],[-74.156278999999984,4.578200000000038],[-74.156252999999936,4.5781620000000203],[-74.156240999999966,4.5781410000000733],[-74.156233999999984,4.5781320000000392],[-74.156196999999963,4.5780590000000529],[-74.156173999999965,4.5780000000000314],[-74.156168999999977,4.5779840000000718],[-74.156155999999953,4.5779430000000616],[-74.156139999999937,4.5779000000000565],[-74.156116999999938,4.5778510000000665],[-74.156058999999971,4.5777390000000651],[-74.155973999999958,4.5775800000000686],[-74.155828999999983,4.5773090000000707],[-74.155496999999968,4.5766850000000545],[-74.15537299999994,4.5764550000000668],[-74.155331999999987,4.5763770000000363],[-74.155309999999986,4.5763340000000312],[-74.155155999999977,4.5760510000000636],[-74.154987999999946,4.5757610000000568],[-74.154948999999988,4.5756990000000428],[-74.154831999999942,4.5755160000000501],[-74.154665999999963,4.5752570000000219],[-74.154466999999954,4.5749880000000758],[-74.154282999999964,4.5747510000000489],[-74.153989999999965,4.5743880000000559],[-74.153632999999957,4.574004000000059],[-74.153160999999955,4.5735520000000633],[-74.153076999999939,4.5734770000000253],[-74.152863999999965,4.5732980000000225],[-74.152626999999939,4.57310700000005],[-74.152585999999985,4.5730750000000739],[-74.152437999999961,4.57296400000007],[-74.152403999999933,4.5729370000000245],[-74.152352999999948,4.5729010000000585],[-74.152198999999939,4.5727940000000444],[-74.152049999999974,4.5726940000000695],[-74.151936999999975,4.5726210000000265],[-74.151900999999953,4.5726000000000226],[-74.151834999999949,4.5725600000000668],[-74.15166499999998,4.5724450000000729],[-74.151515999999958,4.5723430000000462],[-74.151301999999987,4.572208000000046],[-74.151196999999968,4.5721410000000446],[-74.150224999999978,4.5714450000000397],[-74.149106999999958,4.5706780000000435],[-74.147906999999975,4.5698550000000751],[-74.147604999999942,4.5696490000000267],[-74.147557999999947,4.5696170000000507],[-74.147426999999936,4.5695250000000556],[-74.14739899999995,4.5695060000000467],[-74.147365999999977,4.5694840000000454],[-74.147326999999962,4.5694540000000643],[-74.147325999999964,4.5694540000000643],[-74.147316999999987,4.5694480000000226],[-74.147152999999946,4.5693360000000212],[-74.146932999999933,4.5691860000000588],[-74.14670499999994,4.5690310000000522],[-74.14647599999995,4.5688750000000482],[-74.146263999999974,4.5687290000000758],[-74.14600699999994,4.5685520000000679],[-74.145967999999982,4.5685270000000742],[-74.145690999999943,4.5683390000000372],[-74.145333999999934,4.568093000000033],[-74.145317999999975,4.5680830000000583],[-74.145243999999934,4.5680320000000734],[-74.145089999999982,4.5679250000000593],[-74.145044999999982,4.5678970000000731],[-74.145017999999936,4.5678790000000618],[-74.144942999999955,4.5678270000000225],[-74.14490399999994,4.5678010000000313],[-74.144998999999984,4.5677060000000438],[-74.14503499999995,4.5676750000000652],[-74.145058999999947,4.567651000000069],[-74.145070999999973,4.5676150000000462],[-74.145069999999976,4.5675790000000234],[-74.144987999999955,4.5674370000000408],[-74.144683999999984,4.5671180000000504],[-74.144334999999955,4.5667420000000334],[-74.144175999999959,4.5665700000000697],[-74.14402199999995,4.5663720000000581],[-74.14387899999997,4.5661900000000628],[-74.143728999999951,4.5659650000000624],[-74.143481999999949,4.5655630000000542],[-74.143254999999954,4.5652090000000385],[-74.143148999999937,4.5650320000000306],[-74.142986999999948,4.5647610000000327],[-74.142739999999947,4.564360000000022],[-74.142503999999974,4.563959000000068],[-74.142254999999977,4.5635580000000573],[-74.142083999999954,4.5633190000000354],[-74.141969999999958,4.563171000000068],[-74.141673999999966,4.5628700000000322],[-74.141404999999963,4.5626460000000293],[-74.141167999999936,4.562479000000053],[-74.140985999999941,4.5623750000000314],[-74.140519999999981,4.5620830000000296],[-74.140149999999949,4.5618840000000205],[-74.14002499999998,4.5618550000000369],[-74.139811999999949,4.5618440000000646],[-74.139541999999949,4.5618310000000406],[-74.139426999999955,4.5618090000000393],[-74.139386999999942,4.5617970000000696],[-74.139255999999989,4.5617500000000746],[-74.139143999999987,4.5617320000000632],[-74.139163999999937,4.5616230000000542],[-74.13919999999996,4.5613390000000322],[-74.139246999999955,4.5610250000000292],[-74.139265999999964,4.5608910000000265],[-74.139310999999964,4.5605710000000386],[-74.139335999999957,4.5603190000000495],[-74.139335999999957,4.5601370000000543],[-74.139329999999973,4.5599540000000616],[-74.139318999999944,4.5597750000000588],[-74.139298999999937,4.5596190000000547],[-74.139238999999975,4.5592690000000289],[-74.139172999999971,4.5590200000000323],[-74.139151999999967,4.5589570000000208],[-74.139117999999939,4.5588550000000509],[-74.139043999999956,4.5586430000000746],[-74.139002999999946,4.5585330000000681],[-74.13895999999994,4.5584090000000401],[-74.13892199999998,4.5583020000000261],[-74.138892999999939,4.5582410000000664],[-74.138829999999984,4.5580740000000333],[-74.138763999999981,4.5578910000000405],[-74.138746999999967,4.5578530000000228],[-74.138515999999981,4.5571690000000444],[-74.138450999999975,4.5569690000000378],[-74.138364999999965,4.556709000000069],[-74.138292999999976,4.5564940000000433],[-74.138166999999953,4.5560870000000477],[-74.138149999999939,4.5560320000000729],[-74.138045999999974,4.5556940000000736],[-74.137927999999988,4.5553240000000415],[-74.137877999999944,4.555165000000045],[-74.137833999999941,4.5550400000000764],[-74.137651999999946,4.5545170000000326],[-74.137429999999938,4.5538800000000492],[-74.137306999999964,4.5535160000000587],[-74.137220999999954,4.5532660000000647],[-74.137028999999984,4.5527010000000701],[-74.136993999999959,4.5526010000000383],[-74.136971999999957,4.5525390000000243],[-74.136893999999984,4.5523100000000341],[-74.13687699999997,4.5522660000000315],[-74.136772999999948,4.5519560000000752],[-74.136681999999951,4.5516500000000519],[-74.136622999999986,4.5513030000000754],[-74.136610999999959,4.5508880000000431],[-74.136654999999962,4.5505240000000526],[-74.136712999999986,4.5502270000000635],[-74.137001999999939,4.5490230000000338],[-74.137133999999946,4.5484830000000329],[-74.137197999999955,4.5481420000000412],[-74.137227999999936,4.5476320000000214],[-74.137204999999938,4.5473610000000235],[-74.137088999999946,4.5468330000000492],[-74.136890999999935,4.5463510000000724],[-74.136641999999938,4.5458400000000552],[-74.136454999999955,4.5455130000000281],[-74.136288999999977,4.5451910000000453],[-74.136146999999937,4.5449180000000524],[-74.135980999999958,4.544599000000062],[-74.135842999999966,4.5443330000000515],[-74.135785999999939,4.5442240000000425],[-74.134622999999976,4.5419820000000755],[-74.133938999999941,4.5406670000000418],[-74.133784999999989,4.5404050000000211],[-74.133617999999956,4.5401810000000751],[-74.133534999999938,4.5400510000000622],[-74.133461999999952,4.539950000000033],[-74.133403999999985,4.5398780000000443],[-74.133321999999964,4.5397830000000567],[-74.133246999999983,4.539698000000044],[-74.133209999999963,4.5396580000000313],[-74.133171999999945,4.5396200000000704],[-74.133142999999961,4.5395940000000223],[-74.133055999999954,4.5395090000000664],[-74.132972999999936,4.539431000000036],[-74.132859999999937,4.5393300000000636],[-74.131733999999938,4.538451000000066],[-74.130706999999973,4.5376490000000445],[-74.129106999999976,4.5363920000000348],[-74.128819999999962,4.5361240000000294],[-74.128588999999977,4.5358680000000504],[-74.12834799999996,4.5355460000000676],[-74.128161999999975,4.5352480000000241],[-74.127977999999985,4.5348830000000362],[-74.127814999999941,4.5344660000000658],[-74.127719999999954,4.5341230000000223],[-74.127652999999952,4.5337690000000634],[-74.127560999999957,4.5331820000000675],[-74.127252999999939,4.5307860000000346],[-74.127130999999963,4.5298500000000672],[-74.126956999999948,4.5285350000000335],[-74.126783999999986,4.5272160000000667],[-74.126711999999941,4.5266650000000368],[-74.126665999999943,4.5263060000000337],[-74.126651999999979,4.5262050000000613],[-74.126598999999942,4.5258470000000557],[-74.126572999999951,4.5256800000000226],[-74.126545999999962,4.5255670000000237],[-74.126512999999989,4.525431000000026],[-74.126464999999939,4.5252780000000712],[-74.126413999999954,4.5251270000000545],[-74.126377999999988,4.5250270000000228],[-74.126342999999963,4.5249300000000403],[-74.126263999999935,4.5247390000000678],[-74.12620499999997,4.5246120000000474],[-74.126151999999934,4.5245020000000409],[-74.126058999999941,4.5243310000000747],[-74.125994999999989,4.5242200000000707],[-74.125964999999951,4.5241730000000757],[-74.12593899999996,4.5241360000000554],[-74.125783999999953,4.5239010000000235],[-74.125541999999939,4.5235890000000722],[-74.125246999999945,4.5232610000000477],[-74.124409999999955,4.5223300000000677],[-74.124278999999945,4.5221850000000359],[-74.124100999999939,4.5219830000000343],[-74.123924999999986,4.5217860000000201],[-74.123743999999988,4.5215860000000703],[-74.12356699999998,4.5213890000000561],[-74.123373999999956,4.5211740000000304],[-74.123197999999945,4.5209770000000731],[-74.123008999999968,4.5207520000000727],[-74.122957734999943,4.5206813460000603]],[[-74.118753177999963,4.493821601000036],[-74.118755999999962,4.4938110000000506],[-74.118747999999982,4.4936380000000327],[-74.118718999999942,4.493419000000074],[-74.118674999999939,4.4932860000000687],[-74.118646785999942,4.4930943110000499]],[[-74.11864610799995,4.4930897010000308],[-74.118640999999968,4.4930550000000267],[-74.118649999999946,4.4930110000000241],[-74.118661999999972,4.4929540000000543],[-74.118673999999942,4.4928900000000453],[-74.118682999999976,4.4928190000000541],[-74.118688999999961,4.49276100000003],[-74.118698999999935,4.4926860000000488],[-74.11871199999996,4.4926250000000323],[-74.118724999999984,4.4925420000000713],[-74.118761999999947,4.4922730000000684],[-74.118790999999987,4.4920280000000616],[-74.118813999999986,4.4918350000000373],[-74.118833999999936,4.4917300000000751],[-74.118863999999974,4.4915600000000495],[-74.118962999999951,4.4911940000000641],[-74.118980999999962,4.49113600000004],[-74.119000999999969,4.4910630000000538],[-74.119025999999963,4.4909950000000549],[-74.119088999999974,4.4907800000000293],[-74.119151999999985,4.4905370000000744],[-74.119295999999963,4.4902260000000638],[-74.119410999999957,4.4899320000000671],[-74.119891999999936,4.4888080000000627],[-74.119922999999972,4.4887280000000374],[-74.120000999999945,4.4885190000000534],[-74.120025999999939,4.4884160000000293],[-74.120253999999989,4.487476000000072],[-74.120291999999949,4.4872630000000413],[-74.120255999999983,4.4869750000000295],[-74.120164999999986,4.4865160000000515],[-74.120009999999979,4.4858840000000555],[-74.119984999999986,4.48561600000005],[-74.120013999999969,4.4850650000000201],[-74.120060999999964,4.4846400000000699],[-74.120111999999949,4.4844360000000734],[-74.120198999999957,4.484213000000068],[-74.120400999999958,4.4838090000000648],[-74.120666999999969,4.4832260000000588],[-74.120889999999974,4.4828610000000708],[-74.120924999999943,4.4827890000000252],[-74.121181999999976,4.4824090000000751],[-74.121273999999971,4.4822330000000647],[-74.121362999999974,4.4819640000000618],[-74.121412999999961,4.4817490000000362],[-74.121423999999934,4.4816410000000246],[-74.121400999999935,4.4813410000000431],[-74.121305999999947,4.4810360000000742],[-74.121114999999975,4.4804500000000758],[-74.121091999999976,4.4803110000000288],[-74.121101999999951,4.4801170000000639],[-74.121138375999976,4.4800418460000628]],[[-74.121185104999938,4.4799453020000328],[-74.121207999999967,4.4798980000000483],[-74.121473088999949,4.4793019620000223]]]},"properties":{"OBJECTID":22,"OBJECTID_1":137,"RSPNRUTA":"ZP-P23-2","RSPCDEFINI":"ZP-P23","RSPDISTANC":25.750099179999999,"RSPDENOMIN":"USME - BOSA","RSPTRUTA":"PROVISIONAL","RSPORIGEN":"USME","RSPDESTINO":"BOSA","RSPIRUTA":205,"SHAPELEN":25938.974003835501,"Shape_Length":0.12547026233667732}},{"type":"Feature","id":23,"geometry":{"type":"LineString","coordinates":[[-74.146591999999941,4.532743000000039],[-74.146611999999948,4.5328500000000531],[-74.146631999999954,4.532952000000023],[-74.146672999999964,4.5330720000000611],[-74.146733999999981,4.5331780000000208],[-74.147198999999944,4.5336560000000645],[-74.147202999999934,4.5337240000000634],[-74.147190999999964,4.5339750000000549],[-74.147152999999946,4.5342570000000251],[-74.147135999999989,4.5345400000000495],[-74.147153999999944,4.5349920000000452],[-74.147164999999973,4.5353460000000609],[-74.147181999999987,4.5355500000000575],[-74.147186999999974,4.5357910000000743],[-74.147196999999949,4.5359540000000607],[-74.147193999999956,4.536215000000027],[-74.147283999999956,4.5362460000000624],[-74.147837999999979,4.5368700000000217],[-74.147923999999989,4.5369420000000673],[-74.148052999999948,4.5371650000000727],[-74.148104999999987,4.5373110000000452],[-74.14819099999994,4.537537000000043],[-74.148221999999976,4.5376200000000608],[-74.148259999999937,4.5377270000000749],[-74.148279999999943,4.5377880000000346],[-74.148359999999968,4.5379330000000664],[-74.148478999999952,4.5381420000000503],[-74.148513999999977,4.5381990000000201],[-74.148539999999969,4.5382240000000706],[-74.148722999999961,4.5384990000000585],[-74.148878999999965,4.5387200000000689],[-74.148931999999945,4.5387710000000538],[-74.149012999999968,4.538908000000049],[-74.14897499999995,4.5389580000000365],[-74.148028999999951,4.540155000000027],[-74.148453999999958,4.5404270000000224],[-74.148521999999957,4.5404680000000326],[-74.148743999999965,4.5406060000000252],[-74.148834999999963,4.5406640000000493],[-74.149167999999975,4.5410530000000335],[-74.14930099999998,4.5412330000000338],[-74.149370999999974,4.5414690000000633],[-74.149407999999937,4.541637000000037],[-74.149418999999966,4.541686000000027],[-74.149485999999968,4.5418110000000524],[-74.149523999999985,4.541872000000069],[-74.149584999999945,4.541966000000059],[-74.149656999999934,4.5420590000000516],[-74.149697999999944,4.5421150000000239],[-74.149736999999959,4.5421590000000265],[-74.149777999999969,4.5421970000000442],[-74.149838999999986,4.5422520000000759],[-74.149870999999962,4.5422830000000545],[-74.149889999999971,4.5423100000000431],[-74.149902999999938,4.542344000000071],[-74.149904999999933,4.5424950000000308],[-74.149906999999985,4.5425450000000751],[-74.149910999999975,4.542598000000055],[-74.149919999999952,4.542679000000021],[-74.149929999999983,4.5427060000000665],[-74.149951999999985,4.5427500000000691],[-74.14995799999997,4.5427830000000426],[-74.150033999999948,4.5430040000000531],[-74.150062999999989,4.5431160000000546],[-74.150069999999971,4.5431980000000749],[-74.150091999999972,4.5434170000000336],[-74.150101999999947,4.5434980000000564],[-74.150125999999943,4.5437050000000454],[-74.15013399999998,4.5438500000000204],[-74.150107999999989,4.5440070000000219],[-74.150077999999951,4.5440360000000624],[-74.149845999999968,4.5442120000000727],[-74.149746999999934,4.5443590000000427],[-74.149706999999978,4.5444330000000264],[-74.149648999999954,4.5445930000000203],[-74.14961999999997,4.544708000000071],[-74.149567999999988,4.5448100000000409],[-74.149405999999942,4.5450280000000589],[-74.149065999999948,4.5452500000000668],[-74.149031999999977,4.5453010000000518],[-74.148964999999976,4.5453960000000393],[-74.148934999999938,4.5454310000000646],[-74.148862999999949,4.5455160000000205],[-74.148800999999935,4.5455960000000459],[-74.148709999999937,4.5457040000000575],[-74.148675999999966,4.5457460000000651],[-74.148584999999969,4.5458690000000388],[-74.148527999999942,4.5459390000000326],[-74.148216999999988,4.5463420000000383],[-74.148098999999945,4.54649100000006],[-74.14808499999998,4.5465630000000488],[-74.148067999999967,4.5469320000000266],[-74.148057999999935,4.5470180000000369],[-74.148017999999979,4.5472370000000524],[-74.147943999999939,4.5473120000000335],[-74.14787199999995,4.5475520000000529],[-74.147847999999954,4.5478690000000483],[-74.147819999999967,4.5479790000000548],[-74.147799999999961,4.5480420000000663],[-74.147694999999942,4.5484130000000391],[-74.147646999999949,4.5486560000000509],[-74.147612999999978,4.5489610000000766],[-74.147598999999957,4.5489900000000603],[-74.147583999999938,4.5491180000000213],[-74.147566999999981,4.5492450000000417],[-74.147575999999958,4.5494020000000432],[-74.147566999999981,4.5495400000000359],[-74.147571999999968,4.5495920000000751],[-74.147582999999941,4.5497180000000412],[-74.147585999999933,4.5498020000000565],[-74.147577999999953,4.5498530000000414],[-74.147562999999934,4.5499030000000289],[-74.147538999999938,4.5499530000000732],[-74.147480999999971,4.5500250000000619],[-74.147338999999988,4.5502060000000597],[-74.147191999999961,4.5503250000000435],[-74.14702699999998,4.5504280000000676],[-74.146938999999975,4.5504540000000588],[-74.146808999999962,4.550482000000045],[-74.146735999999976,4.550497000000064],[-74.146527999999989,4.5505450000000565],[-74.146275999999943,4.5506580000000554],[-74.146244999999965,4.5506830000000491],[-74.146040999999968,4.5508070000000203],[-74.145974999999964,4.5508520000000203],[-74.145686999999953,4.5510340000000724],[-74.145577999999944,4.5511080000000561],[-74.145480999999961,4.5511750000000575],[-74.145435999999961,4.5512070000000335],[-74.145395999999948,4.5512440000000538],[-74.145357999999987,4.551285000000064],[-74.145325999999955,4.5513270000000716],[-74.145290999999986,4.5513730000000692],[-74.145200999999986,4.5515010000000302],[-74.145091999999977,4.5516640000000734],[-74.144798999999978,4.5520870000000286],[-74.144748999999933,4.5521590000000742],[-74.144651999999951,4.5522870000000353],[-74.144448999999952,4.5525830000000269],[-74.144041999999956,4.5531990000000633],[-74.143622999999934,4.5534510000000523],[-74.143474999999967,4.5534920000000625],[-74.143420999999989,4.5534920000000625],[-74.14337299999994,4.5534690000000637],[-74.143317999999965,4.5534220000000687],[-74.143288999999982,4.5533640000000446],[-74.143272999999965,4.5532950000000483],[-74.143277999999952,4.5532450000000608],[-74.143291999999974,4.5531940000000759],[-74.143382999999972,4.5530330000000276],[-74.143399999999986,4.552955000000054],[-74.143353999999988,4.5528790000000754],[-74.143310999999983,4.5528510000000324],[-74.143258999999944,4.5528340000000753],[-74.143203999999969,4.5528360000000703],[-74.142883999999981,4.5529120000000489],[-74.142765999999938,4.5529120000000489],[-74.142627999999945,4.5528690000000438],[-74.142267999999945,4.5528270000000362],[-74.142199999999946,4.552861000000064],[-74.141924999999958,4.5529990000000566],[-74.141774999999939,4.5530940000000442],[-74.141390999999942,4.5533380000000534],[-74.141260999999986,4.5534240000000636],[-74.141003999999953,4.55368500000003],[-74.140899999999988,4.553747000000044],[-74.140768999999977,4.5537800000000743],[-74.140331999999944,4.5537080000000287],[-74.140313999999989,4.5537440000000515],[-74.140132999999935,4.5538680000000227],[-74.139940999999965,4.5539870000000633],[-74.139927999999941,4.5540050000000747],[-74.139882999999941,4.5540300000000684],[-74.139786999999956,4.5540700000000243],[-74.139548999999988,4.554172000000051],[-74.139493999999956,4.5541870000000699],[-74.139457999999934,4.5542020000000321],[-74.139106999999967,4.5543140000000335],[-74.138683999999955,4.5544510000000287],[-74.138377999999989,4.5545500000000629],[-74.138253999999961,4.5547070000000645],[-74.138015999999936,4.555054000000041],[-74.137994999999989,4.5550660000000676],[-74.137951999999984,4.5550820000000272],[-74.137925999999936,4.5550840000000221],[-74.137904999999989,4.5550860000000739],[-74.137875999999949,4.5550790000000347],[-74.137855999999942,4.5550610000000233],[-74.137833999999941,4.5550400000000764],[-74.137651999999946,4.5545170000000326],[-74.137429999999938,4.5538800000000492],[-74.137306999999964,4.5535160000000587],[-74.137266999999952,4.5535280000000284],[-74.137225999999941,4.5535280000000284],[-74.137185999999986,4.5535160000000587],[-74.137141999999983,4.5535170000000562],[-74.137100999999973,4.5535310000000209],[-74.13706899999994,4.5535560000000714],[-74.137045999999941,4.5535880000000475],[-74.137002999999936,4.5536100000000488],[-74.136957999999936,4.5536240000000703],[-74.137088999999946,4.5539780000000292],[-74.137243999999953,4.5544410000000539],[-74.137523999999985,4.5552350000000388],[-74.13770599999998,4.5557750000000397],[-74.137810999999942,4.5560850000000528],[-74.137841999999978,4.5561760000000504],[-74.137980999999968,4.5565800000000536],[-74.138053999999954,4.5567970000000741],[-74.138145999999949,4.5570620000000304],[-74.138216999999941,4.5572600000000421],[-74.138455999999962,4.5579490000000646],[-74.138387999999964,4.5581830000000423],[-74.138248999999973,4.5586050000000569],[-74.138201999999978,4.5586850000000254],[-74.138158999999973,4.5587350000000697],[-74.138130999999987,4.5587560000000735],[-74.137797999999975,4.5588980000000561],[-74.137471999999946,4.5590340000000538],[-74.137456999999984,4.5590480000000753],[-74.137276999999983,4.5592980000000694],[-74.137242999999955,4.559265000000039],[-74.137184999999988,4.5591940000000477],[-74.13691799999998,4.5587640000000533],[-74.136823999999933,4.5586810000000355],[-74.136714999999981,4.5586520000000519],[-74.136293999999964,4.5585950000000253],[-74.135922999999934,4.5585350000000631],[-74.135839999999973,4.5585210000000416],[-74.135429999999985,4.5584640000000718],[-74.135280999999964,4.5584650000000693],[-74.135055999999963,4.5584940000000529],[-74.134881999999948,4.5585490000000277],[-74.134759999999972,4.5586070000000518],[-74.134665999999982,4.5586710000000608],[-74.13437799999997,4.5588700000000699],[-74.134000999999955,4.5591580000000249],[-74.13372499999997,4.5593520000000467],[-74.132727999999986,4.5600540000000365],[-74.132371999999975,4.5603310000000761],[-74.132143999999982,4.5605140000000688],[-74.13146299999994,4.5609890000000632],[-74.131251999999961,4.5611670000000686],[-74.131199924999976,4.5612250190000623]]},"properties":{"OBJECTID":23,"OBJECTID_1":145,"RSPNRUTA":"ZP-P47-1","RSPCDEFINI":"ZP-P47","RSPDISTANC":18.231119159999999,"RSPDENOMIN":"ARABIA - SAN DIEGO CENTRO","RSPTRUTA":"PROVISIONAL","RSPORIGEN":"CIUDAD BOLIVAR","RSPDESTINO":"NEUTRA","RSPIRUTA":214,"SHAPELEN":18296.9417400926,"Shape_Length":0.048541056720822588}},{"type":"Feature","id":24,"geometry":{"type":"LineString","coordinates":[[-74.168131999999957,4.5709440000000541],[-74.168254999999988,4.5710920000000215],[-74.168362999999943,4.571249000000023],[-74.168327999999974,4.5712830000000508],[-74.168145999999979,4.5714410000000498],[-74.168042999999955,4.5715350000000399],[-74.167471999999975,4.5720640000000685],[-74.167410999999959,4.5721270000000231],[-74.167122999999947,4.5723740000000248],[-74.166955999999971,4.5725160000000642],[-74.166805999999951,4.5726360000000454],[-74.166766999999936,4.5726700000000733],[-74.166682999999978,4.5727340000000254],[-74.166565999999989,4.5728460000000268],[-74.166427999999939,4.5729800000000296],[-74.165603999999973,4.5730540000000701],[-74.165528999999935,4.5730650000000423],[-74.164687999999956,4.5731210000000715],[-74.164638999999966,4.5731160000000273],[-74.164535999999941,4.5730890000000386],[-74.164034999999956,4.5730610000000524],[-74.163143999999988,4.5731240000000639],[-74.163103999999976,4.5731270000000563],[-74.163012999999978,4.5731330000000412],[-74.162202999999977,4.5731880000000729],[-74.162170999999944,4.5731950000000552],[-74.161297999999988,4.5732540000000199],[-74.161208999999985,4.5732620000000566],[-74.16116599999998,4.5733770000000504],[-74.161206999999933,4.5734570000000758],[-74.161291999999946,4.5735460000000216],[-74.161441999999965,4.5737570000000574],[-74.161560999999949,4.5738650000000689],[-74.161764999999946,4.5741030000000364],[-74.16181899999998,4.574164000000053],[-74.162052999999958,4.5744610000000421],[-74.162101999999948,4.5745220000000586],[-74.162263999999936,4.5747020000000589],[-74.162327999999945,4.5747860000000742],[-74.16257399999995,4.575110000000052],[-74.162669999999935,4.5752580000000762],[-74.162767999999971,4.5753800000000524],[-74.162926999999968,4.5755850000000464],[-74.162948999999969,4.5756030000000578],[-74.163136999999949,4.5758550000000469],[-74.163330999999971,4.5761290000000372],[-74.163549999999987,4.5763670000000616],[-74.163742999999954,4.5765810000000329],[-74.163965999999959,4.5767690000000698],[-74.164225999999985,4.5768620000000624],[-74.16469399999994,4.5769910000000209],[-74.164963999999941,4.5771650000000363],[-74.165116999999952,4.5773640000000455],[-74.166181999999935,4.5786750000000325],[-74.166033999999968,4.5788590000000227],[-74.165974999999946,4.5789650000000393],[-74.165895999999975,4.5791970000000219],[-74.165450999999962,4.5814830000000484],[-74.165336999999965,4.5818830000000617],[-74.165168999999935,4.5823460000000296],[-74.165050999999949,4.5826280000000565],[-74.164846999999952,4.5830810000000497],[-74.164765999999986,4.5832110000000625],[-74.164663999999959,4.5833270000000539],[-74.164571999999964,4.5834210000000439],[-74.164444999999944,4.5835210000000757],[-74.164335999999935,4.5835860000000253],[-74.164079999999956,4.583701000000076],[-74.16386099999994,4.5837920000000736],[-74.163629999999955,4.583891000000051],[-74.163468999999964,4.5839450000000284],[-74.163369999999986,4.5839510000000701],[-74.163275999999939,4.583940000000041],[-74.163170999999977,4.583904000000075],[-74.163093999999944,4.5838460000000509],[-74.163035999999977,4.5837650000000281],[-74.163016999999968,4.5836790000000747],[-74.163018999999963,4.5835270000000605],[-74.163066999999955,4.582849000000067],[-74.163037999999972,4.5825580000000627],[-74.162976999999955,4.5823900000000322],[-74.162887999999953,4.5822300000000382],[-74.162772999999959,4.5820910000000481],[-74.162646999999936,4.5819760000000542],[-74.162533999999937,4.5819060000000604],[-74.162303999999949,4.5818040000000337],[-74.161710999999968,4.5815190000000712],[-74.161515999999949,4.5813660000000596],[-74.161334999999951,4.5811500000000365],[-74.160915999999986,4.5804360000000202],[-74.160828999999978,4.580312000000049],[-74.160731999999939,4.5802170000000615],[-74.16065999999995,4.5801600000000349],[-74.160450999999966,4.5800410000000511],[-74.160368999999946,4.5800140000000624],[-74.160206999999957,4.5799840000000245],[-74.160109999999975,4.5799820000000295],[-74.160023999999964,4.5799940000000561],[-74.159949999999981,4.5800020000000359],[-74.159843999999964,4.5800130000000649],[-74.159753999999964,4.5800320000000738],[-74.158439999999985,4.5802590000000691],[-74.157945999999981,4.5803550000000541],[-74.157761999999934,4.5803880000000277],[-74.157745999999975,4.5803910000000201],[-74.157661999999959,4.5804050000000416],[-74.15760199999994,4.5804160000000707],[-74.157538999999986,4.5804250000000479],[-74.157476999999972,4.5804360000000202],[-74.157322999999963,4.5804560000000265],[-74.157362999999975,4.5805520000000683],[-74.157411999999965,4.5806730000000471],[-74.15755699999994,4.5809490000000324],[-74.157647999999938,4.5811300000000301],[-74.157924999999977,4.5816200000000435],[-74.158613999999943,4.582932000000028],[-74.15964699999995,4.5850670000000378],[-74.160734999999988,4.5873130000000515],[-74.160754999999938,4.5873540000000617],[-74.160935999999936,4.5877950000000283],[-74.160946999999965,4.587820000000022],[-74.161026999999933,4.5881250000000477],[-74.161084999999957,4.5885580000000346],[-74.161133999999947,4.589001000000053],[-74.161138999999935,4.5890770000000316],[-74.161146999999971,4.5891780000000608],[-74.161167999999975,4.5893410000000472],[-74.161174999999957,4.5893820000000574],[-74.161212999999975,4.5894160000000284],[-74.161241999999959,4.5894400000000246],[-74.16126799999995,4.5894630000000234],[-74.161313999999948,4.5894930000000613],[-74.161339999999939,4.5895060000000285],[-74.162170999999944,4.5892810000000281],[-74.163087999999959,4.5889960000000656],[-74.164311999999939,4.5886200000000485],[-74.165089999999964,4.5883790000000317],[-74.165262999999982,4.588322000000062],[-74.165316999999959,4.5883030000000531],[-74.166282999999964,4.5880120000000488],[-74.167028999999957,4.587784000000056],[-74.167085999999983,4.5877680000000396],[-74.167134999999973,4.5879010000000449],[-74.167173999999989,4.5880350000000476],[-74.167214999999942,4.5881760000000327],[-74.167251999999962,4.5883130000000278],[-74.167275999999958,4.5884080000000722],[-74.167307999999935,4.5888440000000514],[-74.167308999999989,4.5889740000000643],[-74.167308999999989,4.5890490000000455],[-74.167303999999945,4.5894940000000588],[-74.16730599999994,4.5895920000000388],[-74.16730599999994,4.589665000000025],[-74.16730599999994,4.5897150000000693],[-74.167304999999942,4.5903960000000552],[-74.167303999999945,4.5904470000000401],[-74.167302999999947,4.5911240000000362],[-74.167303999999945,4.5912820000000352],[-74.167299999999955,4.5916090000000622],[-74.167294999999967,4.5928820000000314],[-74.16728999999998,4.594156000000055],[-74.167270999999971,4.5956390000000624],[-74.166519999999934,4.5956240000000435],[-74.165618999999936,4.5956350000000725],[-74.165092999999956,4.5955960000000573],[-74.164947999999981,4.5955720000000611],[-74.164940999999942,4.5955730000000585],[-74.164938999999947,4.5955720000000611],[-74.164932999999962,4.5955720000000611],[-74.16492999999997,4.5955710000000636],[-74.164923999999985,4.5955720000000611],[-74.164920999999936,4.5955710000000636],[-74.164914999999951,4.5955710000000636],[-74.164912999999956,4.5955710000000636],[-74.164905999999974,4.5955710000000636],[-74.164903999999979,4.5955700000000661],[-74.164896999999939,4.5955710000000636],[-74.164894999999945,4.5955700000000661],[-74.164887999999962,4.5955700000000661],[-74.164885999999967,4.5955700000000661],[-74.164878999999985,4.5955700000000661],[-74.164876999999933,4.5955690000000686],[-74.164869999999951,4.5955700000000661],[-74.164867999999956,4.5955690000000686],[-74.164860999999974,4.5955690000000686],[-74.164858999999979,4.5955690000000686],[-74.164851999999939,4.5955690000000686],[-74.164849999999944,4.5955680000000712],[-74.164842999999962,4.5955690000000686],[-74.164840999999967,4.5955680000000712],[-74.164833999999985,4.5955680000000712],[-74.164831999999933,4.5955680000000712],[-74.164510999999948,4.5955450000000724],[-74.164412999999968,4.5955340000000433],[-74.164003999999977,4.5955330000000458],[-74.162861999999961,4.5955290000000559],[-74.162777999999946,4.5955280000000585],[-74.162628999999981,4.5955080000000521],[-74.162447999999983,4.5954960000000256],[-74.162422999999933,4.5954250000000343],[-74.162360999999976,4.595356000000038],[-74.162324999999953,4.5953250000000594],[-74.162247999999977,4.5952590000000555],[-74.162129999999934,4.5952050000000213],[-74.162039999999934,4.5951810000000251],[-74.161881999999935,4.5951710000000503],[-74.161751999999979,4.5951950000000465],[-74.161649999999952,4.5952530000000706],[-74.161529999999971,4.5953130000000328],[-74.161422999999957,4.5954420000000482],[-74.161354999999958,4.5955600000000345],[-74.161326999999972,4.5956610000000637],[-74.161323999999979,4.5956900000000473],[-74.161315999999943,4.595766000000026],[-74.161324999999977,4.5958800000000224],[-74.161326999999972,4.5959060000000704],[-74.161347999999975,4.5960180000000719],[-74.161371999999972,4.5960810000000265],[-74.161392999999975,4.5961360000000582],[-74.161474999999939,4.596266000000071],[-74.161526999999978,4.5963280000000282],[-74.161570999999981,4.596364000000051],[-74.161675999999943,4.5964350000000422],[-74.161779999999965,4.5964800000000423],[-74.161884999999984,4.5965020000000436],[-74.162049999999965,4.5964980000000537],[-74.162197999999989,4.5964540000000511],[-74.162304999999947,4.5963780000000725],[-74.162477999999965,4.5961940000000254],[-74.162545999999963,4.5961680000000342],[-74.162638999999956,4.5961260000000266],[-74.162738999999988,4.5961040000000253],[-74.162935999999945,4.5960810000000265],[-74.164205999999979,4.5960410000000707],[-74.164424999999937,4.5960370000000239],[-74.164581999999939,4.5960100000000352],[-74.164802999999949,4.5959880000000339],[-74.164804999999944,4.5959880000000339],[-74.164811999999984,4.5959880000000339],[-74.164813999999978,4.5959870000000365],[-74.164819999999963,4.5959870000000365],[-74.164822999999956,4.5959870000000365],[-74.164828999999941,4.5959870000000365],[-74.164831999999933,4.595986000000039],[-74.164837999999975,4.5959870000000365],[-74.164846999999952,4.595986000000039],[-74.164849999999944,4.5959850000000415],[-74.164855999999986,4.595986000000039],[-74.164858999999979,4.5959850000000415],[-74.164864999999963,4.5959850000000415],[-74.165039999999976,4.5959640000000377],[-74.165047999999956,4.5959610000000453],[-74.165380999999968,4.5959420000000364],[-74.165714999999977,4.595937000000049],[-74.165939999999978,4.5959480000000212],[-74.166723999999988,4.5959450000000288],[-74.166874999999948,4.5959110000000578],[-74.167042999999978,4.5958660000000577],[-74.167268999999976,4.5958060000000387],[-74.167331999999988,4.5958070000000362],[-74.167580999999984,4.5957900000000222],[-74.168851999999958,4.595794000000069],[-74.16975999999994,4.5958910000000515],[-74.171030999999971,4.5960810000000265],[-74.171261999999956,4.5961710000000267],[-74.171434999999974,4.596238000000028],[-74.171529999999962,4.5962750000000483],[-74.172002999999961,4.5964720000000625],[-74.172566999999958,4.5965610000000652],[-74.173602999999957,4.5966580000000477],[-74.174046999999973,4.59671000000003],[-74.174966999999981,4.5968270000000757],[-74.175325999999984,4.5968730000000733],[-74.175610999999947,4.5969210000000658],[-74.175962999999967,4.5969730000000482],[-74.176293999999984,4.5970220000000381],[-74.176399999999944,4.5970380000000546],[-74.176964999999939,4.5970840000000521],[-74.177092999999957,4.5971890000000712],[-74.177200999999968,4.5973210000000222],[-74.177359999999965,4.5975530000000617],[-74.177345999999943,4.5977300000000696],[-74.177315999999962,4.5981730000000312],[-74.177334999999971,4.5984850000000392],[-74.177377999999976,4.5986860000000434],[-74.177437999999938,4.598873000000026],[-74.177624999999978,4.5992700000000468],[-74.177811764999944,4.5996584350000376]]},"properties":{"OBJECTID":24,"OBJECTID_1":66,"RSPNRUTA":"ZP-C9-1","RSPCDEFINI":"ZP-C9","RSPDISTANC":32.782180789999998,"RSPDENOMIN":"JERUSAL","RSPTRUTA":"PROVISIONAL","RSPORIGEN":"PERDOMO","RSPDESTINO":"CALLE 80","RSPIRUTA":116,"SHAPELEN":33000.410304978206,"Shape_Length":0.080248918644261327}},{"type":"Feature","id":25,"geometry":{"type":"LineString","coordinates":[[-74.142830825999965,4.5800300940000511],[-74.142932999999971,4.5799270000000547],[-74.142999999999972,4.5798510000000761],[-74.143020999999976,4.579827000000023],[-74.143038999999987,4.5798040000000242],[-74.143054999999947,4.579776000000038],[-74.143083999999988,4.5797200000000657],[-74.143113999999969,4.5796630000000391],[-74.143117999999959,4.5796550000000593],[-74.14314399999995,4.579618000000039],[-74.143195999999989,4.5795660000000566],[-74.143214999999941,4.5795590000000743],[-74.143230999999957,4.5795510000000377],[-74.14323799999994,4.5795460000000503],[-74.143249999999966,4.5795350000000212],[-74.14332799999994,4.579477000000054],[-74.143424999999979,4.5794160000000375],[-74.143502999999953,4.5793480000000386],[-74.14438599999994,4.5786950000000388],[-74.144591999999989,4.5785680000000752],[-74.144814999999937,4.5784760000000233],[-74.144998999999984,4.5784280000000308],[-74.145209999999963,4.5784010000000421],[-74.145430999999974,4.5784040000000346],[-74.145437999999956,4.5784040000000346],[-74.145637999999963,4.5784340000000725],[-74.145853999999986,4.5784980000000246],[-74.147183999999982,4.5790100000000393],[-74.149583999999948,4.5799630000000207],[-74.151095999999939,4.5805710000000204],[-74.151189999999986,4.5806080000000406],[-74.151214999999979,4.5806180000000722],[-74.151220999999964,4.5806220000000621],[-74.151419999999973,4.5807010000000332],[-74.151501999999937,4.5807350000000611],[-74.151509999999973,4.5807380000000535],[-74.151568999999938,4.5807510000000207],[-74.151573999999982,4.580752000000075],[-74.151643999999976,4.5807820000000561],[-74.151653999999951,4.5807900000000359],[-74.151666999999975,4.580801000000065],[-74.151674999999955,4.5808050000000549],[-74.151681999999937,4.5808090000000448],[-74.151723999999945,4.5808250000000612],[-74.152110999999934,4.5809750000000236],[-74.152398999999946,4.5810650000000237],[-74.152655999999979,4.5811240000000453],[-74.15300899999994,4.5811780000000226],[-74.153403999999966,4.5811910000000466],[-74.153739999999971,4.5811720000000378],[-74.153818999999942,4.581162000000063],[-74.153862999999944,4.5811560000000213],[-74.153953999999942,4.5811430000000541],[-74.154365999999982,4.5810730000000603],[-74.154506999999967,4.5810480000000666],[-74.154765999999938,4.5810050000000615],[-74.155092999999965,4.5809480000000349],[-74.155260999999939,4.5809180000000538],[-74.15533499999998,4.5809040000000323],[-74.155393999999944,4.5808900000000676],[-74.155431999999962,4.5808860000000209],[-74.155651999999975,4.5808500000000549],[-74.156113999999945,4.5807700000000295],[-74.156152999999961,4.5807640000000447],[-74.156610999999941,4.5806860000000711],[-74.156703999999934,4.5806670000000622],[-74.156833999999947,4.580641000000071],[-74.156852999999956,4.5806370000000243],[-74.157114999999976,4.5805930000000217],[-74.157239999999945,4.5805690000000254],[-74.157253999999966,4.5805670000000305],[-74.157304999999951,4.580564000000038],[-74.157362999999975,4.5805520000000683],[-74.157523999999967,4.5805350000000544],[-74.157476999999972,4.5804360000000202],[-74.157476999999972,4.5804350000000227],[-74.157472999999982,4.5804260000000454],[-74.157471999999984,4.580423000000053],[-74.157448999999986,4.5803640000000314],[-74.15731599999998,4.5801010000000701],[-74.157292999999981,4.580058000000065],[-74.157099999999957,4.5796990000000619],[-74.156856999999945,4.5792540000000486],[-74.156520999999941,4.5786530000000312],[-74.156489999999962,4.5785940000000664],[-74.156309999999962,4.5782540000000722],[-74.156278999999984,4.578200000000038],[-74.156252999999936,4.5781620000000203],[-74.156240999999966,4.5781410000000733],[-74.156233999999984,4.5781320000000392],[-74.156196999999963,4.5780590000000529],[-74.156173999999965,4.5780000000000314],[-74.156168999999977,4.5779840000000718],[-74.156155999999953,4.5779430000000616],[-74.156139999999937,4.5779000000000565],[-74.156116999999938,4.5778510000000665],[-74.156058999999971,4.5777390000000651],[-74.155973999999958,4.5775800000000686],[-74.155828999999983,4.5773090000000707],[-74.155496999999968,4.5766850000000545],[-74.15537299999994,4.5764550000000668],[-74.155331999999987,4.5763770000000363],[-74.155309999999986,4.5763340000000312],[-74.155155999999977,4.5760510000000636],[-74.154987999999946,4.5757610000000568],[-74.154948999999988,4.5756990000000428],[-74.154831999999942,4.5755160000000501],[-74.154665999999963,4.5752570000000219],[-74.154466999999954,4.5749880000000758],[-74.154282999999964,4.5747510000000489],[-74.153989999999965,4.5743880000000559],[-74.153632999999957,4.574004000000059],[-74.153160999999955,4.5735520000000633],[-74.153076999999939,4.5734770000000253],[-74.152863999999965,4.5732980000000225],[-74.152626999999939,4.57310700000005],[-74.152585999999985,4.5730750000000739],[-74.152437999999961,4.57296400000007],[-74.152403999999933,4.5729370000000245],[-74.152352999999948,4.5729010000000585],[-74.152198999999939,4.5727940000000444],[-74.152049999999974,4.5726940000000695],[-74.151936999999975,4.5726210000000265],[-74.151900999999953,4.5726000000000226],[-74.151834999999949,4.5725600000000668],[-74.15166499999998,4.5724450000000729],[-74.151515999999958,4.5723430000000462],[-74.151301999999987,4.572208000000046],[-74.151497999999947,4.5719080000000645],[-74.151634999999942,4.5717060000000629],[-74.15177099999994,4.5715060000000562],[-74.151878999999951,4.5713210000000686],[-74.152310999999941,4.5711250000000518],[-74.152320999999972,4.5710780000000568],[-74.152435999999966,4.5708720000000653],[-74.152641999999958,4.5705590000000598],[-74.152902999999981,4.5702020000000516],[-74.152977999999962,4.5699920000000702],[-74.152998999999966,4.5699580000000424],[-74.153088999999966,4.5699080000000549],[-74.153165999999942,4.5698770000000764],[-74.153280999999936,4.5698650000000498],[-74.153327999999988,4.5698860000000536],[-74.153431999999952,4.5699830000000361],[-74.153468999999973,4.5700720000000388],[-74.153487999999982,4.5702120000000264],[-74.153506999999934,4.5702590000000214],[-74.153647999999976,4.5705020000000331],[-74.153816999999947,4.5707420000000525],[-74.15398399999998,4.5709750000000327],[-74.154046999999935,4.5710580000000505],[-74.154093999999986,4.571151000000043],[-74.154121999999973,4.5712390000000482],[-74.154178999999942,4.5714190000000485],[-74.15425399999998,4.5715080000000512],[-74.154356999999948,4.571565000000021],[-74.154420999999957,4.5715770000000475],[-74.154482999999971,4.5715730000000576],[-74.154572999999971,4.5715460000000689],[-74.154656999999986,4.5714840000000549],[-74.154716999999948,4.571407000000022],[-74.154740999999945,4.5713280000000509],[-74.154742999999939,4.5713190000000736],[-74.154751999999974,4.571249000000023],[-74.154743999999937,4.5711960000000431],[-74.154713999999956,4.5711200000000645],[-74.154560999999944,4.5709730000000377],[-74.154417999999964,4.5708710000000679],[-74.154338999999936,4.5707850000000576],[-74.154284999999959,4.5706850000000259],[-74.154267999999945,4.5706260000000611],[-74.154273999999987,4.5704220000000646],[-74.15425799999997,4.5701810000000478],[-74.15425399999998,4.5700870000000577],[-74.154207999999983,4.569893000000036],[-74.154166999999973,4.569810000000075],[-74.154152999999951,4.5697860000000219],[-74.15404099999995,4.5695920000000569],[-74.153998999999942,4.5694360000000529],[-74.153998999999942,4.569383000000073],[-74.154041999999947,4.5692280000000665],[-74.154218999999955,4.5690600000000359],[-74.154357999999945,4.5689330000000723],[-74.154520999999988,4.5688290000000507],[-74.154695999999944,4.568802000000062],[-74.154814999999985,4.5687920000000304],[-74.154923999999937,4.5687900000000354],[-74.155167999999946,4.5687820000000556],[-74.155369999999948,4.5687910000000329],[-74.15546999999998,4.5688580000000343],[-74.155515999999977,4.5689370000000622],[-74.155521999999962,4.5690490000000636],[-74.155495999999971,4.5691560000000209],[-74.155450999999971,4.5692150000000424],[-74.155403999999976,4.5692520000000627],[-74.155267999999978,4.5692860000000337],[-74.155178999999976,4.5692750000000615],[-74.154935999999964,4.569225000000074],[-74.154741999999942,4.5692600000000425],[-74.154704999999979,4.5692940000000704],[-74.154683999999975,4.5693260000000464],[-74.15464099999997,4.5694200000000365],[-74.154626999999948,4.5695200000000682],[-74.154646999999954,4.5696100000000683],[-74.154673999999943,4.5696610000000533],[-74.154774999999972,4.5697530000000484],[-74.155029999999954,4.5698750000000246],[-74.155131999999981,4.5699120000000448],[-74.155335999999977,4.5699080000000549],[-74.15562099999994,4.5698980000000233],[-74.155928999999958,4.5699190000000272],[-74.15597299999996,4.5699350000000436],[-74.156038999999964,4.5699600000000373],[-74.156245999999953,4.5701160000000414],[-74.156412999999986,4.5704680000000621],[-74.156512999999961,4.5706680000000688],[-74.156547999999987,4.570741000000055],[-74.156980999999973,4.5709260000000427],[-74.157035999999948,4.5709530000000314],[-74.157599999999945,4.5711730000000443],[-74.157681999999966,4.5711990000000355],[-74.157856999999979,4.571202000000028],[-74.157961999999941,4.5711430000000632],[-74.158086999999966,4.5710490000000732],[-74.158185999999944,4.5709210000000553],[-74.158333999999968,4.5706620000000271],[-74.158351999999979,4.5706240000000662],[-74.158373999999981,4.570583000000056],[-74.158405999999957,4.5704920000000584],[-74.158470999999963,4.5701120000000515],[-74.158477999999945,4.5700370000000703],[-74.158491999999967,4.5699520000000575],[-74.158515999999963,4.5696290000000204],[-74.158556999999973,4.5692900000000236],[-74.158571999999936,4.5692420000000311],[-74.158737999999971,4.5688560000000393],[-74.158767999999952,4.5688050000000544],[-74.158840999999939,4.5687190000000442],[-74.15893699999998,4.5686750000000416],[-74.159059999999954,4.5686490000000504],[-74.159214999999961,4.5686680000000592],[-74.159706999999969,4.5687140000000568],[-74.160382999999968,4.568693000000053],[-74.161123999999973,4.5686640000000693],[-74.161745999999937,4.5685750000000667],[-74.162048999999968,4.5685370000000489],[-74.162472999999977,4.5684830000000716],[-74.162778999999944,4.5684340000000248],[-74.162810999999977,4.5685020000000236],[-74.162883999999963,4.5685470000000237],[-74.162965999999983,4.5685640000000376],[-74.163043999999957,4.5685410000000388],[-74.163102999999978,4.5684690000000501],[-74.163122999999985,4.56837500000006],[-74.163123999999982,4.568328000000065],[-74.163403999999957,4.568234000000075],[-74.163453999999945,4.5682120000000737],[-74.163972999999942,4.5680150000000594],[-74.164309999999944,4.5679350000000341],[-74.164306999999951,4.5678870000000416],[-74.164681999999971,4.5675950000000398],[-74.165135999999961,4.5672660000000747],[-74.165183999999954,4.5672280000000569],[-74.165226999999959,4.5671970000000215],[-74.16524899999996,4.5671760000000745],[-74.165272999999956,4.5671480000000315],[-74.165294999999958,4.5671180000000504],[-74.165318999999954,4.5670790000000352],[-74.165335999999968,4.5670470000000591],[-74.165382999999963,4.5669040000000223],[-74.165398999999979,4.566784000000041],[-74.165369999999939,4.5665670000000205],[-74.165330999999981,4.5663990000000467],[-74.165278999999941,4.5663180000000239],[-74.165174999999977,4.5661420000000703],[-74.164841999999965,4.5658240000000205],[-74.164641999999958,4.5656220000000758],[-74.164471999999989,4.5654540000000452],[-74.164723999999978,4.5648280000000341],[-74.164887999999962,4.564469000000031],[-74.165128999999979,4.5644660000000385],[-74.165414999999939,4.5645340000000374],[-74.165694999999971,4.5646100000000729],[-74.166051999999979,4.564674000000025],[-74.166163999999981,4.5646770000000743],[-74.166545999999983,4.5642840000000433],[-74.166727999999978,4.5641910000000507],[-74.166955999999971,4.5643170000000737],[-74.167192999999941,4.5644580000000587],[-74.167264999999986,4.5645030000000588],[-74.167425999999978,4.5645940000000564],[-74.16766599999994,4.5647290000000567],[-74.16789799999998,4.5648690000000443],[-74.168119999999988,4.5649950000000672],[-74.168256999999983,4.5649750000000608],[-74.168485999999973,4.564939000000038],[-74.168708999999978,4.5648680000000468],[-74.168819999999982,4.5648670000000493],[-74.168898999999954,4.5650130000000217],[-74.168964999999957,4.5653100000000677],[-74.169071999999971,4.5655960000000277],[-74.169145999999955,4.5659040000000459],[-74.169171999999946,4.5660350000000562],[-74.169223999999986,4.5662830000000554]]},"properties":{"OBJECTID":25,"OBJECTID_1":115,"RSPNRUTA":"ZP-850-1","RSPCDEFINI":"ZP-850","RSPDISTANC":32.131141659999997,"RSPDENOMIN":"AURES II - ARBORIZADORA ALTA","RSPTRUTA":"PROVISIONAL","RSPORIGEN":"CIUDAD BOLIVAR","RSPDESTINO":"SUBA CENTRO","RSPIRUTA":178,"SHAPELEN":32356.308294571198,"Shape_Length":0.060322256857361894}},{"type":"Feature","id":26,"geometry":{"type":"MultiLineString","coordinates":[[[-74.146034999999983,4.5605170000000612],[-74.146003999999948,4.5607330000000275],[-74.145973999999967,4.5609860000000708],[-74.145965999999987,4.5609880000000658],[-74.145424999999989,4.5611510000000521],[-74.145398999999941,4.5611600000000294],[-74.145080999999948,4.5612570000000687],[-74.144966999999951,4.5612920000000372],[-74.14485899999994,4.5613270000000625],[-74.144727999999986,4.5613610000000335],[-74.144575999999972,4.5614070000000311],[-74.144368999999983,4.5614700000000425],[-74.144075999999984,4.5615520000000629],[-74.143959999999936,4.5615850000000364],[-74.143926999999962,4.5615940000000705],[-74.143612999999959,4.5616920000000505],[-74.143259999999941,4.5617950000000747],[-74.143080999999938,4.5618530000000419],[-74.143208999999956,4.5622860000000287],[-74.143257999999946,4.5622690000000716],[-74.14416099999994,4.5620010000000661],[-74.144206999999938,4.5619860000000472],[-74.14425099999994,4.5619720000000257],[-74.145164999999963,4.5616960000000404],[-74.145207999999968,4.5616850000000682],[-74.145321999999965,4.5620780000000423],[-74.145334999999989,4.5621220000000449],[-74.145449999999983,4.5625140000000215],[-74.14546299999995,4.5625590000000216],[-74.145583999999985,4.5629570000000399],[-74.145596999999952,4.5629970000000526],[-74.145713999999941,4.5633910000000242],[-74.145727999999963,4.5634320000000343],[-74.145841999999959,4.5638270000000603],[-74.145852999999988,4.5638730000000578],[-74.145970999999975,4.5642600000000471],[-74.145989999999983,4.5643070000000421],[-74.14610799999997,4.5646970000000238],[-74.146121999999934,4.5647410000000264],[-74.146243999999967,4.5651330000000598],[-74.146257999999989,4.565176000000065],[-74.146372999999983,4.565571000000034],[-74.146386999999947,4.5656160000000341],[-74.146503999999936,4.566009000000065],[-74.146517999999958,4.5660560000000601],[-74.146631999999954,4.5664450000000443],[-74.146644999999978,4.5664930000000368],[-74.146748999999943,4.5668890000000602],[-74.14641899999998,4.56704000000002],[-74.14629999999994,4.5670860000000744],[-74.145962999999938,4.5672530000000506],[-74.145802999999944,4.5673150000000646],[-74.14549599999998,4.5674570000000472],[-74.145389999999963,4.5675060000000371],[-74.14536499999997,4.5675200000000586],[-74.145213999999953,4.5675920000000474],[-74.145175999999935,4.5675910000000499],[-74.145134999999982,4.5675910000000499],[-74.145069999999976,4.5675790000000234],[-74.145070999999973,4.5676150000000462],[-74.145058999999947,4.567651000000069],[-74.14503499999995,4.5676750000000652],[-74.144998999999984,4.5677060000000438],[-74.14490399999994,4.5678010000000313],[-74.14480599999996,4.5679550000000404],[-74.145911999999953,4.5687090000000694],[-74.146165999999937,4.5688810000000331],[-74.14638199999996,4.5690300000000548],[-74.146608999999955,4.5691820000000689],[-74.146833999999956,4.569338000000073],[-74.146873999999968,4.5693650000000616],[-74.147013999999956,4.5694610000000466],[-74.147054999999966,4.5694920000000252],[-74.147224999999935,4.5696090000000709],[-74.147299999999973,4.5696600000000558],[-74.14731299999994,4.5696660000000406],[-74.147318999999982,4.5696700000000305],[-74.14734599999997,4.5696890000000394],[-74.147468999999944,4.5697750000000497],[-74.147507999999959,4.5698020000000383],[-74.147712999999953,4.5699410000000285],[-74.148067999999967,4.5701740000000655],[-74.148236999999938,4.5702810000000227],[-74.149009999999976,4.5708270000000653],[-74.150127999999938,4.571593000000064],[-74.150949999999966,4.5721510000000762],[-74.151167999999984,4.5723000000000411],[-74.15124499999996,4.5723540000000753],[-74.151395999999977,4.5724720000000616],[-74.151463999999976,4.5725180000000591],[-74.151559999999961,4.5725820000000681],[-74.151886999999988,4.5728170000000432],[-74.15198399999997,4.5728850000000421],[-74.152211999999963,4.5730440000000385],[-74.152442999999948,4.573216000000059],[-74.152696999999989,4.5734130000000732],[-74.153009999999938,4.5736620000000698],[-74.153046999999958,4.573688000000061],[-74.153082999999981,4.5737250000000245],[-74.153309999999976,4.5739380000000551],[-74.153527999999937,4.5741500000000315],[-74.153577999999982,4.5742060000000606],[-74.153648999999973,4.5742840000000342],[-74.153682999999944,4.5743190000000595],[-74.153734999999983,4.5743780000000243],[-74.153816999999947,4.5744710000000737],[-74.153847999999982,4.5745050000000447],[-74.15413499999994,4.5748500000000263],[-74.154324999999972,4.575095000000033],[-74.154500999999982,4.5753450000000271],[-74.154653999999937,4.5755710000000249],[-74.154789999999934,4.5757860000000505],[-74.15483299999994,4.5758550000000469],[-74.154993999999988,4.5761370000000738],[-74.155144999999948,4.5764180000000465],[-74.155168999999944,4.5764620000000491],[-74.155286999999987,4.5766810000000646],[-74.155528999999945,4.5771390000000451],[-74.155664999999942,4.5773910000000342],[-74.155695999999978,4.577442000000076],[-74.15578899999997,4.5776050000000623],[-74.155861999999956,4.5777370000000701],[-74.155977999999948,4.5779540000000338],[-74.155990999999972,4.5779770000000326],[-74.156016999999963,4.5780180000000428],[-74.156081999999969,4.5781230000000619],[-74.156143999999983,4.5782480000000305],[-74.156164999999987,4.578296000000023],[-74.156208999999933,4.578388000000075],[-74.156352999999967,4.578689000000054],[-74.156373999999971,4.5787270000000717],[-74.156702999999936,4.5793380000000639],[-74.156928999999934,4.5797870000000671],[-74.156966999999952,4.5798440000000369],[-74.157012999999949,4.5799170000000231],[-74.157052999999962,4.5799690000000624],[-74.157027999999968,4.58006000000006],[-74.157015999999942,4.58010500000006],[-74.157014999999944,4.5801130000000398],[-74.157014999999944,4.5801370000000361],[-74.157011999999952,4.5801640000000248],[-74.157005999999967,4.58020300000004],[-74.15700499999997,4.5802120000000741],[-74.156990999999948,4.5802590000000691],[-74.156972999999937,4.5803040000000692],[-74.156946999999946,4.5803510000000642],[-74.156918999999959,4.5803910000000201],[-74.156884999999988,4.5804260000000454],[-74.156871999999964,4.580438000000072],[-74.156845999999973,4.5804600000000733],[-74.156839999999988,4.5804660000000581],[-74.156811999999945,4.5805080000000657],[-74.156786999999952,4.5805440000000317],[-74.155371999999943,4.580786000000046],[-74.153727999999944,4.5810610000000338],[-74.153371999999933,4.5810810000000401],[-74.15301999999997,4.581068000000073],[-74.152931999999964,4.5810550000000489],[-74.152790999999979,4.5810350000000426],[-74.152729999999963,4.5810250000000678],[-74.152686999999958,4.5810160000000337],[-74.152565999999979,4.5809920000000375],[-74.152500999999972,4.580976000000021],[-74.152434999999969,4.580959000000064],[-74.152358999999933,4.5809370000000627],[-74.152280999999959,4.5809130000000664],[-74.152179999999987,4.5808790000000386],[-74.15199199999995,4.5808100000000422],[-74.151909999999987,4.5807780000000662],[-74.151882999999941,4.5807660000000396],[-74.151798999999983,4.5807330000000661],[-74.151763999999957,4.5807190000000446],[-74.151718999999957,4.5807030000000282],[-74.151606999999956,4.580660000000023],[-74.151598999999976,4.5806570000000306],[-74.151451999999949,4.5805990000000634],[-74.151266999999962,4.5805290000000696],[-74.151167999999984,4.5804900000000544],[-74.151130999999964,4.5804780000000278],[-74.14961599999998,4.579887000000042],[-74.147986999999944,4.5792270000000599],[-74.147190999999964,4.5789190000000417],[-74.146228999999948,4.5785120000000461],[-74.145726999999965,4.5783380000000307],[-74.145438999999953,4.5782910000000356],[-74.145111999999983,4.578296000000023],[-74.144787999999949,4.5783670000000711],[-74.144614999999988,4.578433000000075],[-74.144464999999968,4.5785110000000486],[-74.144183999999939,4.5787020000000211],[-74.143386999999962,4.5792910000000688],[-74.143348999999944,4.57931700000006],[-74.143265999999983,4.579381000000069],[-74.143206999999961,4.5794260000000691],[-74.143191999999942,4.5794390000000362],[-74.143177999999978,4.5794520000000603],[-74.143166999999949,4.57946400000003],[-74.143073999999956,4.5795480000000452],[-74.143030999999951,4.5795940000000428],[-74.143002999999965,4.5796280000000706],[-74.142928999999981,4.5797350000000279],[-74.142880999999988,4.5798000000000343],[-74.14280599999995,4.5798980000000711],[-74.142794999999978,4.5799120000000357],[-74.142698999999936,4.5800250000000347],[-74.142677037999988,4.5800494020000428]],[[-74.141949755999974,4.5800485380000282],[-74.141970999999955,4.5800400000000536],[-74.142024999999933,4.5800160000000574],[-74.142040717999976,4.5800561070000754]]]},"properties":{"OBJECTID":26,"OBJECTID_1":13,"RSPNRUTA":"ZP-141-1","RSPCDEFINI":"ZP-141","RSPDISTANC":29.571090699999999,"RSPDENOMIN":"SAN FRANCISCO - UNICENTRO","RSPTRUTA":"PROVISIONAL","RSPORIGEN":"CIUDAD BOLIVAR","RSPDESTINO":"USAQUDN","RSPIRUTA":24,"SHAPELEN":29774.049981026499,"Shape_Length":0.047373522870779748}},{"type":"Feature","id":27,"geometry":{"type":"MultiLineString","coordinates":[[[-74.124812673999941,4.523329100000069],[-74.125017999999955,4.5235560000000419],[-74.125192999999967,4.5237510000000611],[-74.125336999999945,4.5239170000000399],[-74.125478999999984,4.5240850000000705],[-74.125571999999977,4.5242040000000543],[-74.125606999999945,4.5242540000000417],[-74.125634999999988,4.5242990000000418],[-74.125651999999945,4.5243210000000431],[-74.125910999999974,4.5248050000000717],[-74.126078999999947,4.5252200000000471],[-74.126178999999979,4.5255920000000742],[-74.126189999999951,4.5256610000000705],[-74.126255999999955,4.5260680000000661],[-74.126295999999968,4.5263130000000729],[-74.126350999999943,4.526719000000071],[-74.126423999999986,4.5272680000000491],[-74.126594999999952,4.528585000000021],[-74.12676799999997,4.5298900000000231],[-74.126892999999939,4.5308350000000246],[-74.127219999999966,4.5332130000000461],[-74.127286999999967,4.5338250000000357],[-74.127367999999933,4.5342290000000389],[-74.12746999999996,4.5345770000000698],[-74.127640999999983,4.5350320000000579],[-74.127818999999988,4.5353840000000218],[-74.128080999999952,4.5357930000000692],[-74.128318999999976,4.5360970000000407],[-74.12838499999998,4.5361760000000686],[-74.128640999999959,4.5364490000000615],[-74.128866999999957,4.5366520000000605],[-74.12904199999997,4.5367970000000355],[-74.129171999999983,4.5369030000000521],[-74.129756999999984,4.5373620000000301],[-74.129953999999941,4.5375130000000468],[-74.130276999999978,4.5377590000000509],[-74.13048699999996,4.537930000000074],[-74.131493999999975,4.5387120000000323],[-74.132220999999959,4.5392960000000357],[-74.132380999999953,4.5394030000000498],[-74.132629999999949,4.5396050000000514],[-74.132663999999977,4.5396330000000376],[-74.13275699999997,4.5397130000000629],[-74.13280199999997,4.5397540000000731],[-74.132877999999948,4.5398270000000593],[-74.132987999999955,4.5399390000000608],[-74.133080999999947,4.5400420000000281],[-74.133129999999937,4.5400980000000573],[-74.133197999999936,4.5401800000000208],[-74.13324799999998,4.5402450000000272],[-74.13324799999998,4.5402460000000247],[-74.133293999999978,4.5403080000000386],[-74.133355999999935,4.5403930000000514],[-74.133388999999966,4.5404410000000439],[-74.133413999999959,4.5404770000000667],[-74.133710999999948,4.5409990000000562],[-74.134298999999942,4.5421270000000504],[-74.134629999999959,4.5427550000000565],[-74.134757999999977,4.5429960000000733],[-74.134841999999935,4.5431570000000647],[-74.134885999999938,4.543228000000056],[-74.135018999999943,4.5434430000000248],[-74.135236999999961,4.543796000000043],[-74.13529699999998,4.5439340000000357],[-74.135467999999946,4.5443260000000691],[-74.135534999999948,4.5444730000000391],[-74.135653999999988,4.5447480000000269],[-74.135813999999982,4.5450560000000451],[-74.135964999999942,4.5453500000000417],[-74.136130999999978,4.5456650000000423],[-74.136347999999941,4.5460900000000493],[-74.136659999999949,4.546711000000073],[-74.136763999999971,4.5470070000000646],[-74.136848999999984,4.5474080000000754],[-74.136869999999988,4.5476510000000303],[-74.136854999999969,4.5479830000000447],[-74.136814999999956,4.5482530000000452],[-74.136650999999972,4.5489560000000324],[-74.136360999999965,4.550151000000028],[-74.136266999999975,4.5506680000000301],[-74.136248999999964,4.5509920000000648],[-74.136261999999988,4.5513370000000464],[-74.136318999999958,4.5517180000000508],[-74.136410999999953,4.5520690000000741],[-74.13630999999998,4.5521130000000198],[-74.136410999999953,4.5520690000000741],[-74.136525999999947,4.5523980000000392],[-74.136542999999961,4.5524440000000368],[-74.136623999999983,4.552675000000022],[-74.136664999999937,4.5527870000000235],[-74.136679999999956,4.5528320000000235],[-74.136874999999975,4.5533720000000244],[-74.136957999999936,4.5536240000000703],[-74.137088999999946,4.5539780000000292],[-74.137243999999953,4.5544410000000539],[-74.137523999999985,4.5552350000000388],[-74.13770599999998,4.5557750000000397],[-74.137810999999942,4.5560850000000528],[-74.137841999999978,4.5561760000000504],[-74.137980999999968,4.5565800000000536],[-74.138053999999954,4.5567970000000741],[-74.138145999999949,4.5570620000000304],[-74.138216999999941,4.5572600000000421],[-74.138455999999962,4.5579490000000646],[-74.138856999999973,4.5590970000000652],[-74.138939999999934,4.5594190000000481],[-74.138980999999944,4.5596710000000371],[-74.138994999999966,4.5597960000000626],[-74.138998999999956,4.559955000000059],[-74.139000999999951,4.560115000000053],[-74.138999999999953,4.5602870000000735],[-74.138973999999962,4.5604970000000549],[-74.138923999999975,4.5608470000000239],[-74.138900999999976,4.5609790000000316],[-74.138898999999981,4.5609910000000582],[-74.138856999999973,4.561281000000065],[-74.138815999999963,4.5615430000000288],[-74.13877599999995,4.5618160000000216],[-74.138739999999984,4.5620870000000764],[-74.138697999999977,4.5623490000000402],[-74.138686999999948,4.562430000000063],[-74.138672999999983,4.5625480000000493],[-74.138699999999972,4.5625620000000708],[-74.138749999999959,4.5625890000000595],[-74.138848999999936,4.5626030000000242],[-74.138904999999966,4.5626000000000317],[-74.138955999999951,4.5625980000000368],[-74.139002999999946,4.5625890000000595],[-74.139036999999973,4.5625830000000747],[-74.139058999999975,4.5624090000000592],[-74.139089999999953,4.5621350000000689],[-74.139120999999989,4.5618770000000382],[-74.139143999999987,4.5617320000000632],[-74.139163999999937,4.5616230000000542],[-74.139143999999987,4.5617320000000632],[-74.139255999999989,4.5617500000000746],[-74.139386999999942,4.5617970000000696],[-74.139426999999955,4.5618090000000393],[-74.139541999999949,4.5618310000000406],[-74.139811999999949,4.5618440000000646],[-74.14002499999998,4.5618550000000369],[-74.140149999999949,4.5618840000000205],[-74.140519999999981,4.5620830000000296],[-74.140985999999941,4.5623750000000314],[-74.141167999999936,4.562479000000053],[-74.141404999999963,4.5626460000000293],[-74.141673999999966,4.5628700000000322],[-74.141969999999958,4.563171000000068],[-74.142083999999954,4.5633190000000354],[-74.142254999999977,4.5635580000000573],[-74.142503999999974,4.563959000000068],[-74.142739999999947,4.564360000000022],[-74.142986999999948,4.5647610000000327],[-74.143148999999937,4.5650320000000306],[-74.143254999999954,4.5652090000000385],[-74.143481999999949,4.5655630000000542],[-74.143728999999951,4.5659650000000624],[-74.14387899999997,4.5661900000000628],[-74.14402199999995,4.5663720000000581],[-74.144175999999959,4.5665700000000697],[-74.144334999999955,4.5667420000000334],[-74.144683999999984,4.5671180000000504],[-74.144987999999955,4.5674370000000408],[-74.145069999999976,4.5675790000000234],[-74.145070999999973,4.5676150000000462],[-74.145058999999947,4.567651000000069],[-74.14503499999995,4.5676750000000652],[-74.144998999999984,4.5677060000000438],[-74.14490399999994,4.5678010000000313],[-74.14480599999996,4.5679550000000404],[-74.145911999999953,4.5687090000000694],[-74.146165999999937,4.5688810000000331],[-74.14638199999996,4.5690300000000548],[-74.146608999999955,4.5691820000000689],[-74.146833999999956,4.569338000000073],[-74.146873999999968,4.5693650000000616],[-74.147013999999956,4.5694610000000466],[-74.147054999999966,4.5694920000000252],[-74.147224999999935,4.5696090000000709],[-74.147299999999973,4.5696600000000558],[-74.14731299999994,4.5696660000000406],[-74.147318999999982,4.5696700000000305],[-74.14734599999997,4.5696890000000394],[-74.147468999999944,4.5697750000000497],[-74.147507999999959,4.5698020000000383],[-74.147712999999953,4.5699410000000285],[-74.148067999999967,4.5701740000000655],[-74.148236999999938,4.5702810000000227],[-74.149009999999976,4.5708270000000653],[-74.150127999999938,4.571593000000064],[-74.150949999999966,4.5721510000000762],[-74.151167999999984,4.5723000000000411],[-74.15124499999996,4.5723540000000753],[-74.151395999999977,4.5724720000000616],[-74.151463999999976,4.5725180000000591],[-74.151559999999961,4.5725820000000681],[-74.151886999999988,4.5728170000000432],[-74.15198399999997,4.5728850000000421],[-74.152211999999963,4.5730440000000385],[-74.152442999999948,4.573216000000059],[-74.152696999999989,4.5734130000000732],[-74.153009999999938,4.5736620000000698],[-74.153046999999958,4.573688000000061],[-74.153082999999981,4.5737250000000245],[-74.153309999999976,4.5739380000000551],[-74.153527999999937,4.5741500000000315],[-74.153577999999982,4.5742060000000606],[-74.153648999999973,4.5742840000000342],[-74.153682999999944,4.5743190000000595],[-74.153734999999983,4.5743780000000243],[-74.153816999999947,4.5744710000000737],[-74.153847999999982,4.5745050000000447],[-74.15413499999994,4.5748500000000263],[-74.154324999999972,4.575095000000033],[-74.154500999999982,4.5753450000000271],[-74.154653999999937,4.5755710000000249],[-74.154789999999934,4.5757860000000505],[-74.15483299999994,4.5758550000000469],[-74.154993999999988,4.5761370000000738],[-74.155144999999948,4.5764180000000465],[-74.155168999999944,4.5764620000000491],[-74.155286999999987,4.5766810000000646],[-74.155528999999945,4.5771390000000451],[-74.155664999999942,4.5773910000000342],[-74.155695999999978,4.577442000000076],[-74.15578899999997,4.5776050000000623],[-74.155861999999956,4.5777370000000701],[-74.155977999999948,4.5779540000000338],[-74.155990999999972,4.5779770000000326],[-74.156016999999963,4.5780180000000428],[-74.156081999999969,4.5781230000000619],[-74.156143999999983,4.5782480000000305],[-74.156164999999987,4.578296000000023],[-74.156208999999933,4.578388000000075],[-74.156352999999967,4.578689000000054],[-74.156373999999971,4.5787270000000717],[-74.156702999999936,4.5793380000000639],[-74.156928999999934,4.5797870000000671],[-74.156966999999952,4.5798440000000369],[-74.157012999999949,4.5799170000000231],[-74.157052999999962,4.5799690000000624],[-74.157055999999955,4.5799740000000497],[-74.157129999999938,4.5800780000000714],[-74.157141999999965,4.5801020000000676],[-74.157227999999975,4.5802620000000616],[-74.157322999999963,4.5804560000000265],[-74.157362999999975,4.5805520000000683],[-74.157411999999965,4.5806730000000471],[-74.15755699999994,4.5809490000000324],[-74.157647999999938,4.5811300000000301],[-74.157924999999977,4.5816200000000435],[-74.158613999999943,4.582932000000028],[-74.15964699999995,4.5850670000000378],[-74.160734999999988,4.5873130000000515],[-74.160754999999938,4.5873540000000617],[-74.160935999999936,4.5877950000000283],[-74.160946999999965,4.587820000000022],[-74.161026999999933,4.5881250000000477],[-74.161084999999957,4.5885580000000346],[-74.161133999999947,4.589001000000053],[-74.161138999999935,4.5890770000000316],[-74.161146999999971,4.5891780000000608],[-74.161167999999975,4.5893410000000472],[-74.161174999999957,4.5893820000000574],[-74.161194999999964,4.5896530000000553],[-74.161212999999975,4.5897700000000441],[-74.161223999999947,4.5899340000000279],[-74.161240999999961,4.5900590000000534],[-74.161254999999983,4.5901980000000435],[-74.161276999999984,4.5904050000000325],[-74.161281999999972,4.59045100000003],[-74.161322999999982,4.5908680000000572],[-74.161367999999982,4.5913090000000238],[-74.161412999999982,4.5917330000000334],[-74.161457999999982,4.5921730000000593],[-74.161562999999944,4.5930460000000721],[-74.161717999999951,4.5946240000000671],[-74.161752999999976,4.5948090000000548],[-74.161754999999971,4.5948610000000372],[-74.161752999999976,4.5948870000000284],[-74.161743999999942,4.5949610000000689],[-74.161735999999962,4.5949950000000399],[-74.161722999999938,4.5950350000000526],[-74.161717999999951,4.5950500000000716],[-74.161664999999971,4.5951720000000478],[-74.161649999999952,4.5952530000000706],[-74.161529999999971,4.5953130000000328],[-74.161422999999957,4.5954420000000482],[-74.161354999999958,4.5955600000000345],[-74.161326999999972,4.5956610000000637],[-74.161323999999979,4.5956900000000473],[-74.161315999999943,4.595766000000026],[-74.161324999999977,4.5958800000000224],[-74.161326999999972,4.5959060000000704],[-74.161347999999975,4.5960180000000719],[-74.161371999999972,4.5960810000000265],[-74.161392999999975,4.5961360000000582],[-74.161474999999939,4.596266000000071],[-74.161526999999978,4.5963280000000282],[-74.161570999999981,4.596364000000051],[-74.161675999999943,4.5964350000000422],[-74.161779999999965,4.5964800000000423],[-74.161884999999984,4.5965020000000436],[-74.162049999999965,4.5964980000000537],[-74.162197999999989,4.5964540000000511],[-74.162304999999947,4.5963780000000725],[-74.162477999999965,4.5961940000000254],[-74.162545999999963,4.5961680000000342],[-74.162638999999956,4.5961260000000266],[-74.162738999999988,4.5961040000000253],[-74.162935999999945,4.5960810000000265],[-74.164205999999979,4.5960410000000707],[-74.164424999999937,4.5960370000000239],[-74.164581999999939,4.5960100000000352],[-74.164802999999949,4.5959880000000339],[-74.164804999999944,4.5959880000000339],[-74.164811999999984,4.5959880000000339],[-74.164813999999978,4.5959870000000365],[-74.164819999999963,4.5959870000000365],[-74.164822999999956,4.5959870000000365],[-74.164828999999941,4.5959870000000365],[-74.164831999999933,4.595986000000039],[-74.164837999999975,4.5959870000000365],[-74.164846999999952,4.595986000000039],[-74.164849999999944,4.5959850000000415],[-74.164855999999986,4.595986000000039],[-74.164858999999979,4.5959850000000415],[-74.164864999999963,4.5959850000000415],[-74.165039999999976,4.5959640000000377],[-74.165047999999956,4.5959610000000453],[-74.165380999999968,4.5959420000000364],[-74.165714999999977,4.595937000000049],[-74.165939999999978,4.5959480000000212],[-74.166723999999988,4.5959450000000288],[-74.166874999999948,4.5959110000000578],[-74.167042999999978,4.5958660000000577],[-74.167268999999976,4.5958060000000387],[-74.167331999999988,4.5958070000000362],[-74.167580999999984,4.5957900000000222],[-74.168851999999958,4.595794000000069],[-74.16975999999994,4.5958910000000515],[-74.171030999999971,4.5960810000000265],[-74.171261999999956,4.5961710000000267],[-74.171434999999974,4.596238000000028],[-74.171529999999962,4.5962750000000483],[-74.172002999999961,4.5964720000000625],[-74.172566999999958,4.5965610000000652],[-74.173602999999957,4.5966580000000477],[-74.174046999999973,4.59671000000003],[-74.174966999999981,4.5968270000000757],[-74.175325999999984,4.5968730000000733],[-74.175610999999947,4.5969210000000658],[-74.175962999999967,4.5969730000000482],[-74.176293999999984,4.5970220000000381],[-74.176399999999944,4.5970380000000546],[-74.176964999999939,4.5970840000000521],[-74.177194999999983,4.5970970000000762],[-74.177395999999987,4.5971090000000459],[-74.177482999999938,4.5971120000000383],[-74.177569999999946,4.5971110000000408],[-74.17791299999999,4.5971070000000509],[-74.178296999999986,4.5971020000000635],[-74.178674999999942,4.597105000000056],[-74.17935099999994,4.597090000000037],[-74.179384999999968,4.5973800000000438],[-74.179354999999987,4.5975100000000566],[-74.179299999999955,4.5977560000000608],[-74.179359999999974,4.5980090000000473],[-74.179548999999952,4.5984060000000682],[-74.17963199999997,4.5985560000000305],[-74.179711999999938,4.5987210000000687],[-74.17991399999994,4.5990990000000238],[-74.179938999999933,4.599140000000034],[-74.179993999999965,4.5992500000000405],[-74.180028999999934,4.5993130000000519],[-74.180187999999987,4.5995840000000499],[-74.180226970999968,4.5996519660000672]],[[-74.123321646999955,4.5216422740000439],[-74.12348899999995,4.5218320000000745],[-74.12367299999994,4.5220380000000659],[-74.123849999999948,4.5222370000000751],[-74.124022999999966,4.5224370000000249],[-74.124156999999968,4.5225940000000264],[-74.124484999999936,4.5229620000000637],[-74.124566288999972,4.5230534110000349]],[[-74.118646785999942,4.4930943110000499],[-74.118674999999939,4.4932860000000687],[-74.118718999999942,4.493419000000074],[-74.118747999999982,4.4936380000000327],[-74.118755999999962,4.4938110000000506],[-74.118753177999963,4.493821601000036]],[[-74.121138375999976,4.4800418460000628],[-74.121101999999951,4.4801170000000639],[-74.121091999999976,4.4803110000000288],[-74.121114999999975,4.4804500000000758],[-74.121305999999947,4.4810360000000742],[-74.121400999999935,4.4813410000000431],[-74.121423999999934,4.4816410000000246],[-74.121412999999961,4.4817490000000362],[-74.121362999999974,4.4819640000000618],[-74.121273999999971,4.4822330000000647],[-74.121181999999976,4.4824090000000751],[-74.120924999999943,4.4827890000000252],[-74.120889999999974,4.4828610000000708],[-74.120666999999969,4.4832260000000588],[-74.120400999999958,4.4838090000000648],[-74.120198999999957,4.484213000000068],[-74.120111999999949,4.4844360000000734],[-74.120060999999964,4.4846400000000699],[-74.120013999999969,4.4850650000000201],[-74.119984999999986,4.48561600000005],[-74.120009999999979,4.4858840000000555],[-74.120164999999986,4.4865160000000515],[-74.120255999999983,4.4869750000000295],[-74.120291999999949,4.4872630000000413],[-74.120253999999989,4.487476000000072],[-74.120025999999939,4.4884160000000293],[-74.120000999999945,4.4885190000000534],[-74.119922999999972,4.4887280000000374],[-74.119891999999936,4.4888080000000627],[-74.119410999999957,4.4899320000000671],[-74.119295999999963,4.4902260000000638],[-74.119151999999985,4.4905370000000744],[-74.119088999999974,4.4907800000000293],[-74.119025999999963,4.4909950000000549],[-74.119000999999969,4.4910630000000538],[-74.118980999999962,4.49113600000004],[-74.118962999999951,4.4911940000000641],[-74.118863999999974,4.4915600000000495],[-74.118833999999936,4.4917300000000751],[-74.118813999999986,4.4918350000000373],[-74.118790999999987,4.4920280000000616],[-74.118761999999947,4.4922730000000684],[-74.118724999999984,4.4925420000000713],[-74.11871199999996,4.4926250000000323],[-74.118698999999935,4.4926860000000488],[-74.118688999999961,4.49276100000003],[-74.118682999999976,4.4928190000000541],[-74.118673999999942,4.4928900000000453],[-74.118661999999972,4.4929540000000543],[-74.118649999999946,4.4930110000000241],[-74.118640999999968,4.4930550000000267],[-74.11864610799995,4.4930897010000308]],[[-74.121473088999949,4.4793019620000223],[-74.121207999999967,4.4798980000000483],[-74.121185104999938,4.4799453020000328]]]},"properties":{"OBJECTID":27,"OBJECTID_1":136,"RSPNRUTA":"ZP-P23-1","RSPCDEFINI":"ZP-P23","RSPDISTANC":25.622360230000002,"RSPDENOMIN":"USME - BOSA","RSPTRUTA":"PROVISIONAL","RSPORIGEN":"USME","RSPDESTINO":"BOSA","RSPIRUTA":204,"SHAPELEN":25811.778572433999,"Shape_Length":0.12758830510820282}},{"type":"Feature","id":28,"geometry":{"type":"LineString","coordinates":[[-74.142830825999965,4.5800300940000511],[-74.142932999999971,4.5799270000000547],[-74.142999999999972,4.5798510000000761],[-74.143020999999976,4.579827000000023],[-74.143038999999987,4.5798040000000242],[-74.143054999999947,4.579776000000038],[-74.143083999999988,4.5797200000000657],[-74.143113999999969,4.5796630000000391],[-74.143117999999959,4.5796550000000593],[-74.14314399999995,4.579618000000039],[-74.143195999999989,4.5795660000000566],[-74.143214999999941,4.5795590000000743],[-74.143230999999957,4.5795510000000377],[-74.14323799999994,4.5795460000000503],[-74.143249999999966,4.5795350000000212],[-74.14332799999994,4.579477000000054],[-74.143424999999979,4.5794160000000375],[-74.143502999999953,4.5793480000000386],[-74.14438599999994,4.5786950000000388],[-74.144591999999989,4.5785680000000752],[-74.144814999999937,4.5784760000000233],[-74.144998999999984,4.5784280000000308],[-74.145209999999963,4.5784010000000421],[-74.145430999999974,4.5784040000000346],[-74.145437999999956,4.5784040000000346],[-74.145637999999963,4.5784340000000725],[-74.145853999999986,4.5784980000000246],[-74.147183999999982,4.5790100000000393],[-74.149583999999948,4.5799630000000207],[-74.151095999999939,4.5805710000000204],[-74.151189999999986,4.5806080000000406],[-74.151214999999979,4.5806180000000722],[-74.151220999999964,4.5806220000000621],[-74.151419999999973,4.5807010000000332],[-74.151501999999937,4.5807350000000611],[-74.151509999999973,4.5807380000000535],[-74.151568999999938,4.5807510000000207],[-74.151573999999982,4.580752000000075],[-74.151643999999976,4.5807820000000561],[-74.151653999999951,4.5807900000000359],[-74.151666999999975,4.580801000000065],[-74.151674999999955,4.5808050000000549],[-74.151681999999937,4.5808090000000448],[-74.151723999999945,4.5808250000000612],[-74.152110999999934,4.5809750000000236],[-74.152398999999946,4.5810650000000237],[-74.152655999999979,4.5811240000000453],[-74.15300899999994,4.5811780000000226],[-74.153403999999966,4.5811910000000466],[-74.153739999999971,4.5811720000000378],[-74.153818999999942,4.581162000000063],[-74.153862999999944,4.5811560000000213],[-74.153953999999942,4.5811430000000541],[-74.154365999999982,4.5810730000000603],[-74.154506999999967,4.5810480000000666],[-74.154765999999938,4.5810050000000615],[-74.155092999999965,4.5809480000000349],[-74.155260999999939,4.5809180000000538],[-74.15533499999998,4.5809040000000323],[-74.155393999999944,4.5808900000000676],[-74.155431999999962,4.5808860000000209],[-74.155651999999975,4.5808500000000549],[-74.156113999999945,4.5807700000000295],[-74.156152999999961,4.5807640000000447],[-74.156610999999941,4.5806860000000711],[-74.156703999999934,4.5806670000000622],[-74.156833999999947,4.580641000000071],[-74.156852999999956,4.5806370000000243],[-74.156986999999958,4.5806620000000748],[-74.157091999999977,4.5806810000000269],[-74.157106999999939,4.580688000000066],[-74.157133999999985,4.5806950000000484],[-74.157171999999946,4.5807060000000206],[-74.157198999999935,4.5807160000000522],[-74.157228999999973,4.5807270000000244],[-74.157258999999954,4.5807410000000459],[-74.15728299999995,4.5807530000000725],[-74.157336999999984,4.5807850000000485],[-74.157385999999974,4.5808210000000713],[-74.157392999999956,4.5808290000000511],[-74.157399999999939,4.5808340000000385],[-74.157408999999973,4.5808390000000259],[-74.157469999999989,4.5808840000000259],[-74.15755699999994,4.5809490000000324],[-74.157647999999938,4.5811300000000301],[-74.157924999999977,4.5816200000000435],[-74.158613999999943,4.582932000000028],[-74.15964699999995,4.5850670000000378],[-74.160734999999988,4.5873130000000515],[-74.160754999999938,4.5873540000000617],[-74.160935999999936,4.5877950000000283],[-74.160946999999965,4.587820000000022],[-74.161026999999933,4.5881250000000477],[-74.161084999999957,4.5885580000000346],[-74.161133999999947,4.589001000000053],[-74.161138999999935,4.5890770000000316],[-74.161146999999971,4.5891780000000608],[-74.161167999999975,4.5893410000000472],[-74.161174999999957,4.5893820000000574],[-74.161212999999975,4.5894160000000284],[-74.161241999999959,4.5894400000000246],[-74.16126799999995,4.5894630000000234],[-74.161313999999948,4.5894930000000613],[-74.161339999999939,4.5895060000000285],[-74.162170999999944,4.5892810000000281],[-74.163087999999959,4.5889960000000656],[-74.164311999999939,4.5886200000000485],[-74.165089999999964,4.5883790000000317],[-74.165262999999982,4.588322000000062],[-74.165316999999959,4.5883030000000531],[-74.166282999999964,4.5880120000000488],[-74.167028999999957,4.587784000000056],[-74.167085999999983,4.5877680000000396],[-74.167159999999967,4.5877450000000408],[-74.168061999999964,4.587470000000053],[-74.168915999999967,4.5872060000000374],[-74.16922999999997,4.5871140000000423],[-74.169843999999955,4.5869220000000723],[-74.170177999999964,4.5868170000000532],[-74.17022099999997,4.5868040000000292],[-74.170135999999957,4.5865270000000464],[-74.170055999999988,4.5862760000000549],[-74.169977999999958,4.5859690000000342],[-74.169891999999948,4.5857430000000363],[-74.169859999999971,4.5855570000000512],[-74.169741999999985,4.5851970000000506],[-74.169704999999965,4.5850700000000302],[-74.169584999999984,4.5846600000000421]]},"properties":{"OBJECTID":28,"OBJECTID_1":201,"RSPNRUTA":"ZP-83-2","RSPCDEFINI":"ZP-83","RSPDISTANC":21.79175949,"RSPDENOMIN":"ISMAEL PERDOMO - TEUSAQUILLO","RSPTRUTA":"PROVISIONAL","RSPORIGEN":"PERDOMO","RSPDESTINO":"NEUTRA","RSPIRUTA":288,"SHAPELEN":21095.843493794102,"Shape_Length":0.036919400977974963}},{"type":"Feature","id":29,"geometry":{"type":"MultiLineString","coordinates":[[[-74.120827265999935,4.5343825020000281],[-74.120825999999965,4.5343770000000632],[-74.120824302999949,4.5343738250000456]],[[-74.120394527999963,4.532750007000061],[-74.12041899999997,4.5327040000000238],[-74.12045999999998,4.5326350000000275],[-74.12046799999996,4.5326240000000553],[-74.120505999999978,4.5325730000000704],[-74.120578999999964,4.5324820000000727],[-74.120631999999944,4.5324200000000587],[-74.120665999999972,4.532382000000041],[-74.120691999999963,4.5323560000000498],[-74.120730999999978,4.5323210000000245],[-74.120787999999948,4.532273000000032],[-74.120822999999973,4.5322470000000408],[-74.12092199999995,4.5321780000000444],[-74.121060999999941,4.5320850000000519],[-74.121127999999942,4.5320370000000594],[-74.121176999999989,4.5319970000000467],[-74.121224999999981,4.5319470000000592],[-74.12124799999998,4.531921000000068],[-74.121265999999935,4.5318980000000693],[-74.121270999999979,4.5318910000000301],[-74.121299999999962,4.5318420000000401],[-74.121316999999976,4.5318080000000691],[-74.121328999999946,4.5317810000000236],[-74.12134599999996,4.5317400000000703],[-74.121360999999979,4.5316860000000361],[-74.12138299999998,4.5316040000000726],[-74.121403999999984,4.5315150000000699],[-74.121420999999941,4.5314310000000546],[-74.121433999999965,4.5313630000000558],[-74.12143999999995,4.5313070000000266],[-74.121446999999989,4.5312340000000404],[-74.121450999999979,4.5311890000000403],[-74.121452999999974,4.5311210000000415],[-74.121452999999974,4.5310810000000288],[-74.121450999999979,4.5310060000000476],[-74.121450999999979,4.5309420000000387],[-74.121450999999979,4.5307490000000712],[-74.121441999999945,4.5305380000000355],[-74.121436999999958,4.5301260000000525],[-74.121433999999965,4.5300520000000688],[-74.121432999999968,4.5299590000000762],[-74.12143199999997,4.5299110000000269],[-74.12143599999996,4.529651000000058],[-74.121433999999965,4.5295770000000743],[-74.121432999999968,4.5295530000000213],[-74.121424999999988,4.529495000000054],[-74.121421999999939,4.5294740000000502],[-74.121410999999966,4.5294220000000678],[-74.12139499999995,4.5293720000000235],[-74.121368999999959,4.5292990000000373],[-74.121348999999952,4.5292500000000473],[-74.121333999999933,4.5292140000000245],[-74.121069999999975,4.5286370000000602],[-74.121044999999981,4.5285760000000437],[-74.121048999999971,4.5285600000000272],[-74.121051999999963,4.5285410000000752],[-74.121051999999963,4.5285230000000638],[-74.121050999999966,4.5285150000000272],[-74.121046999999976,4.5285030000000575],[-74.120990999999947,4.5283870000000661],[-74.12083199999995,4.5280460000000744],[-74.120802999999967,4.5279900000000453],[-74.120487005999962,4.5276889470000583]]]},"properties":{"OBJECTID":29,"OBJECTID_1":234,"RSPNRUTA":"ZP-597-3","RSPCDEFINI":"ZP-597","RSPDISTANC":51.976291660000001,"RSPDENOMIN":"ANTONIO JOSE DE SUCRE - EL POLO","RSPTRUTA":"PROVISIONAL","RSPORIGEN":"USME","RSPDESTINO":"NEUTRA","RSPIRUTA":322,"SHAPELEN":52403.063856621295,"Shape_Length":0.005752506939198908}},{"type":"Feature","id":30,"geometry":{"type":"LineString","coordinates":[[-74.146591999999941,4.532743000000039],[-74.146611999999948,4.5328500000000531],[-74.146631999999954,4.532952000000023],[-74.146672999999964,4.5330720000000611],[-74.146733999999981,4.5331780000000208],[-74.147198999999944,4.5336560000000645],[-74.147202999999934,4.5337240000000634],[-74.147190999999964,4.5339750000000549],[-74.147152999999946,4.5342570000000251],[-74.147135999999989,4.5345400000000495],[-74.147153999999944,4.5349920000000452],[-74.147164999999973,4.5353460000000609],[-74.147181999999987,4.5355500000000575],[-74.147186999999974,4.5357910000000743],[-74.147196999999949,4.5359540000000607],[-74.147193999999956,4.536215000000027],[-74.147283999999956,4.5362460000000624],[-74.147837999999979,4.5368700000000217],[-74.147923999999989,4.5369420000000673],[-74.148052999999948,4.5371650000000727],[-74.148104999999987,4.5373110000000452],[-74.14819099999994,4.537537000000043],[-74.148221999999976,4.5376200000000608],[-74.148259999999937,4.5377270000000749],[-74.148279999999943,4.5377880000000346],[-74.148359999999968,4.5379330000000664],[-74.148478999999952,4.5381420000000503],[-74.148513999999977,4.5381990000000201],[-74.148539999999969,4.5382240000000706],[-74.148722999999961,4.5384990000000585],[-74.148878999999965,4.5387200000000689],[-74.148931999999945,4.5387710000000538],[-74.149012999999968,4.538908000000049],[-74.14897499999995,4.5389580000000365],[-74.148028999999951,4.540155000000027],[-74.147940999999946,4.5400200000000268],[-74.147911999999963,4.5399710000000368],[-74.14787199999995,4.539918000000057],[-74.147849999999949,4.5399000000000456],[-74.147597999999959,4.5397550000000706],[-74.147321999999974,4.5395980000000691],[-74.147273999999982,4.5395830000000501],[-74.146934999999985,4.5394490000000474],[-74.146627999999964,4.5393490000000725],[-74.146539999999959,4.5393170000000396],[-74.146461999999985,4.5392880000000559],[-74.146326999999985,4.5392440000000533],[-74.145994999999971,4.5391390000000342],[-74.145950999999968,4.5393260000000737],[-74.145880999999974,4.5397360000000617],[-74.146183999999948,4.5398440000000733],[-74.14624699999996,4.5399380000000633],[-74.146445999999969,4.5401220000000535],[-74.146631999999954,4.5402570000000537],[-74.146518999999955,4.5406130000000644],[-74.146477999999945,4.5410340000000247],[-74.146483999999987,4.541067000000055],[-74.146507999999983,4.5411400000000413],[-74.146575999999982,4.5412600000000225],[-74.146573999999987,4.5413540000000694],[-74.146542999999951,4.5415850000000546],[-74.146509999999978,4.5416610000000333],[-74.146505999999988,4.5420460000000276],[-74.146462999999983,4.542047000000025],[-74.146075999999937,4.5420910000000276],[-74.14578199999994,4.5421060000000466],[-74.145718999999985,4.5421220000000631],[-74.145629999999983,4.5421450000000618],[-74.145284999999944,4.5421950000000493],[-74.144590999999934,4.5423030000000608],[-74.144543999999939,4.542314000000033],[-74.144253999999989,4.5423190000000204],[-74.144204999999943,4.5426860000000602],[-74.144137999999941,4.5428170000000705],[-74.144112999999948,4.5429040000000214],[-74.144093999999939,4.5432790000000409],[-74.144088999999951,4.5435870000000591],[-74.144082999999966,4.5439890000000673],[-74.144073999999989,4.5440420000000472],[-74.143787999999972,4.5439170000000217],[-74.143344999999954,4.5437780000000316],[-74.142891999999961,4.5437830000000758],[-74.142950999999982,4.5439910000000623],[-74.143152999999984,4.5446190000000684],[-74.143100999999945,4.5446250000000532],[-74.142587999999989,4.5446920000000546],[-74.142542999999989,4.5446960000000445],[-74.142474999999934,4.5447010000000319],[-74.142432999999983,4.544710000000066],[-74.142348999999967,4.5447620000000484],[-74.14231499999994,4.5448080000000459],[-74.141916999999978,4.545263000000034],[-74.141929999999945,4.5456040000000257],[-74.141941999999972,4.5457350000000361],[-74.141887999999938,4.546066000000053],[-74.141847999999982,4.546318000000042],[-74.141838999999948,4.5464490000000524],[-74.141865999999936,4.5465680000000361],[-74.141879999999958,4.5466680000000679],[-74.141926999999953,4.5469780000000242],[-74.141994999999952,4.5474470000000338],[-74.142065999999943,4.5479060000000686],[-74.14201799999995,4.5479160000000434],[-74.141547999999943,4.5480170000000726],[-74.141019999999969,4.5481220000000349],[-74.140921999999989,4.5481270000000222],[-74.140921999999989,4.5481840000000489],[-74.140981999999951,4.5486170000000357],[-74.140986999999939,4.5486640000000307],[-74.141054999999938,4.5490860000000453],[-74.141059999999982,4.5491430000000719],[-74.141123999999934,4.5495400000000359],[-74.141133999999965,4.5495930000000726],[-74.141206999999952,4.5500340000000392],[-74.141163999999947,4.5500540000000456],[-74.140530999999953,4.5502880000000232],[-74.140321999999969,4.5503630000000612],[-74.140319999999974,4.5505530000000363],[-74.140317999999979,4.5508500000000254],[-74.140319999999974,4.5509740000000534],[-74.140320999999972,4.5512820000000715],[-74.140319999999974,4.5514030000000503],[-74.140322999999967,4.5517140000000609],[-74.140329999999949,4.5518120000000408],[-74.140329999999949,4.5521500000000401],[-74.140307999999948,4.552579000000037],[-74.140299999999968,4.552944000000025],[-74.140290999999934,4.5531330000000594],[-74.140303999999958,4.5533700000000294],[-74.14029899999997,4.5534200000000737],[-74.140331999999944,4.5537080000000287],[-74.140313999999989,4.5537440000000515],[-74.140132999999935,4.5538680000000227],[-74.139940999999965,4.5539870000000633],[-74.139927999999941,4.5540050000000747],[-74.139882999999941,4.5540300000000684],[-74.139786999999956,4.5540700000000243],[-74.139548999999988,4.554172000000051],[-74.139493999999956,4.5541870000000699],[-74.139457999999934,4.5542020000000321],[-74.139106999999967,4.5543140000000335],[-74.138683999999955,4.5544510000000287],[-74.138377999999989,4.5545500000000629],[-74.138275999999962,4.554520000000025],[-74.138216999999941,4.5545070000000578],[-74.137822999999969,4.5544980000000237],[-74.137724999999989,4.5545130000000427],[-74.137651999999946,4.5545170000000326],[-74.137429999999938,4.5538800000000492],[-74.137306999999964,4.5535160000000587],[-74.137266999999952,4.5535280000000284],[-74.137225999999941,4.5535280000000284],[-74.137185999999986,4.5535160000000587],[-74.137141999999983,4.5535170000000562],[-74.137100999999973,4.5535310000000209],[-74.13706899999994,4.5535560000000714],[-74.137045999999941,4.5535880000000475],[-74.137002999999936,4.5536100000000488],[-74.136957999999936,4.5536240000000703],[-74.137088999999946,4.5539780000000292],[-74.137243999999953,4.5544410000000539],[-74.137523999999985,4.5552350000000388],[-74.13770599999998,4.5557750000000397],[-74.137810999999942,4.5560850000000528],[-74.137841999999978,4.5561760000000504],[-74.137980999999968,4.5565800000000536],[-74.138053999999954,4.5567970000000741],[-74.138145999999949,4.5570620000000304],[-74.138216999999941,4.5572600000000421],[-74.138455999999962,4.5579490000000646],[-74.138856999999973,4.5590970000000652],[-74.138939999999934,4.5594190000000481],[-74.138980999999944,4.5596710000000371],[-74.138994999999966,4.5597960000000626],[-74.138998999999956,4.559955000000059],[-74.139000999999951,4.560115000000053],[-74.138999999999953,4.5602870000000735],[-74.138973999999962,4.5604970000000549],[-74.138923999999975,4.5608470000000239],[-74.138900999999976,4.5609790000000316],[-74.138898999999981,4.5609910000000582],[-74.138856999999973,4.561281000000065],[-74.138815999999963,4.5615430000000288],[-74.13877599999995,4.5618160000000216],[-74.138739999999984,4.5620870000000764],[-74.138697999999977,4.5623490000000402],[-74.138686999999948,4.562430000000063],[-74.138672999999983,4.5625480000000493],[-74.138699999999972,4.5625620000000708],[-74.138749999999959,4.5625890000000595],[-74.138848999999936,4.5626030000000242],[-74.138904999999966,4.5626000000000317],[-74.138955999999951,4.5625980000000368],[-74.139002999999946,4.5625890000000595],[-74.139036999999973,4.5625830000000747],[-74.139058999999975,4.5624090000000592],[-74.139089999999953,4.5621350000000689],[-74.139120999999989,4.5618770000000382],[-74.139143999999987,4.5617320000000632],[-74.139255999999989,4.5617500000000746],[-74.139386999999942,4.5617970000000696],[-74.139426999999955,4.5618090000000393],[-74.139541999999949,4.5618310000000406],[-74.139811999999949,4.5618440000000646],[-74.14002499999998,4.5618550000000369],[-74.140149999999949,4.5618840000000205],[-74.140519999999981,4.5620830000000296],[-74.140985999999941,4.5623750000000314],[-74.141167999999936,4.562479000000053],[-74.141404999999963,4.5626460000000293],[-74.141673999999966,4.5628700000000322],[-74.141969999999958,4.563171000000068],[-74.142083999999954,4.5633190000000354],[-74.142254999999977,4.5635580000000573],[-74.142503999999974,4.563959000000068],[-74.142739999999947,4.564360000000022],[-74.142986999999948,4.5647610000000327],[-74.143148999999937,4.5650320000000306],[-74.143254999999954,4.5652090000000385],[-74.143481999999949,4.5655630000000542],[-74.143728999999951,4.5659650000000624],[-74.14387899999997,4.5661900000000628],[-74.14402199999995,4.5663720000000581],[-74.144175999999959,4.5665700000000697],[-74.144334999999955,4.5667420000000334],[-74.144683999999984,4.5671180000000504],[-74.144987999999955,4.5674370000000408],[-74.145069999999976,4.5675790000000234],[-74.145070999999973,4.5676150000000462],[-74.145058999999947,4.567651000000069],[-74.14503499999995,4.5676750000000652],[-74.144998999999984,4.5677060000000438],[-74.14490399999994,4.5678010000000313],[-74.14480599999996,4.5679550000000404],[-74.145911999999953,4.5687090000000694],[-74.146165999999937,4.5688810000000331],[-74.14638199999996,4.5690300000000548],[-74.146608999999955,4.5691820000000689],[-74.146833999999956,4.569338000000073],[-74.146873999999968,4.5693650000000616],[-74.147013999999956,4.5694610000000466],[-74.147054999999966,4.5694920000000252],[-74.147224999999935,4.5696090000000709],[-74.147299999999973,4.5696600000000558],[-74.14731299999994,4.5696660000000406],[-74.147318999999982,4.5696700000000305],[-74.14734599999997,4.5696890000000394],[-74.147468999999944,4.5697750000000497],[-74.147507999999959,4.5698020000000383],[-74.147712999999953,4.5699410000000285],[-74.148067999999967,4.5701740000000655],[-74.148236999999938,4.5702810000000227],[-74.149009999999976,4.5708270000000653],[-74.150127999999938,4.571593000000064],[-74.150949999999966,4.5721510000000762],[-74.151167999999984,4.5723000000000411],[-74.15124499999996,4.5723540000000753],[-74.151395999999977,4.5724720000000616],[-74.151463999999976,4.5725180000000591],[-74.151559999999961,4.5725820000000681],[-74.151886999999988,4.5728170000000432],[-74.15198399999997,4.5728850000000421],[-74.152211999999963,4.5730440000000385],[-74.152442999999948,4.573216000000059],[-74.152696999999989,4.5734130000000732],[-74.153009999999938,4.5736620000000698],[-74.153046999999958,4.573688000000061],[-74.153082999999981,4.5737250000000245],[-74.153309999999976,4.5739380000000551],[-74.153527999999937,4.5741500000000315],[-74.153577999999982,4.5742060000000606],[-74.153648999999973,4.5742840000000342],[-74.153682999999944,4.5743190000000595],[-74.153734999999983,4.5743780000000243],[-74.153816999999947,4.5744710000000737],[-74.153847999999982,4.5745050000000447],[-74.15413499999994,4.5748500000000263],[-74.154324999999972,4.575095000000033],[-74.154500999999982,4.5753450000000271],[-74.154653999999937,4.5755710000000249],[-74.154789999999934,4.5757860000000505],[-74.15483299999994,4.5758550000000469],[-74.154993999999988,4.5761370000000738],[-74.155144999999948,4.5764180000000465],[-74.155168999999944,4.5764620000000491],[-74.155286999999987,4.5766810000000646],[-74.155528999999945,4.5771390000000451],[-74.155664999999942,4.5773910000000342],[-74.155695999999978,4.577442000000076],[-74.15578899999997,4.5776050000000623],[-74.155861999999956,4.5777370000000701],[-74.155977999999948,4.5779540000000338],[-74.155990999999972,4.5779770000000326],[-74.156016999999963,4.5780180000000428],[-74.156081999999969,4.5781230000000619],[-74.156143999999983,4.5782480000000305],[-74.156164999999987,4.578296000000023],[-74.156208999999933,4.578388000000075],[-74.156352999999967,4.578689000000054],[-74.156373999999971,4.5787270000000717],[-74.156702999999936,4.5793380000000639],[-74.156928999999934,4.5797870000000671],[-74.156966999999952,4.5798440000000369],[-74.157012999999949,4.5799170000000231],[-74.157052999999962,4.5799690000000624],[-74.157055999999955,4.5799740000000497],[-74.157129999999938,4.5800780000000714],[-74.157141999999965,4.5801020000000676],[-74.157227999999975,4.5802620000000616],[-74.157322999999963,4.5804560000000265],[-74.157362999999975,4.5805520000000683],[-74.157411999999965,4.5806730000000471],[-74.15755699999994,4.5809490000000324],[-74.157647999999938,4.5811300000000301],[-74.157924999999977,4.5816200000000435],[-74.158613999999943,4.582932000000028],[-74.15964699999995,4.5850670000000378],[-74.160734999999988,4.5873130000000515],[-74.160754999999938,4.5873540000000617],[-74.160935999999936,4.5877950000000283],[-74.160946999999965,4.587820000000022],[-74.161026999999933,4.5881250000000477],[-74.161084999999957,4.5885580000000346],[-74.161133999999947,4.589001000000053],[-74.161138999999935,4.5890770000000316],[-74.161146999999971,4.5891780000000608],[-74.161167999999975,4.5893410000000472],[-74.161174999999957,4.5893820000000574],[-74.161194999999964,4.5896530000000553],[-74.161212999999975,4.5897700000000441],[-74.161223999999947,4.5899340000000279],[-74.161240999999961,4.5900590000000534],[-74.161254999999983,4.5901980000000435],[-74.161276999999984,4.5904050000000325],[-74.161281999999972,4.59045100000003],[-74.161322999999982,4.5908680000000572],[-74.161367999999982,4.5913090000000238],[-74.161412999999982,4.5917330000000334],[-74.161457999999982,4.5921730000000593],[-74.161562999999944,4.5930460000000721],[-74.161717999999951,4.5946240000000671],[-74.161752999999976,4.5948090000000548],[-74.161754999999971,4.5948610000000372],[-74.161752999999976,4.5948870000000284],[-74.161743999999942,4.5949610000000689],[-74.161735999999962,4.5949950000000399],[-74.161722999999938,4.5950350000000526],[-74.161717999999951,4.5950500000000716],[-74.161664999999971,4.5951720000000478],[-74.161649999999952,4.5952530000000706],[-74.161529999999971,4.5953130000000328],[-74.161422999999957,4.5954420000000482],[-74.161354999999958,4.5955600000000345],[-74.161326999999972,4.5956610000000637],[-74.161323999999979,4.5956900000000473],[-74.161315999999943,4.595766000000026],[-74.161324999999977,4.5958800000000224],[-74.161326999999972,4.5959060000000704],[-74.161347999999975,4.5960180000000719],[-74.161371999999972,4.5960810000000265],[-74.161392999999975,4.5961360000000582],[-74.161474999999939,4.596266000000071],[-74.161526999999978,4.5963280000000282],[-74.161570999999981,4.596364000000051],[-74.161675999999943,4.5964350000000422],[-74.161789999999939,4.5965400000000614],[-74.161850999999956,4.5966050000000678],[-74.161899999999946,4.5966600000000426],[-74.161910999999975,4.5966730000000666],[-74.16195799999997,4.5967460000000528],[-74.16196199999996,4.5967540000000326],[-74.161999999999978,4.5968450000000303],[-74.162011999999947,4.5968790000000581],[-74.162025999999969,4.5969310000000405],[-74.162027999999964,4.5969390000000203],[-74.162029999999959,4.5969650000000684],[-74.162090999999975,4.5975120000000516],[-74.162122999999951,4.5977730000000747],[-74.162138999999968,4.5979110000000674],[-74.162143999999955,4.5979560000000674],[-74.162159999999972,4.5981550000000766],[-74.162165999999957,4.5982870000000275],[-74.162169999999946,4.5983950000000391],[-74.162169999999946,4.5985610000000747],[-74.162167999999951,4.5986260000000243],[-74.16216768299995,4.5986810800000626]]},"properties":{"OBJECTID":30,"OBJECTID_1":141,"RSPNRUTA":"ZP-P41-1","RSPCDEFINI":"ZP-P41","RSPDISTANC":24.473060610000001,"RSPDENOMIN":"ARABIA - PUERTA DE TEJA","RSPTRUTA":"PROVISIONAL","RSPORIGEN":"CIUDAD BOLIVAR","RSPDESTINO":"FONTIBON","RSPIRUTA":210,"SHAPELEN":24650.364271495702,"Shape_Length":0.093592144582205009}},{"type":"Feature","id":31,"geometry":{"type":"LineString","coordinates":[[-74.175329999999974,4.5946830000000318],[-74.175340999999946,4.5941940000000727],[-74.175340999999946,4.5939270000000647],[-74.175335999999959,4.5936520000000201],[-74.175331999999969,4.5933790000000272],[-74.175333999999964,4.5930970000000571],[-74.175324999999987,4.5927460000000337],[-74.175323999999989,4.5918870000000425],[-74.175026999999943,4.5918900000000349],[-74.174752999999953,4.5918940000000248],[-74.174484999999947,4.5918920000000298],[-74.174214999999947,4.5918910000000324],[-74.173932999999977,4.5918950000000223],[-74.17356499999994,4.5918960000000766],[-74.173198999999954,4.5918970000000741],[-74.17267499999997,4.5919080000000463],[-74.172587999999962,4.5919420000000741],[-74.172014999999988,4.5918590000000563],[-74.172024999999962,4.5917910000000575],[-74.172162999999955,4.5916060000000698],[-74.172339999999963,4.5913310000000251],[-74.172423999999978,4.5911950000000274],[-74.172523999999953,4.591034000000036],[-74.172681999999952,4.590780000000052],[-74.172683999999947,4.5907710000000748],[-74.172841999999946,4.5905030000000693],[-74.173005999999987,4.5902360000000613],[-74.173176999999953,4.5899650000000634],[-74.173334999999952,4.5896840000000338],[-74.172474999999963,4.589678000000049],[-74.172399999999982,4.5896800000000439],[-74.172038999999984,4.5896720000000641],[-74.171762999999942,4.5896730000000616],[-74.171519999999987,4.5896700000000692],[-74.171221999999943,4.5896680000000742],[-74.170935999999983,4.5896680000000742],[-74.170428999999956,4.5896660000000224],[-74.169037999999944,4.5896620000000325],[-74.168972999999937,4.5896670000000199],[-74.168239999999969,4.5896670000000199],[-74.167898999999977,4.5896660000000224],[-74.167825999999934,4.5896660000000224],[-74.167626999999982,4.589665000000025],[-74.167484999999942,4.5896640000000275],[-74.167437999999947,4.5896640000000275],[-74.16730599999994,4.589665000000025],[-74.16730599999994,4.5895920000000388],[-74.167303999999945,4.5894940000000588],[-74.167308999999989,4.5890490000000455],[-74.167308999999989,4.5889740000000643],[-74.167307999999935,4.5888440000000514],[-74.167275999999958,4.5884080000000722],[-74.167251999999962,4.5883130000000278],[-74.167214999999942,4.5881760000000327],[-74.167173999999989,4.5880350000000476],[-74.167134999999973,4.5879010000000449],[-74.167085999999983,4.5877680000000396],[-74.166938999999957,4.5872810000000754],[-74.166923999999938,4.5872280000000387],[-74.166185999999982,4.5874600000000214],[-74.165151999999978,4.5877680000000396],[-74.165101999999933,4.587786000000051],[-74.165045999999961,4.5878060000000573],[-74.164158999999984,4.5880850000000351],[-74.164016999999944,4.5881190000000629],[-74.163248999999951,4.5883480000000532],[-74.163233999999989,4.5883910000000583],[-74.163212999999985,4.5884600000000546],[-74.163137999999947,4.5886960000000272],[-74.163088999999957,4.5888540000000262],[-74.163071999999943,4.5889230000000225],[-74.163087999999959,4.5889960000000656],[-74.162170999999944,4.5892810000000281],[-74.161339999999939,4.5895060000000285],[-74.161287999999956,4.5895470000000387],[-74.161256999999978,4.5895750000000248],[-74.161229999999989,4.5896010000000729],[-74.161194999999964,4.5896530000000553],[-74.161212999999975,4.5897700000000441],[-74.161223999999947,4.5899340000000279],[-74.161163999999985,4.5898920000000203],[-74.160518999999965,4.5899530000000368],[-74.160443999999984,4.5899980000000369],[-74.160410999999954,4.5896800000000439],[-74.16038599999996,4.5894820000000323],[-74.160356999999976,4.5890640000000644],[-74.160337999999967,4.5890050000000429],[-74.160218999999984,4.5886460000000397],[-74.160164999999949,4.5884840000000509],[-74.159933999999964,4.5878310000000511],[-74.159885999999972,4.5877270000000294],[-74.159823999999958,4.5876730000000521],[-74.159737999999948,4.5876590000000306],[-74.159680999999978,4.5876590000000306],[-74.159277999999972,4.5877720000000295],[-74.159237999999959,4.5877910000000384],[-74.158582999999965,4.588006000000064],[-74.158542999999952,4.5880300000000602],[-74.158487999999977,4.5881210000000578],[-74.157669999999939,4.5883930000000532],[-74.157211999999959,4.5885200000000737],[-74.156821999999977,4.5873150000000464],[-74.155088999999975,4.5879560000000765],[-74.15468199999998,4.5878860000000259],[-74.154020999999943,4.5883920000000558],[-74.15329399999996,4.5889120000000503],[-74.152568999999971,4.5894540000000461],[-74.151843999999983,4.5899840000000722],[-74.15176699999995,4.5900420000000395],[-74.151492999999959,4.590246000000036],[-74.15143999999998,4.5901420000000712],[-74.151382999999953,4.5894720000000575],[-74.151363999999944,4.5892410000000723],[-74.151339999999948,4.5891880000000356],[-74.151302999999984,4.5891500000000747],[-74.150985999999989,4.5889360000000465],[-74.150922999999977,4.5888990000000263],[-74.150781999999936,4.5887820000000374],[-74.150583999999981,4.5885530000000472],[-74.150455999999963,4.5884140000000571],[-74.150298999999961,4.588292000000024],[-74.150025999999968,4.5880080000000589],[-74.149938999999961,4.5878590000000372],[-74.149925999999937,4.5878810000000385],[-74.149916999999959,4.5878960000000575],[-74.149909999999977,4.5879060000000322],[-74.149903999999935,4.5879140000000689],[-74.149896999999953,4.5879230000000462],[-74.149883999999986,4.5879390000000626],[-74.14985299999995,4.5879750000000286],[-74.149831999999947,4.5879850000000602],[-74.149817999999982,4.58799300000004],[-74.149805999999955,4.5880000000000223],[-74.149793999999986,4.588006000000064],[-74.149780999999962,4.5880120000000488],[-74.149738999999954,4.5880290000000628],[-74.149273999999934,4.5882130000000529],[-74.148770999999954,4.5884370000000558],[-74.148288999999977,4.5886390000000574],[-74.147892260999981,4.5887687670000332]]},"properties":{"OBJECTID":31,"OBJECTID_1":175,"RSPNRUTA":"ZP-84B-1","RSPCDEFINI":"ZP-84B","RSPDISTANC":18.50028038,"RSPDENOMIN":"GALICIA-CENTRO","RSPTRUTA":"PROVISIONAL","RSPORIGEN":"PERDOMO","RSPDESTINO":"NEUTRA","RSPIRUTA":252,"SHAPELEN":18563.141545722399,"Shape_Length":0.042838297183607807}},{"type":"Feature","id":32,"geometry":{"type":"LineString","coordinates":[[-74.142830825999965,4.5800300940000511],[-74.142932999999971,4.5799270000000547],[-74.142999999999972,4.5798510000000761],[-74.143020999999976,4.579827000000023],[-74.143038999999987,4.5798040000000242],[-74.143054999999947,4.579776000000038],[-74.143083999999988,4.5797200000000657],[-74.143113999999969,4.5796630000000391],[-74.143117999999959,4.5796550000000593],[-74.14314399999995,4.579618000000039],[-74.143195999999989,4.5795660000000566],[-74.143214999999941,4.5795590000000743],[-74.143230999999957,4.5795510000000377],[-74.14323799999994,4.5795460000000503],[-74.143249999999966,4.5795350000000212],[-74.14332799999994,4.579477000000054],[-74.143424999999979,4.5794160000000375],[-74.143502999999953,4.5793480000000386],[-74.14438599999994,4.5786950000000388],[-74.144591999999989,4.5785680000000752],[-74.144814999999937,4.5784760000000233],[-74.144998999999984,4.5784280000000308],[-74.145209999999963,4.5784010000000421],[-74.145430999999974,4.5784040000000346],[-74.145437999999956,4.5784040000000346],[-74.145637999999963,4.5784340000000725],[-74.145853999999986,4.5784980000000246],[-74.147183999999982,4.5790100000000393],[-74.149583999999948,4.5799630000000207],[-74.151095999999939,4.5805710000000204],[-74.151189999999986,4.5806080000000406],[-74.151214999999979,4.5806180000000722],[-74.151220999999964,4.5806220000000621],[-74.151419999999973,4.5807010000000332],[-74.151501999999937,4.5807350000000611],[-74.151509999999973,4.5807380000000535],[-74.151568999999938,4.5807510000000207],[-74.151573999999982,4.580752000000075],[-74.151643999999976,4.5807820000000561],[-74.151653999999951,4.5807900000000359],[-74.151666999999975,4.580801000000065],[-74.151674999999955,4.5808050000000549],[-74.151681999999937,4.5808090000000448],[-74.151723999999945,4.5808250000000612],[-74.152110999999934,4.5809750000000236],[-74.152398999999946,4.5810650000000237],[-74.152655999999979,4.5811240000000453],[-74.15300899999994,4.5811780000000226],[-74.153403999999966,4.5811910000000466],[-74.153739999999971,4.5811720000000378],[-74.153818999999942,4.581162000000063],[-74.153862999999944,4.5811560000000213],[-74.153953999999942,4.5811430000000541],[-74.154365999999982,4.5810730000000603],[-74.154506999999967,4.5810480000000666],[-74.154765999999938,4.5810050000000615],[-74.155092999999965,4.5809480000000349],[-74.155260999999939,4.5809180000000538],[-74.15533499999998,4.5809040000000323],[-74.155393999999944,4.5808900000000676],[-74.155431999999962,4.5808860000000209],[-74.155651999999975,4.5808500000000549],[-74.156113999999945,4.5807700000000295],[-74.156152999999961,4.5807640000000447],[-74.156610999999941,4.5806860000000711],[-74.156703999999934,4.5806670000000622],[-74.156833999999947,4.580641000000071],[-74.156852999999956,4.5806370000000243],[-74.157114999999976,4.5805930000000217],[-74.157239999999945,4.5805690000000254],[-74.157253999999966,4.5805670000000305],[-74.157304999999951,4.580564000000038],[-74.157362999999975,4.5805520000000683],[-74.157523999999967,4.5805350000000544],[-74.157476999999972,4.5804360000000202],[-74.157476999999972,4.5804350000000227],[-74.157472999999982,4.5804260000000454],[-74.157471999999984,4.580423000000053],[-74.157448999999986,4.5803640000000314],[-74.15731599999998,4.5801010000000701],[-74.157292999999981,4.580058000000065],[-74.157099999999957,4.5796990000000619],[-74.156856999999945,4.5792540000000486],[-74.156520999999941,4.5786530000000312],[-74.156489999999962,4.5785940000000664],[-74.156309999999962,4.5782540000000722],[-74.156278999999984,4.578200000000038],[-74.156252999999936,4.5781620000000203],[-74.156240999999966,4.5781410000000733],[-74.156233999999984,4.5781320000000392],[-74.156196999999963,4.5780590000000529],[-74.156173999999965,4.5780000000000314],[-74.156168999999977,4.5779840000000718],[-74.156155999999953,4.5779430000000616],[-74.156139999999937,4.5779000000000565],[-74.156116999999938,4.5778510000000665],[-74.156058999999971,4.5777390000000651],[-74.155973999999958,4.5775800000000686],[-74.155828999999983,4.5773090000000707],[-74.155496999999968,4.5766850000000545],[-74.15537299999994,4.5764550000000668],[-74.155331999999987,4.5763770000000363],[-74.155309999999986,4.5763340000000312],[-74.155155999999977,4.5760510000000636],[-74.154987999999946,4.5757610000000568],[-74.154948999999988,4.5756990000000428],[-74.154831999999942,4.5755160000000501],[-74.154665999999963,4.5752570000000219],[-74.154466999999954,4.5749880000000758],[-74.154282999999964,4.5747510000000489],[-74.153989999999965,4.5743880000000559],[-74.153632999999957,4.574004000000059],[-74.153160999999955,4.5735520000000633],[-74.153076999999939,4.5734770000000253],[-74.152863999999965,4.5732980000000225],[-74.152626999999939,4.57310700000005],[-74.152585999999985,4.5730750000000739],[-74.152437999999961,4.57296400000007],[-74.152403999999933,4.5729370000000245],[-74.152352999999948,4.5729010000000585],[-74.152198999999939,4.5727940000000444],[-74.152049999999974,4.5726940000000695],[-74.151936999999975,4.5726210000000265],[-74.151900999999953,4.5726000000000226],[-74.151834999999949,4.5725600000000668],[-74.15166499999998,4.5724450000000729],[-74.151515999999958,4.5723430000000462],[-74.151301999999987,4.572208000000046],[-74.151196999999968,4.5721410000000446],[-74.150224999999978,4.5714450000000397],[-74.149106999999958,4.5706780000000435],[-74.147906999999975,4.5698550000000751],[-74.147604999999942,4.5696490000000267],[-74.147557999999947,4.5696170000000507],[-74.147426999999936,4.5695250000000556],[-74.14739899999995,4.5695060000000467],[-74.147365999999977,4.5694840000000454],[-74.147326999999962,4.5694540000000643],[-74.147325999999964,4.5694540000000643],[-74.147316999999987,4.5694480000000226],[-74.147152999999946,4.5693360000000212],[-74.146932999999933,4.5691860000000588],[-74.14670499999994,4.5690310000000522],[-74.14647599999995,4.5688750000000482],[-74.146263999999974,4.5687290000000758],[-74.14600699999994,4.5685520000000679],[-74.145967999999982,4.5685270000000742],[-74.145690999999943,4.5683390000000372],[-74.145333999999934,4.568093000000033],[-74.145317999999975,4.5680830000000583],[-74.145243999999934,4.5680320000000734],[-74.145089999999982,4.5679250000000593],[-74.145044999999982,4.5678970000000731],[-74.145017999999936,4.5678790000000618],[-74.144942999999955,4.5678270000000225],[-74.14490399999994,4.5678010000000313],[-74.144998999999984,4.5677060000000438],[-74.14503499999995,4.5676750000000652],[-74.145058999999947,4.567651000000069],[-74.145070999999973,4.5676150000000462],[-74.145069999999976,4.5675790000000234],[-74.144987999999955,4.5674370000000408],[-74.144683999999984,4.5671180000000504],[-74.144334999999955,4.5667420000000334],[-74.144175999999959,4.5665700000000697],[-74.14402199999995,4.5663720000000581],[-74.14387899999997,4.5661900000000628],[-74.143728999999951,4.5659650000000624],[-74.143481999999949,4.5655630000000542],[-74.143254999999954,4.5652090000000385],[-74.143148999999937,4.5650320000000306],[-74.142986999999948,4.5647610000000327],[-74.142739999999947,4.564360000000022],[-74.142503999999974,4.563959000000068],[-74.142254999999977,4.5635580000000573],[-74.142083999999954,4.5633190000000354],[-74.141969999999958,4.563171000000068],[-74.142245999999943,4.5630590000000666],[-74.142549999999972,4.5629640000000222],[-74.142586999999935,4.5629540000000475],[-74.143277999999952,4.562748000000056],[-74.143341999999961,4.5627260000000547],[-74.143386999999962,4.5627100000000382],[-74.144286999999963,4.5624400000000378],[-74.14433699999995,4.5624240000000214],[-74.144384999999943,4.5624080000000617],[-74.145288999999934,4.5621370000000638],[-74.145334999999989,4.5621220000000449],[-74.145378999999934,4.5621080000000234],[-74.146293999999955,4.561834000000033],[-74.146333999999968,4.5618220000000633],[-74.146378999999968,4.5618070000000444],[-74.147324999999967,4.561518000000035],[-74.147383999999988,4.5615010000000211],[-74.14743999999996,4.5614850000000615],[-74.148357999999973,4.5612130000000661],[-74.148401999999976,4.5611990000000446],[-74.148449999999968,4.5611840000000257],[-74.14934999999997,4.5609170000000745],[-74.149399999999957,4.560901000000058],[-74.149381999999946,4.5608520000000681],[-74.149270999999942,4.5604590000000371],[-74.149146999999971,4.5604970000000549],[-74.149054999999976,4.5601870000000417],[-74.149008999999978,4.5601090000000681],[-74.149125999999967,4.5599760000000629],[-74.149196999999958,4.5598910000000501],[-74.149274999999989,4.559737000000041],[-74.149383999999941,4.5594040000000291],[-74.149419999999964,4.5593030000000567],[-74.149465999999961,4.5592080000000692],[-74.149723999999935,4.5588810000000421],[-74.150089999999977,4.5586050000000569],[-74.150179999999978,4.5585350000000631],[-74.150318999999968,4.5584660000000667],[-74.150381999999979,4.5584530000000427],[-74.150444999999934,4.5584340000000338],[-74.150568999999962,4.5583870000000388],[-74.150583999999981,4.5583730000000742],[-74.15074599999997,4.5582280000000424],[-74.150767999999971,4.558208000000036],[-74.150858999999969,4.5580910000000472],[-74.150950999999964,4.5578310000000215],[-74.151010999999983,4.5577220000000693],[-74.151301999999987,4.5572440000000256],[-74.151397999999972,4.5570340000000442],[-74.151403999999957,4.5568210000000704],[-74.151288999999963,4.5563030000000708],[-74.151312999999959,4.5559860000000754],[-74.151400999999964,4.5555030000000443],[-74.151485999999977,4.5552540000000477],[-74.151590999999939,4.5550270000000523],[-74.151630999999952,4.5549570000000585],[-74.151704999999936,4.5548780000000306],[-74.151921999999956,4.5547170000000392],[-74.152160999999978,4.5545870000000264],[-74.152239999999949,4.5545030000000679],[-74.152261999999951,4.5543890000000715],[-74.152148999999952,4.5542110000000662],[-74.152103999999952,4.554155000000037],[-74.151978999999983,4.554012000000057],[-74.151913999999977,4.5537530000000288],[-74.151882999999941,4.5534620000000245],[-74.151876999999956,4.5533400000000483],[-74.151850999999965,4.5531460000000266],[-74.151790999999946,4.5529070000000615],[-74.151723999999945,4.5525640000000749],[-74.151670999999965,4.5523430000000644]]},"properties":{"OBJECTID":32,"OBJECTID_1":30,"RSPNRUTA":"ZP-361-1","RSPCDEFINI":"ZP-361","RSPDISTANC":27.711799620000001,"RSPDENOMIN":"VILLA GLORIA - EL REFUGIO","RSPTRUTA":"PROVISIONAL","RSPORIGEN":"CIUDAD BOLLVAR","RSPDESTINO":"FONTIBON","RSPIRUTA":59,"SHAPELEN":27887.0399962954,"Shape_Length":0.057902624526495063}},{"type":"Feature","id":33,"geometry":{"type":"MultiLineString","coordinates":[[[-74.143336999999974,4.5578240000000392],[-74.143432999999959,4.5577670000000694],[-74.144165999999984,4.5573380000000725],[-74.144213999999977,4.5573120000000245],[-74.144289999999955,4.5574090000000638],[-74.144354999999962,4.5575100000000361],[-74.144398999999964,4.55757600000004],[-74.14443799999998,4.5576350000000616],[-74.144647999999961,4.5579090000000519],[-74.144704999999988,4.5579890000000205],[-74.144669999999962,4.5582330000000297],[-74.144718999999952,4.5582480000000487],[-74.145022999999981,4.5582580000000235],[-74.145019999999988,4.5583050000000753],[-74.144957999999974,4.5586220000000708],[-74.144889999999975,4.5591610000000742],[-74.144861999999989,4.5593390000000227],[-74.144841999999983,4.5594520000000216],[-74.14480199999997,4.559737000000041],[-74.144875999999954,4.5598170000000664],[-74.144929999999988,4.55994400000003],[-74.144930999999985,4.5600890000000618],[-74.144886999999983,4.560335000000066],[-74.144871999999964,4.5604380000000333],[-74.144847999999968,4.5605860000000575],[-74.144727999999986,4.5613610000000335],[-74.144575999999972,4.5614070000000311],[-74.144368999999983,4.5614700000000425],[-74.144075999999984,4.5615520000000629],[-74.143959999999936,4.5615850000000364],[-74.143926999999962,4.5615940000000705],[-74.143612999999959,4.5616920000000505],[-74.143259999999941,4.5617950000000747],[-74.143080999999938,4.5618530000000419],[-74.142317999999989,4.5620850000000246],[-74.142280999999969,4.5620950000000562],[-74.141981999999985,4.5621870000000513],[-74.141950999999949,4.562197000000026],[-74.141533999999979,4.5623190000000591],[-74.14122999999995,4.5624410000000353],[-74.141167999999936,4.562479000000053],[-74.141404999999963,4.5626460000000293],[-74.141673999999966,4.5628700000000322],[-74.141969999999958,4.563171000000068],[-74.142083999999954,4.5633190000000354],[-74.142254999999977,4.5635580000000573],[-74.142503999999974,4.563959000000068],[-74.142739999999947,4.564360000000022],[-74.142986999999948,4.5647610000000327],[-74.143148999999937,4.5650320000000306],[-74.143254999999954,4.5652090000000385],[-74.143481999999949,4.5655630000000542],[-74.143728999999951,4.5659650000000624],[-74.14387899999997,4.5661900000000628],[-74.14402199999995,4.5663720000000581],[-74.144175999999959,4.5665700000000697],[-74.144334999999955,4.5667420000000334],[-74.144683999999984,4.5671180000000504],[-74.144987999999955,4.5674370000000408],[-74.145069999999976,4.5675790000000234],[-74.145134999999982,4.5675910000000499],[-74.145175999999935,4.5675910000000499],[-74.145213999999953,4.5675920000000474],[-74.14536499999997,4.5675200000000586],[-74.145389999999963,4.5675060000000371],[-74.14549599999998,4.5674570000000472],[-74.145802999999944,4.5673150000000646],[-74.145962999999938,4.5672530000000506],[-74.14629999999994,4.5670860000000744],[-74.14641899999998,4.56704000000002],[-74.146748999999943,4.5668890000000602],[-74.146775999999988,4.5669760000000679],[-74.147174999999947,4.5672490000000607],[-74.147350999999958,4.5673660000000496],[-74.147526999999968,4.5674870000000283],[-74.147706999999969,4.5676110000000563],[-74.147879999999986,4.5677350000000274],[-74.148154999999974,4.5679210000000694],[-74.148299999999949,4.5680220000000418],[-74.148605999999972,4.5682270000000358],[-74.148627999999974,4.5682420000000548],[-74.148935999999935,4.5684530000000336],[-74.149020999999948,4.5685150000000476],[-74.149370999999974,4.568753000000072],[-74.149527999999975,4.5688550000000419],[-74.149861999999985,4.5690910000000713],[-74.149906999999985,4.5691300000000297],[-74.150109999999984,4.5692500000000678],[-74.150448999999981,4.5694930000000227],[-74.150625999999988,4.5696150000000557],[-74.15098299999994,4.56985700000007],[-74.151163999999937,4.5699860000000285],[-74.151536999999962,4.5702340000000277],[-74.151708999999983,4.5703480000000241],[-74.152059999999949,4.5705960000000232],[-74.152281999999957,4.5707650000000513],[-74.152217999999948,4.5708460000000741],[-74.15212299999996,4.5709680000000503],[-74.151878999999951,4.5713210000000686],[-74.15177099999994,4.5715060000000562],[-74.151634999999942,4.5717060000000629],[-74.151497999999947,4.5719080000000645],[-74.151301999999987,4.572208000000046],[-74.151167999999984,4.5723000000000411],[-74.15124499999996,4.5723540000000753],[-74.151395999999977,4.5724720000000616],[-74.151463999999976,4.5725180000000591],[-74.151559999999961,4.5725820000000681],[-74.151886999999988,4.5728170000000432],[-74.15198399999997,4.5728850000000421],[-74.152211999999963,4.5730440000000385],[-74.152442999999948,4.573216000000059],[-74.152696999999989,4.5734130000000732],[-74.153009999999938,4.5736620000000698],[-74.153046999999958,4.573688000000061],[-74.153082999999981,4.5737250000000245],[-74.153309999999976,4.5739380000000551],[-74.153527999999937,4.5741500000000315],[-74.153577999999982,4.5742060000000606],[-74.153648999999973,4.5742840000000342],[-74.153682999999944,4.5743190000000595],[-74.153734999999983,4.5743780000000243],[-74.153816999999947,4.5744710000000737],[-74.153847999999982,4.5745050000000447],[-74.15413499999994,4.5748500000000263],[-74.154324999999972,4.575095000000033],[-74.154500999999982,4.5753450000000271],[-74.154653999999937,4.5755710000000249],[-74.154789999999934,4.5757860000000505],[-74.15483299999994,4.5758550000000469],[-74.154993999999988,4.5761370000000738],[-74.155144999999948,4.5764180000000465],[-74.155168999999944,4.5764620000000491],[-74.155286999999987,4.5766810000000646],[-74.155528999999945,4.5771390000000451],[-74.155664999999942,4.5773910000000342],[-74.155695999999978,4.577442000000076],[-74.15578899999997,4.5776050000000623],[-74.155861999999956,4.5777370000000701],[-74.155977999999948,4.5779540000000338],[-74.155990999999972,4.5779770000000326],[-74.156016999999963,4.5780180000000428],[-74.156081999999969,4.5781230000000619],[-74.156143999999983,4.5782480000000305],[-74.156164999999987,4.578296000000023],[-74.156208999999933,4.578388000000075],[-74.156352999999967,4.578689000000054],[-74.156373999999971,4.5787270000000717],[-74.156702999999936,4.5793380000000639],[-74.156928999999934,4.5797870000000671],[-74.156966999999952,4.5798440000000369],[-74.157012999999949,4.5799170000000231],[-74.157052999999962,4.5799690000000624],[-74.157027999999968,4.58006000000006],[-74.157015999999942,4.58010500000006],[-74.157014999999944,4.5801130000000398],[-74.157014999999944,4.5801370000000361],[-74.157011999999952,4.5801640000000248],[-74.157005999999967,4.58020300000004],[-74.15700499999997,4.5802120000000741],[-74.156990999999948,4.5802590000000691],[-74.156972999999937,4.5803040000000692],[-74.156946999999946,4.5803510000000642],[-74.156918999999959,4.5803910000000201],[-74.156884999999988,4.5804260000000454],[-74.156871999999964,4.580438000000072],[-74.156845999999973,4.5804600000000733],[-74.156839999999988,4.5804660000000581],[-74.156811999999945,4.5805080000000657],[-74.156786999999952,4.5805440000000317],[-74.155371999999943,4.580786000000046],[-74.153727999999944,4.5810610000000338],[-74.153371999999933,4.5810810000000401],[-74.15301999999997,4.581068000000073],[-74.152931999999964,4.5810550000000489],[-74.152790999999979,4.5810350000000426],[-74.152729999999963,4.5810250000000678],[-74.152686999999958,4.5810160000000337],[-74.152565999999979,4.5809920000000375],[-74.152500999999972,4.580976000000021],[-74.152434999999969,4.580959000000064],[-74.152358999999933,4.5809370000000627],[-74.152280999999959,4.5809130000000664],[-74.152179999999987,4.5808790000000386],[-74.15199199999995,4.5808100000000422],[-74.151909999999987,4.5807780000000662],[-74.151882999999941,4.5807660000000396],[-74.151798999999983,4.5807330000000661],[-74.151763999999957,4.5807190000000446],[-74.151718999999957,4.5807030000000282],[-74.151606999999956,4.580660000000023],[-74.151598999999976,4.5806570000000306],[-74.151451999999949,4.5805990000000634],[-74.151266999999962,4.5805290000000696],[-74.151167999999984,4.5804900000000544],[-74.151130999999964,4.5804780000000278],[-74.14961599999998,4.579887000000042],[-74.147986999999944,4.5792270000000599],[-74.147190999999964,4.5789190000000417],[-74.146228999999948,4.5785120000000461],[-74.145726999999965,4.5783380000000307],[-74.145438999999953,4.5782910000000356],[-74.145111999999983,4.578296000000023],[-74.144787999999949,4.5783670000000711],[-74.144614999999988,4.578433000000075],[-74.144464999999968,4.5785110000000486],[-74.144183999999939,4.5787020000000211],[-74.143386999999962,4.5792910000000688],[-74.143348999999944,4.57931700000006],[-74.143265999999983,4.579381000000069],[-74.143206999999961,4.5794260000000691],[-74.143191999999942,4.5794390000000362],[-74.143177999999978,4.5794520000000603],[-74.143166999999949,4.57946400000003],[-74.143073999999956,4.5795480000000452],[-74.143030999999951,4.5795940000000428],[-74.143002999999965,4.5796280000000706],[-74.142928999999981,4.5797350000000279],[-74.142880999999988,4.5798000000000343],[-74.14280599999995,4.5798980000000711],[-74.142794999999978,4.5799120000000357],[-74.142698999999936,4.5800250000000347],[-74.142677037999988,4.5800494020000428]],[[-74.141949755999974,4.5800485380000282],[-74.141970999999955,4.5800400000000536],[-74.142024999999933,4.5800160000000574],[-74.142040717999976,4.5800561070000754]]]},"properties":{"OBJECTID":33,"OBJECTID_1":57,"RSPNRUTA":"ZP-923-1","RSPCDEFINI":"ZP-923","RSPDISTANC":13.458180430000001,"RSPDENOMIN":"LAS ACACIAS - CORABASTOS","RSPTRUTA":"PROVISIONAL","RSPORIGEN":"CIUDAD BOLIVAR","RSPDESTINO":"KENNEDY","RSPIRUTA":105,"SHAPELEN":13552.9221206153,"Shape_Length":0.052256244514107285}},{"type":"Feature","id":34,"geometry":{"type":"LineString","coordinates":[[-74.181207762999975,4.5995998140000438],[-74.18116299999997,4.5995020000000295],[-74.181143999999961,4.5994580000000269],[-74.180792999999937,4.5987190000000737],[-74.180731999999978,4.5985730000000444],[-74.180623999999966,4.5983240000000478],[-74.180605999999955,4.5982790000000477],[-74.180510999999967,4.5980810000000361],[-74.180222999999955,4.5975190000000339],[-74.179756999999938,4.5974070000000324],[-74.179633999999965,4.5973770000000513],[-74.179544999999962,4.5973360000000412],[-74.179482999999948,4.5972810000000663],[-74.179428999999971,4.5971490000000585],[-74.17935099999994,4.597090000000037],[-74.17934699999995,4.5969960000000469],[-74.179341999999963,4.5969010000000594],[-74.179335999999978,4.5967700000000491],[-74.179216999999937,4.5967760000000339],[-74.17908099999994,4.5967600000000743],[-74.178666999999962,4.5967780000000289],[-74.178293999999937,4.5967860000000655],[-74.177573999999936,4.5967880000000605],[-74.177490999999975,4.5967850000000681],[-74.177393999999936,4.5967810000000213],[-74.17569199999997,4.59661600000004],[-74.175367999999935,4.5965760000000273],[-74.174607999999978,4.5964590000000385],[-74.171374999999955,4.5959880000000339],[-74.169781999999941,4.5957590000000437],[-74.169357999999988,4.5957010000000764],[-74.16886599999998,4.5956610000000637],[-74.167578999999989,4.5956440000000498],[-74.167270999999971,4.5956390000000624],[-74.166519999999934,4.5956240000000435],[-74.165618999999936,4.5956350000000725],[-74.165092999999956,4.5955960000000573],[-74.164947999999981,4.5955720000000611],[-74.164940999999942,4.5955730000000585],[-74.164938999999947,4.5955720000000611],[-74.164932999999962,4.5955720000000611],[-74.16492999999997,4.5955710000000636],[-74.164923999999985,4.5955720000000611],[-74.164920999999936,4.5955710000000636],[-74.164914999999951,4.5955710000000636],[-74.164912999999956,4.5955710000000636],[-74.164905999999974,4.5955710000000636],[-74.164903999999979,4.5955700000000661],[-74.164896999999939,4.5955710000000636],[-74.164894999999945,4.5955700000000661],[-74.164887999999962,4.5955700000000661],[-74.164885999999967,4.5955700000000661],[-74.164878999999985,4.5955700000000661],[-74.164876999999933,4.5955690000000686],[-74.164869999999951,4.5955700000000661],[-74.164867999999956,4.5955690000000686],[-74.164860999999974,4.5955690000000686],[-74.164858999999979,4.5955690000000686],[-74.164851999999939,4.5955690000000686],[-74.164849999999944,4.5955680000000712],[-74.164842999999962,4.5955690000000686],[-74.164840999999967,4.5955680000000712],[-74.164833999999985,4.5955680000000712],[-74.164831999999933,4.5955680000000712],[-74.164510999999948,4.5955450000000724],[-74.164412999999968,4.5955340000000433],[-74.164003999999977,4.5955330000000458],[-74.162861999999961,4.5955290000000559],[-74.162852999999984,4.5955260000000635],[-74.162670999999989,4.5954540000000748],[-74.16266399999995,4.5954480000000331],[-74.16265599999997,4.5954430000000457],[-74.162609999999972,4.5954200000000469],[-74.162548999999956,4.5953850000000216],[-74.162498999999968,4.5953510000000506],[-74.16247199999998,4.5953290000000493],[-74.162437999999952,4.5953010000000631],[-74.162388999999962,4.5952570000000605],[-74.162335999999982,4.5952050000000213],[-74.162294999999972,4.5951630000000705],[-74.162272999999971,4.5951400000000717],[-74.162227999999971,4.5950900000000274],[-74.162188999999955,4.5950420000000349],[-74.162167999999951,4.5950150000000463],[-74.16213799999997,4.5949730000000386],[-74.162107999999989,4.594929000000036],[-74.162057999999945,4.594846000000075],[-74.16204399999998,4.594818000000032],[-74.161993999999936,4.594724000000042],[-74.16196599999995,4.5946570000000406],[-74.161925999999937,4.5945440000000417],[-74.161726999999985,4.5930300000000557],[-74.161629999999946,4.5921540000000505],[-74.16158699999994,4.5917180000000712],[-74.16154199999994,4.5912920000000668],[-74.16149699999994,4.5908510000000433],[-74.161490999999955,4.5908090000000357],[-74.161487999999963,4.5907770000000596],[-74.161476999999934,4.5907090000000608],[-74.161485999999968,4.5906960000000367],[-74.161490999999955,4.5906870000000595],[-74.161493999999948,4.5906770000000279],[-74.161494999999945,4.5906680000000506],[-74.161472999999944,4.5904570000000717],[-74.161472999999944,4.5904350000000704],[-74.161467999999957,4.5904140000000666],[-74.161441999999965,4.590139000000022],[-74.16143999999997,4.5901300000000447],[-74.161435999999981,4.5901220000000649],[-74.161431999999934,4.5901140000000282],[-74.161424999999952,4.5901060000000484],[-74.161417999999969,4.5900980000000686],[-74.161404999999945,4.590088000000037],[-74.161387999999988,4.5899260000000481],[-74.161377999999957,4.5897930000000429],[-74.161339999999939,4.5895060000000285],[-74.161336999999946,4.5894130000000359],[-74.161306999999965,4.5889870000000315],[-74.161260999999968,4.5885440000000699],[-74.161194999999964,4.5880630000000338],[-74.161106999999959,4.5877350000000661],[-74.160897999999975,4.5872400000000653],[-74.159749999999974,4.5848760000000652],[-74.158908999999937,4.5831140000000232],[-74.158692999999971,4.5826620000000275],[-74.158086999999966,4.5815410000000725],[-74.157829999999933,4.5811220000000503],[-74.157826999999941,4.5811190000000579],[-74.157526999999959,4.5805400000000418],[-74.157523999999967,4.5805350000000544],[-74.157476999999972,4.5804360000000202],[-74.157322999999963,4.5804560000000265],[-74.157252999999969,4.5804640000000632],[-74.156786999999952,4.5805440000000317],[-74.155371999999943,4.580786000000046],[-74.153727999999944,4.5810610000000338],[-74.153371999999933,4.5810810000000401],[-74.15301999999997,4.581068000000073],[-74.152931999999964,4.5810550000000489],[-74.152790999999979,4.5810350000000426],[-74.152729999999963,4.5810250000000678],[-74.152686999999958,4.5810160000000337],[-74.152565999999979,4.5809920000000375],[-74.152500999999972,4.580976000000021],[-74.152434999999969,4.580959000000064],[-74.152358999999933,4.5809370000000627],[-74.152280999999959,4.5809130000000664],[-74.152179999999987,4.5808790000000386],[-74.15199199999995,4.5808100000000422],[-74.151909999999987,4.5807780000000662],[-74.151882999999941,4.5807660000000396],[-74.151798999999983,4.5807330000000661],[-74.151763999999957,4.5807190000000446],[-74.151718999999957,4.5807030000000282],[-74.151606999999956,4.580660000000023],[-74.151598999999976,4.5806570000000306],[-74.151451999999949,4.5805990000000634],[-74.151266999999962,4.5805290000000696],[-74.151167999999984,4.5804900000000544],[-74.151130999999964,4.5804780000000278],[-74.14961599999998,4.579887000000042],[-74.147986999999944,4.5792270000000599],[-74.147190999999964,4.5789190000000417],[-74.146228999999948,4.5785120000000461],[-74.145726999999965,4.5783380000000307],[-74.145438999999953,4.5782910000000356],[-74.145111999999983,4.578296000000023],[-74.144787999999949,4.5783670000000711],[-74.144614999999988,4.578433000000075],[-74.144464999999968,4.5785110000000486],[-74.144183999999939,4.5787020000000211],[-74.143386999999962,4.5792910000000688],[-74.143348999999944,4.57931700000006],[-74.143265999999983,4.579381000000069],[-74.143206999999961,4.5794260000000691],[-74.143191999999942,4.5794390000000362],[-74.143177999999978,4.5794520000000603],[-74.143166999999949,4.57946400000003],[-74.143073999999956,4.5795480000000452],[-74.143030999999951,4.5795940000000428],[-74.143002999999965,4.5796280000000706],[-74.142928999999981,4.5797350000000279],[-74.142880999999988,4.5798000000000343],[-74.14280599999995,4.5798980000000711],[-74.142794999999978,4.5799120000000357],[-74.142698999999936,4.5800250000000347],[-74.142677037999988,4.5800494020000428]]},"properties":{"OBJECTID":34,"OBJECTID_1":194,"RSPNRUTA":"ZP-168A-1","RSPCDEFINI":"ZP-168A","RSPDISTANC":22.332010270000001,"RSPDENOMIN":"EL RECREO - LA ROCA","RSPTRUTA":"PROVISIONAL","RSPORIGEN":"BOSA","RSPDESTINO":"SAN CRISTOBAL","RSPIRUTA":281,"SHAPELEN":22467.859814942003,"Shape_Length":0.052647019260496988}},{"type":"Feature","id":35,"geometry":{"type":"LineString","coordinates":[[-74.142830825999965,4.5800300940000511],[-74.142932999999971,4.5799270000000547],[-74.142999999999972,4.5798510000000761],[-74.143020999999976,4.579827000000023],[-74.143038999999987,4.5798040000000242],[-74.143054999999947,4.579776000000038],[-74.143083999999988,4.5797200000000657],[-74.143113999999969,4.5796630000000391],[-74.143117999999959,4.5796550000000593],[-74.14314399999995,4.579618000000039],[-74.143195999999989,4.5795660000000566],[-74.143214999999941,4.5795590000000743],[-74.143230999999957,4.5795510000000377],[-74.14323799999994,4.5795460000000503],[-74.143249999999966,4.5795350000000212],[-74.14332799999994,4.579477000000054],[-74.143424999999979,4.5794160000000375],[-74.143502999999953,4.5793480000000386],[-74.14438599999994,4.5786950000000388],[-74.144591999999989,4.5785680000000752],[-74.144814999999937,4.5784760000000233],[-74.144998999999984,4.5784280000000308],[-74.145209999999963,4.5784010000000421],[-74.145430999999974,4.5784040000000346],[-74.145437999999956,4.5784040000000346],[-74.145637999999963,4.5784340000000725],[-74.145853999999986,4.5784980000000246],[-74.147183999999982,4.5790100000000393],[-74.149583999999948,4.5799630000000207],[-74.151095999999939,4.5805710000000204],[-74.151189999999986,4.5806080000000406],[-74.151214999999979,4.5806180000000722],[-74.151220999999964,4.5806220000000621],[-74.151419999999973,4.5807010000000332],[-74.151501999999937,4.5807350000000611],[-74.151509999999973,4.5807380000000535],[-74.151568999999938,4.5807510000000207],[-74.151573999999982,4.580752000000075],[-74.151643999999976,4.5807820000000561],[-74.151653999999951,4.5807900000000359],[-74.151666999999975,4.580801000000065],[-74.151674999999955,4.5808050000000549],[-74.151681999999937,4.5808090000000448],[-74.151723999999945,4.5808250000000612],[-74.152110999999934,4.5809750000000236],[-74.152398999999946,4.5810650000000237],[-74.152655999999979,4.5811240000000453],[-74.15300899999994,4.5811780000000226],[-74.153403999999966,4.5811910000000466],[-74.153739999999971,4.5811720000000378],[-74.153818999999942,4.581162000000063],[-74.153862999999944,4.5811560000000213],[-74.153953999999942,4.5811430000000541],[-74.154365999999982,4.5810730000000603],[-74.154506999999967,4.5810480000000666],[-74.154765999999938,4.5810050000000615],[-74.155092999999965,4.5809480000000349],[-74.155260999999939,4.5809180000000538],[-74.15533499999998,4.5809040000000323],[-74.155393999999944,4.5808900000000676],[-74.155431999999962,4.5808860000000209],[-74.155651999999975,4.5808500000000549],[-74.156113999999945,4.5807700000000295],[-74.156152999999961,4.5807640000000447],[-74.156610999999941,4.5806860000000711],[-74.156703999999934,4.5806670000000622],[-74.156833999999947,4.580641000000071],[-74.156852999999956,4.5806370000000243],[-74.157114999999976,4.5805930000000217],[-74.157239999999945,4.5805690000000254],[-74.157253999999966,4.5805670000000305],[-74.157304999999951,4.580564000000038],[-74.157362999999975,4.5805520000000683],[-74.157523999999967,4.5805350000000544],[-74.157588999999973,4.5805230000000279],[-74.157622999999944,4.5805140000000506],[-74.157634999999971,4.5805130000000531],[-74.157869999999946,4.5804730000000404],[-74.158089999999959,4.5804350000000227],[-74.158228999999949,4.5804110000000264],[-74.158566999999948,4.5803560000000516],[-74.158763999999962,4.5803190000000313],[-74.159211999999968,4.5802410000000577],[-74.159585999999933,4.5801780000000463],[-74.15964299999996,4.5801650000000222],[-74.159712999999954,4.5801510000000576],[-74.159774999999968,4.5801440000000753],[-74.159860999999978,4.5801280000000588],[-74.15996599999994,4.5801180000000272],[-74.160039999999981,4.5801090000000499],[-74.160125999999934,4.5801010000000701],[-74.160219999999981,4.5801100000000474],[-74.16034499999995,4.5801400000000285],[-74.160425999999973,4.580167000000074],[-74.160486999999989,4.5801940000000627],[-74.160580999999979,4.5802450000000476],[-74.160690999999986,4.5803330000000528],[-74.160819999999944,4.5804990000000316],[-74.161205999999936,4.581164000000058],[-74.161291999999946,4.5812800000000493],[-74.161414999999977,4.5814090000000647],[-74.16154899999998,4.5815180000000737],[-74.161700999999937,4.5816120000000637],[-74.162268999999981,4.5818720000000326],[-74.162558999999987,4.5820090000000278],[-74.162719999999979,4.5821460000000229],[-74.162840999999958,4.5822930000000497],[-74.162926999999968,4.5824570000000335],[-74.162977999999953,4.5826220000000717],[-74.162996999999962,4.5828530000000569],[-74.162944999999979,4.5836000000000467],[-74.162948999999969,4.5836910000000444],[-74.162972999999965,4.5837880000000268],[-74.163043999999957,4.5838980000000333],[-74.163142999999934,4.5839710000000764],[-74.163244999999961,4.5840060000000449],[-74.163366999999937,4.5840260000000512],[-74.163508999999976,4.5840130000000272],[-74.163658999999939,4.5839610000000448],[-74.163888999999983,4.5838620000000674],[-74.164107999999942,4.5837720000000672],[-74.16436699999997,4.5836540000000241],[-74.164506999999958,4.5835710000000631],[-74.164625999999942,4.5834700000000339],[-74.164728999999966,4.5833740000000489],[-74.164809999999989,4.583274000000074],[-74.164908999999966,4.5831140000000232],[-74.165115999999955,4.582644000000073],[-74.165400999999974,4.5819080000000554],[-74.165529999999933,4.5814480000000231],[-74.165922999999964,4.5794240000000741],[-74.165971999999954,4.5792050000000586],[-74.166038999999955,4.579003000000057],[-74.166091999999935,4.5789150000000518],[-74.16623199999998,4.5787420000000338],[-74.166492999999946,4.5784590000000662],[-74.166702999999984,4.5782260000000292],[-74.166861999999981,4.5780130000000554],[-74.166957999999966,4.5777710000000411],[-74.166987999999947,4.5775940000000332],[-74.166992999999934,4.577487000000076],[-74.167029999999954,4.5774370000000317],[-74.167086999999981,4.5773860000000468],[-74.167134999999973,4.5773690000000329],[-74.167169999999942,4.5773580000000607],[-74.167200999999977,4.5773520000000758],[-74.167239999999936,4.5773560000000657],[-74.167294999999967,4.5773740000000203],[-74.167543999999964,4.5775980000000231],[-74.167615999999953,4.5777790000000209],[-74.167639999999949,4.5779320000000325],[-74.16766199999995,4.5780630000000428],[-74.167678999999964,4.5781820000000266],[-74.167769999999962,4.57843500000007],[-74.167889999999943,4.5785240000000726],[-74.168177999999955,4.5786470000000463],[-74.16830299999998,4.5786690000000476],[-74.168631999999945,4.5786780000000249],[-74.168825999999967,4.5786960000000363],[-74.169042999999988,4.5787170000000401],[-74.169107999999937,4.5787460000000237],[-74.16919299999995,4.5787740000000667],[-74.169377999999938,4.5788750000000391],[-74.169436999999959,4.5788950000000455],[-74.169629999999984,4.5789790000000608],[-74.169895999999937,4.5791240000000357],[-74.170030999999938,4.57922300000007],[-74.170200999999963,4.5793370000000664],[-74.170259999999985,4.5793870000000538],[-74.170419999999979,4.579475000000059],[-74.170566999999949,4.5794320000000539],[-74.170673999999963,4.5793700000000399],[-74.170788999999957,4.5792260000000624],[-74.170822999999984,4.5790850000000205],[-74.170806999999968,4.5789370000000531],[-74.170769999999948,4.5788590000000227],[-74.170740999999964,4.5787970000000655],[-74.17054399999995,4.5786920000000464],[-74.170505999999989,4.5786850000000641],[-74.170447999999965,4.5786810000000742],[-74.170395999999982,4.5786820000000716],[-74.170344999999941,4.5786840000000666],[-74.17026599999997,4.5786860000000615],[-74.170212999999933,4.5786900000000514],[-74.170150999999976,4.5786980000000312],[-74.170023999999955,4.5786980000000312],[-74.169937999999945,4.5786980000000312],[-74.169828999999936,4.5786560000000236],[-74.169817999999964,4.5786420000000589],[-74.169666999999947,4.5784450000000447],[-74.169502999999963,4.5781980000000431],[-74.169299999999964,4.5778920000000198],[-74.169201999999984,4.5777320000000259],[-74.169118999999966,4.5774130000000355],[-74.169104999999945,4.5773890000000392],[-74.16906199999994,4.5772840000000201],[-74.16906199999994,4.5771550000000616],[-74.169046999999978,4.5768960000000334],[-74.16895599999998,4.5767740000000572],[-74.168795999999986,4.5765460000000644],[-74.168641999999977,4.5763560000000325],[-74.16849899999994,4.57616500000006],[-74.16839699999997,4.5760270000000673],[-74.16822099999996,4.5758580000000393],[-74.167973999999958,4.575738000000058],[-74.167589999999961,4.5755990000000679],[-74.167434999999955,4.5755470000000287],[-74.16729399999997,4.5754820000000223],[-74.167168999999944,4.5754320000000348],[-74.166919999999948,4.5753410000000372],[-74.166637999999978,4.5752350000000206],[-74.166414999999972,4.5751060000000621],[-74.166344999999978,4.5750370000000657],[-74.166174999999953,4.5748450000000389],[-74.165984999999978,4.5746200000000385],[-74.165794999999946,4.574384000000066],[-74.165575999999987,4.5741380000000618],[-74.165854999999965,4.573897000000045],[-74.166209999999978,4.573579000000052],[-74.166354999999953,4.5734640000000581],[-74.166904999999986,4.5729580000000283],[-74.167037999999934,4.5729150000000232],[-74.167470999999978,4.5724890000000755],[-74.167628999999977,4.572353000000021],[-74.167682999999954,4.5722920000000613],[-74.168270999999947,4.5717640000000301],[-74.168337999999949,4.5716980000000262],[-74.168555999999967,4.5715030000000638],[-74.168519999999944,4.571467000000041],[-74.168362999999943,4.571249000000023],[-74.168254999999988,4.5710920000000215],[-74.168131999999957,4.5709440000000541],[-74.16817599999996,4.5708640000000287],[-74.16831099999996,4.5707210000000487],[-74.168354999999963,4.570692000000065]]},"properties":{"OBJECTID":35,"OBJECTID_1":68,"RSPNRUTA":"ZP-C10-1","RSPCDEFINI":"ZP-C10","RSPDISTANC":31.362749099999998,"RSPDENOMIN":"SIERRA MORENA TRES ESQUINAS - QUIRIGUA","RSPTRUTA":"PROVISIONAL","RSPORIGEN":"CIUDAD BOLIVAR","RSPDESTINO":"CALLE 80","RSPIRUTA":118,"SHAPELEN":31572.823972561699,"Shape_Length":0.049993648368998944}},{"type":"Feature","id":36,"geometry":{"type":"LineString","coordinates":[[-74.149723999999935,4.5588810000000421],[-74.149465999999961,4.5592080000000692],[-74.149419999999964,4.5593030000000567],[-74.149383999999941,4.5594040000000291],[-74.149274999999989,4.559737000000041],[-74.149196999999958,4.5598910000000501],[-74.149125999999967,4.5599760000000629],[-74.149008999999978,4.5601090000000681],[-74.148953999999947,4.5601200000000404],[-74.148738999999978,4.5601830000000518],[-74.148676999999964,4.5602060000000506],[-74.148380999999972,4.560286000000076],[-74.148281999999938,4.5603120000000672],[-74.148146999999938,4.5603370000000609],[-74.148041999999975,4.5603610000000572],[-74.147816999999975,4.5604230000000712],[-74.147702999999979,4.5604570000000422],[-74.147608999999989,4.5604870000000233],[-74.147346999999968,4.5605650000000537],[-74.147213999999963,4.5606090000000563],[-74.147130999999945,4.5606380000000399],[-74.147046999999986,4.5606620000000362],[-74.14690399999995,4.5607030000000464],[-74.146871999999973,4.5607100000000287],[-74.14647599999995,4.56082600000002],[-74.146351999999979,4.5608650000000353],[-74.146071999999947,4.5609540000000379],[-74.145973999999967,4.5609860000000708],[-74.145965999999987,4.5609880000000658],[-74.145424999999989,4.5611510000000521],[-74.145398999999941,4.5611600000000294],[-74.145080999999948,4.5612570000000687],[-74.144966999999951,4.5612920000000372],[-74.14485899999994,4.5613270000000625],[-74.144727999999986,4.5613610000000335],[-74.144575999999972,4.5614070000000311],[-74.144368999999983,4.5614700000000425],[-74.144075999999984,4.5615520000000629],[-74.143959999999936,4.5615850000000364],[-74.143926999999962,4.5615940000000705],[-74.143612999999959,4.5616920000000505],[-74.143259999999941,4.5617950000000747],[-74.143080999999938,4.5618530000000419],[-74.142317999999989,4.5620850000000246],[-74.142280999999969,4.5620950000000562],[-74.141981999999985,4.5621870000000513],[-74.141950999999949,4.562197000000026],[-74.141533999999979,4.5623190000000591],[-74.14122999999995,4.5624410000000353],[-74.141167999999936,4.562479000000053],[-74.141404999999963,4.5626460000000293],[-74.141673999999966,4.5628700000000322],[-74.141969999999958,4.563171000000068],[-74.142083999999954,4.5633190000000354],[-74.142254999999977,4.5635580000000573],[-74.142503999999974,4.563959000000068],[-74.142739999999947,4.564360000000022],[-74.142986999999948,4.5647610000000327],[-74.143148999999937,4.5650320000000306],[-74.143254999999954,4.5652090000000385],[-74.143481999999949,4.5655630000000542],[-74.143728999999951,4.5659650000000624],[-74.14387899999997,4.5661900000000628],[-74.14402199999995,4.5663720000000581],[-74.144175999999959,4.5665700000000697],[-74.144334999999955,4.5667420000000334],[-74.144683999999984,4.5671180000000504],[-74.144987999999955,4.5674370000000408],[-74.145069999999976,4.5675790000000234],[-74.145070999999973,4.5676150000000462],[-74.145058999999947,4.567651000000069],[-74.14503499999995,4.5676750000000652],[-74.144998999999984,4.5677060000000438],[-74.14490399999994,4.5678010000000313],[-74.14480599999996,4.5679550000000404],[-74.145911999999953,4.5687090000000694],[-74.146165999999937,4.5688810000000331],[-74.14638199999996,4.5690300000000548],[-74.146608999999955,4.5691820000000689],[-74.146833999999956,4.569338000000073],[-74.146873999999968,4.5693650000000616],[-74.147013999999956,4.5694610000000466],[-74.147054999999966,4.5694920000000252],[-74.147224999999935,4.5696090000000709],[-74.147299999999973,4.5696600000000558],[-74.14731299999994,4.5696660000000406],[-74.147318999999982,4.5696700000000305],[-74.14734599999997,4.5696890000000394],[-74.147468999999944,4.5697750000000497],[-74.147507999999959,4.5698020000000383],[-74.147712999999953,4.5699410000000285],[-74.148067999999967,4.5701740000000655],[-74.148236999999938,4.5702810000000227],[-74.149009999999976,4.5708270000000653],[-74.150127999999938,4.571593000000064],[-74.150949999999966,4.5721510000000762],[-74.151167999999984,4.5723000000000411],[-74.15124499999996,4.5723540000000753],[-74.151395999999977,4.5724720000000616],[-74.151463999999976,4.5725180000000591],[-74.151559999999961,4.5725820000000681],[-74.151886999999988,4.5728170000000432],[-74.15198399999997,4.5728850000000421],[-74.152211999999963,4.5730440000000385],[-74.152442999999948,4.573216000000059],[-74.152696999999989,4.5734130000000732],[-74.153009999999938,4.5736620000000698],[-74.153046999999958,4.573688000000061],[-74.153082999999981,4.5737250000000245],[-74.153309999999976,4.5739380000000551],[-74.153527999999937,4.5741500000000315],[-74.153577999999982,4.5742060000000606],[-74.153648999999973,4.5742840000000342],[-74.153682999999944,4.5743190000000595],[-74.153734999999983,4.5743780000000243],[-74.153816999999947,4.5744710000000737],[-74.153847999999982,4.5745050000000447],[-74.15413499999994,4.5748500000000263],[-74.154324999999972,4.575095000000033],[-74.154500999999982,4.5753450000000271],[-74.154653999999937,4.5755710000000249],[-74.154789999999934,4.5757860000000505],[-74.15483299999994,4.5758550000000469],[-74.154993999999988,4.5761370000000738],[-74.155144999999948,4.5764180000000465],[-74.155168999999944,4.5764620000000491],[-74.155286999999987,4.5766810000000646],[-74.155528999999945,4.5771390000000451],[-74.155664999999942,4.5773910000000342],[-74.155695999999978,4.577442000000076],[-74.15578899999997,4.5776050000000623],[-74.155861999999956,4.5777370000000701],[-74.155977999999948,4.5779540000000338],[-74.155990999999972,4.5779770000000326],[-74.156016999999963,4.5780180000000428],[-74.156081999999969,4.5781230000000619],[-74.156143999999983,4.5782480000000305],[-74.156164999999987,4.578296000000023],[-74.156208999999933,4.578388000000075],[-74.156352999999967,4.578689000000054],[-74.156373999999971,4.5787270000000717],[-74.156702999999936,4.5793380000000639],[-74.156928999999934,4.5797870000000671],[-74.156966999999952,4.5798440000000369],[-74.157012999999949,4.5799170000000231],[-74.157052999999962,4.5799690000000624],[-74.157055999999955,4.5799740000000497],[-74.157129999999938,4.5800780000000714],[-74.157141999999965,4.5801020000000676],[-74.157227999999975,4.5802620000000616],[-74.157322999999963,4.5804560000000265],[-74.157362999999975,4.5805520000000683],[-74.157411999999965,4.5806730000000471],[-74.15755699999994,4.5809490000000324],[-74.157647999999938,4.5811300000000301],[-74.157924999999977,4.5816200000000435],[-74.158613999999943,4.582932000000028],[-74.15964699999995,4.5850670000000378],[-74.160734999999988,4.5873130000000515],[-74.160754999999938,4.5873540000000617],[-74.160935999999936,4.5877950000000283],[-74.160946999999965,4.587820000000022],[-74.161026999999933,4.5881250000000477],[-74.161084999999957,4.5885580000000346],[-74.161133999999947,4.589001000000053],[-74.161138999999935,4.5890770000000316],[-74.161146999999971,4.5891780000000608],[-74.161167999999975,4.5893410000000472],[-74.161174999999957,4.5893820000000574],[-74.161194999999964,4.5896530000000553],[-74.161212999999975,4.5897700000000441],[-74.161223999999947,4.5899340000000279],[-74.161240999999961,4.5900590000000534],[-74.161254999999983,4.5901980000000435],[-74.161276999999984,4.5904050000000325],[-74.161281999999972,4.59045100000003],[-74.161322999999982,4.5908680000000572],[-74.161367999999982,4.5913090000000238],[-74.161412999999982,4.5917330000000334],[-74.161457999999982,4.5921730000000593],[-74.161562999999944,4.5930460000000721],[-74.161717999999951,4.5946240000000671],[-74.161752999999976,4.5948090000000548],[-74.161754999999971,4.5948610000000372],[-74.161752999999976,4.5948870000000284],[-74.161743999999942,4.5949610000000689],[-74.161735999999962,4.5949950000000399],[-74.161722999999938,4.5950350000000526],[-74.161717999999951,4.5950500000000716],[-74.161664999999971,4.5951720000000478],[-74.161649999999952,4.5952530000000706],[-74.161529999999971,4.5953130000000328],[-74.161422999999957,4.5954420000000482],[-74.161354999999958,4.5955600000000345],[-74.161326999999972,4.5956610000000637],[-74.161323999999979,4.5956900000000473],[-74.161315999999943,4.595766000000026],[-74.161324999999977,4.5958800000000224],[-74.161326999999972,4.5959060000000704],[-74.161347999999975,4.5960180000000719],[-74.161371999999972,4.5960810000000265],[-74.161392999999975,4.5961360000000582],[-74.161474999999939,4.596266000000071],[-74.161526999999978,4.5963280000000282],[-74.161570999999981,4.596364000000051],[-74.161675999999943,4.5964350000000422],[-74.161789999999939,4.5965400000000614],[-74.161850999999956,4.5966050000000678],[-74.161899999999946,4.5966600000000426],[-74.161910999999975,4.5966730000000666],[-74.16195799999997,4.5967460000000528],[-74.16196199999996,4.5967540000000326],[-74.161999999999978,4.5968450000000303],[-74.162011999999947,4.5968790000000581],[-74.162025999999969,4.5969310000000405],[-74.162027999999964,4.5969390000000203],[-74.162029999999959,4.5969650000000684],[-74.162090999999975,4.5975120000000516],[-74.162122999999951,4.5977730000000747],[-74.162138999999968,4.5979110000000674],[-74.162143999999955,4.5979560000000674],[-74.162159999999972,4.5981550000000766],[-74.162165999999957,4.5982870000000275],[-74.162169999999946,4.5983950000000391],[-74.162169999999946,4.5985610000000747],[-74.162167999999951,4.5986260000000243],[-74.16216768299995,4.5986810800000626]]},"properties":{"OBJECTID":36,"OBJECTID_1":43,"RSPNRUTA":"ZP-536-2","RSPCDEFINI":"ZP-536","RSPDISTANC":27.217960359999999,"RSPDENOMIN":"AURES - SAN FRANCISCO","RSPTRUTA":"PROVISIONAL","RSPORIGEN":"CIUDAD BOLIVAR","RSPDESTINO":"SUBA CENTRO","RSPIRUTA":78,"SHAPELEN":27419.263164926102,"Shape_Length":0.05421151959782354}},{"type":"Feature","id":37,"geometry":{"type":"LineString","coordinates":[[-74.162304178999989,4.5986563520000345],[-74.162305999999944,4.5986090000000672],[-74.162307999999939,4.5984430000000316],[-74.162302999999952,4.5982520000000591],[-74.162294999999972,4.5981100000000765],[-74.162293999999974,4.5980860000000234],[-74.16227699999996,4.5979110000000674],[-74.162272999999971,4.597876000000042],[-74.162236999999948,4.5975520000000643],[-74.162196999999935,4.5972230000000422],[-74.162185999999963,4.597088000000042],[-74.162177999999983,4.5970110000000659],[-74.162170999999944,4.5969310000000405],[-74.162176999999986,4.596851000000072],[-74.162187999999958,4.5967390000000705],[-74.162188999999955,4.5967260000000465],[-74.162193999999943,4.5967000000000553],[-74.162196999999935,4.5966880000000288],[-74.162204999999972,4.596663000000035],[-74.162225999999976,4.5966050000000678],[-74.162278999999955,4.5964670000000751],[-74.162304999999947,4.5963780000000725],[-74.162477999999965,4.5961940000000254],[-74.162537999999984,4.5960390000000757],[-74.162542999999971,4.5959720000000743],[-74.162552999999946,4.5958310000000324],[-74.162554999999941,4.5958060000000387],[-74.162542999999971,4.5957200000000284],[-74.162538999999981,4.5956840000000625],[-74.162513999999987,4.5956110000000763],[-74.162486999999942,4.5955310000000509],[-74.162447999999983,4.5954960000000256],[-74.162422999999933,4.5954250000000343],[-74.162360999999976,4.595356000000038],[-74.162324999999953,4.5953250000000594],[-74.162179999999978,4.5951680000000579],[-74.162113999999974,4.5950960000000691],[-74.162075999999956,4.5950420000000349],[-74.162038999999936,4.5949840000000677],[-74.162032999999951,4.5949730000000386],[-74.161979999999971,4.5948630000000321],[-74.161974999999984,4.5948530000000574],[-74.161970999999937,4.5948320000000535],[-74.161942999999951,4.5947400000000584],[-74.161936999999966,4.5947100000000205],[-74.161927999999989,4.5946590000000356],[-74.161922999999945,4.594615000000033],[-74.161925999999937,4.5945440000000417],[-74.161726999999985,4.5930300000000557],[-74.161629999999946,4.5921540000000505],[-74.16158699999994,4.5917180000000712],[-74.16154199999994,4.5912920000000668],[-74.16149699999994,4.5908510000000433],[-74.161490999999955,4.5908090000000357],[-74.161487999999963,4.5907770000000596],[-74.161476999999934,4.5907090000000608],[-74.161485999999968,4.5906960000000367],[-74.161490999999955,4.5906870000000595],[-74.161493999999948,4.5906770000000279],[-74.161494999999945,4.5906680000000506],[-74.161472999999944,4.5904570000000717],[-74.161472999999944,4.5904350000000704],[-74.161467999999957,4.5904140000000666],[-74.161441999999965,4.590139000000022],[-74.16143999999997,4.5901300000000447],[-74.161435999999981,4.5901220000000649],[-74.161431999999934,4.5901140000000282],[-74.161424999999952,4.5901060000000484],[-74.161417999999969,4.5900980000000686],[-74.161404999999945,4.590088000000037],[-74.161387999999988,4.5899260000000481],[-74.161377999999957,4.5897930000000429],[-74.161339999999939,4.5895060000000285],[-74.161336999999946,4.5894130000000359],[-74.161306999999965,4.5889870000000315],[-74.161260999999968,4.5885440000000699],[-74.161194999999964,4.5880630000000338],[-74.161106999999959,4.5877350000000661],[-74.160897999999975,4.5872400000000653],[-74.159749999999974,4.5848760000000652],[-74.158908999999937,4.5831140000000232],[-74.158692999999971,4.5826620000000275],[-74.158086999999966,4.5815410000000725],[-74.157829999999933,4.5811220000000503],[-74.157826999999941,4.5811190000000579],[-74.157526999999959,4.5805400000000418],[-74.157523999999967,4.5805350000000544],[-74.157476999999972,4.5804360000000202],[-74.157476999999972,4.5804350000000227],[-74.157472999999982,4.5804260000000454],[-74.157471999999984,4.580423000000053],[-74.157448999999986,4.5803640000000314],[-74.15731599999998,4.5801010000000701],[-74.157292999999981,4.580058000000065],[-74.157099999999957,4.5796990000000619],[-74.156856999999945,4.5792540000000486],[-74.156520999999941,4.5786530000000312],[-74.156489999999962,4.5785940000000664],[-74.156309999999962,4.5782540000000722],[-74.156278999999984,4.578200000000038],[-74.156252999999936,4.5781620000000203],[-74.156240999999966,4.5781410000000733],[-74.156233999999984,4.5781320000000392],[-74.156196999999963,4.5780590000000529],[-74.156173999999965,4.5780000000000314],[-74.156168999999977,4.5779840000000718],[-74.156155999999953,4.5779430000000616],[-74.156139999999937,4.5779000000000565],[-74.156116999999938,4.5778510000000665],[-74.156058999999971,4.5777390000000651],[-74.155973999999958,4.5775800000000686],[-74.155828999999983,4.5773090000000707],[-74.155496999999968,4.5766850000000545],[-74.15537299999994,4.5764550000000668],[-74.155331999999987,4.5763770000000363],[-74.155309999999986,4.5763340000000312],[-74.155155999999977,4.5760510000000636],[-74.154987999999946,4.5757610000000568],[-74.154948999999988,4.5756990000000428],[-74.154831999999942,4.5755160000000501],[-74.154665999999963,4.5752570000000219],[-74.154466999999954,4.5749880000000758],[-74.154282999999964,4.5747510000000489],[-74.153989999999965,4.5743880000000559],[-74.153632999999957,4.574004000000059],[-74.153160999999955,4.5735520000000633],[-74.153076999999939,4.5734770000000253],[-74.152863999999965,4.5732980000000225],[-74.152626999999939,4.57310700000005],[-74.152585999999985,4.5730750000000739],[-74.152437999999961,4.57296400000007],[-74.152403999999933,4.5729370000000245],[-74.152352999999948,4.5729010000000585],[-74.152198999999939,4.5727940000000444],[-74.152049999999974,4.5726940000000695],[-74.151936999999975,4.5726210000000265],[-74.151900999999953,4.5726000000000226],[-74.151834999999949,4.5725600000000668],[-74.15166499999998,4.5724450000000729],[-74.151515999999958,4.5723430000000462],[-74.151301999999987,4.572208000000046],[-74.151196999999968,4.5721410000000446],[-74.150224999999978,4.5714450000000397],[-74.149106999999958,4.5706780000000435],[-74.147906999999975,4.5698550000000751],[-74.147604999999942,4.5696490000000267],[-74.147557999999947,4.5696170000000507],[-74.147426999999936,4.5695250000000556],[-74.14739899999995,4.5695060000000467],[-74.147365999999977,4.5694840000000454],[-74.147326999999962,4.5694540000000643],[-74.147325999999964,4.5694540000000643],[-74.147316999999987,4.5694480000000226],[-74.147152999999946,4.5693360000000212],[-74.146932999999933,4.5691860000000588],[-74.14670499999994,4.5690310000000522],[-74.14647599999995,4.5688750000000482],[-74.146263999999974,4.5687290000000758],[-74.14600699999994,4.5685520000000679],[-74.145967999999982,4.5685270000000742],[-74.145690999999943,4.5683390000000372],[-74.145333999999934,4.568093000000033],[-74.145317999999975,4.5680830000000583],[-74.145243999999934,4.5680320000000734],[-74.145089999999982,4.5679250000000593],[-74.145044999999982,4.5678970000000731],[-74.145017999999936,4.5678790000000618],[-74.144942999999955,4.5678270000000225],[-74.14490399999994,4.5678010000000313],[-74.144998999999984,4.5677060000000438],[-74.14503499999995,4.5676750000000652],[-74.145058999999947,4.567651000000069],[-74.145070999999973,4.5676150000000462],[-74.145069999999976,4.5675790000000234],[-74.144987999999955,4.5674370000000408],[-74.144683999999984,4.5671180000000504],[-74.144334999999955,4.5667420000000334],[-74.144175999999959,4.5665700000000697],[-74.14402199999995,4.5663720000000581],[-74.14387899999997,4.5661900000000628],[-74.143728999999951,4.5659650000000624],[-74.143481999999949,4.5655630000000542],[-74.143254999999954,4.5652090000000385],[-74.143148999999937,4.5650320000000306],[-74.142986999999948,4.5647610000000327],[-74.142739999999947,4.564360000000022],[-74.142503999999974,4.563959000000068],[-74.142254999999977,4.5635580000000573],[-74.142083999999954,4.5633190000000354],[-74.141969999999958,4.563171000000068],[-74.141673999999966,4.5628700000000322],[-74.141404999999963,4.5626460000000293],[-74.141167999999936,4.562479000000053],[-74.140985999999941,4.5623750000000314],[-74.140519999999981,4.5620830000000296],[-74.140149999999949,4.5618840000000205],[-74.14002499999998,4.5618550000000369],[-74.139811999999949,4.5618440000000646],[-74.139541999999949,4.5618310000000406],[-74.139426999999955,4.5618090000000393],[-74.139386999999942,4.5617970000000696],[-74.139255999999989,4.5617500000000746],[-74.139143999999987,4.5617320000000632],[-74.139163999999937,4.5616230000000542],[-74.13919999999996,4.5613390000000322],[-74.139246999999955,4.5610250000000292],[-74.139265999999964,4.5608910000000265],[-74.139310999999964,4.5605710000000386],[-74.139335999999957,4.5603190000000495],[-74.139335999999957,4.5601370000000543],[-74.139329999999973,4.5599540000000616],[-74.139318999999944,4.5597750000000588],[-74.139298999999937,4.5596190000000547],[-74.139238999999975,4.5592690000000289],[-74.139172999999971,4.5590200000000323],[-74.139151999999967,4.5589570000000208],[-74.139117999999939,4.5588550000000509],[-74.139043999999956,4.5586430000000746],[-74.139002999999946,4.5585330000000681],[-74.13895999999994,4.5584090000000401],[-74.13892199999998,4.5583020000000261],[-74.138892999999939,4.5582410000000664],[-74.138829999999984,4.5580740000000333],[-74.138763999999981,4.5578910000000405],[-74.138746999999967,4.5578530000000228],[-74.138515999999981,4.5571690000000444],[-74.138450999999975,4.5569690000000378],[-74.138364999999965,4.556709000000069],[-74.138292999999976,4.5564940000000433],[-74.138166999999953,4.5560870000000477],[-74.138149999999939,4.5560320000000729],[-74.138045999999974,4.5556940000000736],[-74.137927999999988,4.5553240000000415],[-74.137877999999944,4.555165000000045],[-74.137833999999941,4.5550400000000764],[-74.137651999999946,4.5545170000000326],[-74.137429999999938,4.5538800000000492],[-74.137306999999964,4.5535160000000587],[-74.137220999999954,4.5532660000000647],[-74.137028999999984,4.5527010000000701],[-74.136993999999959,4.5526010000000383],[-74.136971999999957,4.5525390000000243],[-74.136893999999984,4.5523100000000341],[-74.13687699999997,4.5522660000000315],[-74.136772999999948,4.5519560000000752],[-74.136681999999951,4.5516500000000519],[-74.136622999999986,4.5513030000000754],[-74.136610999999959,4.5508880000000431],[-74.136654999999962,4.5505240000000526],[-74.136712999999986,4.5502270000000635],[-74.137001999999939,4.5490230000000338],[-74.137133999999946,4.5484830000000329],[-74.137197999999955,4.5481420000000412],[-74.137227999999936,4.5476320000000214],[-74.137204999999938,4.5473610000000235],[-74.137088999999946,4.5468330000000492],[-74.136890999999935,4.5463510000000724],[-74.136641999999938,4.5458400000000552],[-74.136454999999955,4.5455130000000281],[-74.136288999999977,4.5451910000000453],[-74.136146999999937,4.5449180000000524],[-74.135980999999958,4.544599000000062],[-74.135842999999966,4.5443330000000515],[-74.135785999999939,4.5442240000000425],[-74.134622999999976,4.5419820000000755],[-74.133938999999941,4.5406670000000418],[-74.133784999999989,4.5404050000000211],[-74.133617999999956,4.5401810000000751],[-74.133534999999938,4.5400510000000622],[-74.133461999999952,4.539950000000033],[-74.133403999999985,4.5398780000000443],[-74.133321999999964,4.5397830000000567],[-74.133246999999983,4.539698000000044],[-74.133209999999963,4.5396580000000313],[-74.133171999999945,4.5396200000000704],[-74.133142999999961,4.5395940000000223],[-74.133055999999954,4.5395090000000664],[-74.132972999999936,4.539431000000036],[-74.132859999999937,4.5393300000000636],[-74.131733999999938,4.538451000000066],[-74.130706999999973,4.5376490000000445],[-74.129106999999976,4.5363920000000348],[-74.128819999999962,4.5361240000000294],[-74.128588999999977,4.5358680000000504],[-74.12834799999996,4.5355460000000676],[-74.128161999999975,4.5352480000000241],[-74.127977999999985,4.5348830000000362],[-74.127814999999941,4.5344660000000658],[-74.127719999999954,4.5341230000000223],[-74.127652999999952,4.5337690000000634],[-74.127560999999957,4.5331820000000675],[-74.127252999999939,4.5307860000000346],[-74.127130999999963,4.5298500000000672],[-74.126956999999948,4.5285350000000335],[-74.126783999999986,4.5272160000000667],[-74.126711999999941,4.5266650000000368],[-74.126665999999943,4.5263060000000337],[-74.126651999999979,4.5262050000000613],[-74.126598999999942,4.5258470000000557],[-74.126572999999951,4.5256800000000226],[-74.126545999999962,4.5255670000000237],[-74.126512999999989,4.525431000000026],[-74.126464999999939,4.5252780000000712],[-74.126413999999954,4.5251270000000545],[-74.126377999999988,4.5250270000000228],[-74.126342999999963,4.5249300000000403],[-74.126263999999935,4.5247390000000678],[-74.12620499999997,4.5246120000000474],[-74.126151999999934,4.5245020000000409],[-74.126058999999941,4.5243310000000747],[-74.125994999999989,4.5242200000000707],[-74.125964999999951,4.5241730000000757],[-74.12593899999996,4.5241360000000554],[-74.125783999999953,4.5239010000000235],[-74.125541999999939,4.5235890000000722],[-74.125246999999945,4.5232610000000477],[-74.124409999999955,4.5223300000000677],[-74.124278999999945,4.5221850000000359],[-74.124100999999939,4.5219830000000343],[-74.123924999999986,4.5217860000000201],[-74.123743999999988,4.5215860000000703],[-74.12356699999998,4.5213890000000561],[-74.123373999999956,4.5211740000000304],[-74.123197999999945,4.5209770000000731],[-74.123008999999968,4.5207520000000727],[-74.122957734999943,4.5206813460000603]]},"properties":{"OBJECTID":37,"OBJECTID_1":41,"RSPNRUTA":"ZP-501-2","RSPCDEFINI":"ZP-501","RSPDISTANC":31.72847939,"RSPDENOMIN":"UVAL - PUENTE GRANDE","RSPTRUTA":"PROVISIONAL","RSPORIGEN":"USME","RSPDESTINO":"FONTIBON","RSPIRUTA":73,"SHAPELEN":31961.632886506701,"Shape_Length":0.092973898364299493}},{"type":"Feature","id":38,"geometry":{"type":"LineString","coordinates":[[-74.159422941999935,4.5996916420000389],[-74.159040999999945,4.5997070000000235],[-74.158947999999953,4.5997120000000677],[-74.158835999999951,4.5997170000000551],[-74.15866699999998,4.5997220000000425],[-74.158320999999944,4.5997400000000539],[-74.157156999999984,4.5997750000000224],[-74.156769999999938,4.5997950000000287],[-74.156296999999938,4.5998120000000426],[-74.155441999999937,4.5998420000000237],[-74.154847999999959,4.5998550000000478],[-74.154744999999934,4.5998400000000288],[-74.154650999999944,4.5997940000000312],[-74.154489999999953,4.5996780000000399],[-74.154395999999963,4.5994900000000598],[-74.154321999999979,4.5989810000000375],[-74.154243999999949,4.598728000000051],[-74.154082999999957,4.5978980000000433],[-74.154015999999956,4.5975700000000757],[-74.153981999999985,4.5974700000000439],[-74.153847999999982,4.5972150000000624],[-74.153780999999981,4.5969410000000721],[-74.153740999999968,4.5966660000000275],[-74.15366499999999,4.5964230000000725],[-74.15366499999999,4.5963880000000472],[-74.15366199999994,4.5963440000000446],[-74.153659999999945,4.5963360000000648],[-74.153630999999962,4.5962310000000457],[-74.153627999999969,4.5961770000000683],[-74.153642999999988,4.5961130000000594],[-74.152462999999955,4.5957000000000221],[-74.152223999999933,4.5956110000000763],[-74.151847999999973,4.595512000000042],[-74.151577999999972,4.5954810000000634],[-74.151536999999962,4.5954740000000243],[-74.15129799999994,4.5954480000000331],[-74.15101999999996,4.595416000000057],[-74.150740999999982,4.5953830000000266],[-74.149920999999949,4.5952910000000315],[-74.148871999999983,4.5951680000000579],[-74.148364999999956,4.5950940000000742],[-74.147423999999944,4.5949740000000361],[-74.14730499999996,4.5949600000000714],[-74.147202999999934,4.5949470000000474],[-74.14710486599995,4.5949362460000316]]},"properties":{"OBJECTID":38,"OBJECTID_1":176,"RSPNRUTA":"ZP-128-1","RSPCDEFINI":"ZP-128","RSPDISTANC":20.277120589999999,"RSPDENOMIN":"OLARTE-SIETE DE AGOSTO","RSPTRUTA":"PROVISIONAL","RSPORIGEN":"BOSA","RSPDESTINO":"NEUTRA","RSPIRUTA":254,"SHAPELEN":20333.868404453802,"Shape_Length":0.015351407555603897}},{"type":"Feature","id":39,"geometry":{"type":"LineString","coordinates":[[-74.142830825999965,4.5800300940000511],[-74.142932999999971,4.5799270000000547],[-74.142999999999972,4.5798510000000761],[-74.143020999999976,4.579827000000023],[-74.143038999999987,4.5798040000000242],[-74.143054999999947,4.579776000000038],[-74.143083999999988,4.5797200000000657],[-74.143113999999969,4.5796630000000391],[-74.143117999999959,4.5796550000000593],[-74.14314399999995,4.579618000000039],[-74.143195999999989,4.5795660000000566],[-74.143214999999941,4.5795590000000743],[-74.143230999999957,4.5795510000000377],[-74.14323799999994,4.5795460000000503],[-74.143249999999966,4.5795350000000212],[-74.14332799999994,4.579477000000054],[-74.143424999999979,4.5794160000000375],[-74.143502999999953,4.5793480000000386],[-74.14438599999994,4.5786950000000388],[-74.144591999999989,4.5785680000000752],[-74.144814999999937,4.5784760000000233],[-74.144998999999984,4.5784280000000308],[-74.145209999999963,4.5784010000000421],[-74.145430999999974,4.5784040000000346],[-74.145437999999956,4.5784040000000346],[-74.145637999999963,4.5784340000000725],[-74.145853999999986,4.5784980000000246],[-74.147183999999982,4.5790100000000393],[-74.149583999999948,4.5799630000000207],[-74.151095999999939,4.5805710000000204],[-74.151189999999986,4.5806080000000406],[-74.151214999999979,4.5806180000000722],[-74.151220999999964,4.5806220000000621],[-74.151419999999973,4.5807010000000332],[-74.151501999999937,4.5807350000000611],[-74.151509999999973,4.5807380000000535],[-74.151568999999938,4.5807510000000207],[-74.151573999999982,4.580752000000075],[-74.151643999999976,4.5807820000000561],[-74.151653999999951,4.5807900000000359],[-74.151666999999975,4.580801000000065],[-74.151674999999955,4.5808050000000549],[-74.151681999999937,4.5808090000000448],[-74.151723999999945,4.5808250000000612],[-74.152110999999934,4.5809750000000236],[-74.152398999999946,4.5810650000000237],[-74.152655999999979,4.5811240000000453],[-74.15300899999994,4.5811780000000226],[-74.153403999999966,4.5811910000000466],[-74.153739999999971,4.5811720000000378],[-74.153818999999942,4.581162000000063],[-74.153862999999944,4.5811560000000213],[-74.153953999999942,4.5811430000000541],[-74.154365999999982,4.5810730000000603],[-74.154506999999967,4.5810480000000666],[-74.154765999999938,4.5810050000000615],[-74.155092999999965,4.5809480000000349],[-74.155260999999939,4.5809180000000538],[-74.15533499999998,4.5809040000000323],[-74.155393999999944,4.5808900000000676],[-74.155431999999962,4.5808860000000209],[-74.155651999999975,4.5808500000000549],[-74.156113999999945,4.5807700000000295],[-74.156152999999961,4.5807640000000447],[-74.156610999999941,4.5806860000000711],[-74.156703999999934,4.5806670000000622],[-74.156833999999947,4.580641000000071],[-74.156852999999956,4.5806370000000243],[-74.157114999999976,4.5805930000000217],[-74.157239999999945,4.5805690000000254],[-74.157253999999966,4.5805670000000305],[-74.157304999999951,4.580564000000038],[-74.157362999999975,4.5805520000000683],[-74.157523999999967,4.5805350000000544],[-74.157476999999972,4.5804360000000202],[-74.157476999999972,4.5804350000000227],[-74.157472999999982,4.5804260000000454],[-74.157471999999984,4.580423000000053],[-74.157448999999986,4.5803640000000314],[-74.15731599999998,4.5801010000000701],[-74.157292999999981,4.580058000000065],[-74.157099999999957,4.5796990000000619],[-74.156856999999945,4.5792540000000486],[-74.156520999999941,4.5786530000000312],[-74.156489999999962,4.5785940000000664],[-74.156309999999962,4.5782540000000722],[-74.156278999999984,4.578200000000038],[-74.156252999999936,4.5781620000000203],[-74.156240999999966,4.5781410000000733],[-74.156233999999984,4.5781320000000392],[-74.156196999999963,4.5780590000000529],[-74.156173999999965,4.5780000000000314],[-74.156168999999977,4.5779840000000718],[-74.156155999999953,4.5779430000000616],[-74.156139999999937,4.5779000000000565],[-74.156116999999938,4.5778510000000665],[-74.156058999999971,4.5777390000000651],[-74.155973999999958,4.5775800000000686],[-74.155828999999983,4.5773090000000707],[-74.155496999999968,4.5766850000000545],[-74.15537299999994,4.5764550000000668],[-74.155331999999987,4.5763770000000363],[-74.155309999999986,4.5763340000000312],[-74.155155999999977,4.5760510000000636],[-74.154987999999946,4.5757610000000568],[-74.154948999999988,4.5756990000000428],[-74.154913999999962,4.5757190000000492],[-74.154864999999972,4.5757470000000353],[-74.154831999999942,4.5757640000000492],[-74.154789999999934,4.5757860000000505],[-74.154653999999937,4.5755710000000249],[-74.154500999999982,4.5753450000000271],[-74.154324999999972,4.575095000000033],[-74.15413499999994,4.5748500000000263],[-74.153847999999982,4.5745050000000447],[-74.153816999999947,4.5744710000000737],[-74.153734999999983,4.5743780000000243],[-74.153682999999944,4.5743190000000595],[-74.153648999999973,4.5742840000000342],[-74.153577999999982,4.5742060000000606],[-74.153527999999937,4.5741500000000315],[-74.153309999999976,4.5739380000000551],[-74.153082999999981,4.5737250000000245],[-74.153046999999958,4.573688000000061],[-74.153009999999938,4.5736620000000698],[-74.152696999999989,4.5734130000000732],[-74.152442999999948,4.573216000000059],[-74.152211999999963,4.5730440000000385],[-74.15198399999997,4.5728850000000421],[-74.151886999999988,4.5728170000000432],[-74.151559999999961,4.5725820000000681],[-74.151463999999976,4.5725180000000591],[-74.151395999999977,4.5724720000000616],[-74.15124499999996,4.5723540000000753],[-74.151301999999987,4.572208000000046],[-74.151497999999947,4.5719080000000645],[-74.151634999999942,4.5717060000000629],[-74.15177099999994,4.5715060000000562],[-74.151878999999951,4.5713210000000686],[-74.15212299999996,4.5709680000000503],[-74.152217999999948,4.5708460000000741],[-74.152281999999957,4.5707650000000513],[-74.152059999999949,4.5705960000000232],[-74.151708999999983,4.5703480000000241],[-74.151536999999962,4.5702340000000277],[-74.151163999999937,4.5699860000000285],[-74.15098299999994,4.56985700000007],[-74.150625999999988,4.5696150000000557],[-74.150448999999981,4.5694930000000227],[-74.150109999999984,4.5692500000000678],[-74.149906999999985,4.5691300000000297],[-74.149861999999985,4.5690910000000713],[-74.149527999999975,4.5688550000000419],[-74.149370999999974,4.568753000000072],[-74.149020999999948,4.5685150000000476],[-74.148935999999935,4.5684530000000336],[-74.148627999999974,4.5682420000000548],[-74.148605999999972,4.5682270000000358],[-74.148299999999949,4.5680220000000418],[-74.148154999999974,4.5679210000000694],[-74.147879999999986,4.5677350000000274],[-74.147706999999969,4.5676110000000563],[-74.147526999999968,4.5674870000000283],[-74.147350999999958,4.5673660000000496],[-74.147174999999947,4.5672490000000607],[-74.146775999999988,4.5669760000000679],[-74.146748999999943,4.5668890000000602],[-74.146644999999978,4.5664930000000368],[-74.146631999999954,4.5664450000000443],[-74.146517999999958,4.5660560000000601],[-74.146503999999936,4.566009000000065],[-74.146386999999947,4.5656160000000341],[-74.146372999999983,4.565571000000034],[-74.146257999999989,4.565176000000065],[-74.146243999999967,4.5651330000000598],[-74.146121999999934,4.5647410000000264],[-74.14610799999997,4.5646970000000238],[-74.145989999999983,4.5643070000000421],[-74.145970999999975,4.5642600000000471],[-74.145852999999988,4.5638730000000578],[-74.145841999999959,4.5638270000000603],[-74.145727999999963,4.5634320000000343],[-74.145713999999941,4.5633910000000242],[-74.145596999999952,4.5629970000000526],[-74.145583999999985,4.5629570000000399],[-74.14546299999995,4.5625590000000216],[-74.145449999999983,4.5625140000000215],[-74.145334999999989,4.5621220000000449],[-74.145321999999965,4.5620780000000423],[-74.145207999999968,4.5616850000000682],[-74.145196999999939,4.5616460000000529],[-74.145080999999948,4.5612570000000687],[-74.144966999999951,4.5612920000000372],[-74.14485899999994,4.5613270000000625],[-74.144727999999986,4.5613610000000335],[-74.144847999999968,4.5605860000000575],[-74.144871999999964,4.5604380000000333],[-74.144886999999983,4.560335000000066],[-74.144930999999985,4.5600890000000618],[-74.144929999999988,4.55994400000003],[-74.144875999999954,4.5598170000000664],[-74.14480199999997,4.559737000000041],[-74.144841999999983,4.5594520000000216],[-74.144861999999989,4.5593390000000227],[-74.144889999999975,4.5591610000000742],[-74.144957999999974,4.5586220000000708],[-74.145019999999988,4.5583050000000753],[-74.145022999999981,4.5582580000000235],[-74.144718999999952,4.5582480000000487],[-74.144669999999962,4.5582330000000297],[-74.144704999999988,4.5579890000000205],[-74.144647999999961,4.5579090000000519],[-74.14443799999998,4.5576350000000616],[-74.144398999999964,4.55757600000004],[-74.144354999999962,4.5575100000000361],[-74.144289999999955,4.5574090000000638],[-74.144213999999977,4.5573120000000245],[-74.144165999999984,4.5573380000000725],[-74.143432999999959,4.5577670000000694],[-74.143336999999974,4.5578240000000392]]},"properties":{"OBJECTID":39,"OBJECTID_1":58,"RSPNRUTA":"ZP-923-2","RSPCDEFINI":"ZP-923","RSPDISTANC":13.355460170000001,"RSPDENOMIN":"LAS ACACIAS - CORABASTOS","RSPTRUTA":"PROVISIONAL","RSPORIGEN":"CIUDAD BOLIVAR","RSPDESTINO":"KENNEDY","RSPIRUTA":106,"SHAPELEN":13455.336896462601,"Shape_Length":0.047033677496597155}},{"type":"Feature","id":40,"geometry":{"type":"LineString","coordinates":[[-74.138797257999954,4.5735514430000421],[-74.138810999999976,4.5735510000000659],[-74.139013999999975,4.5735440000000267],[-74.139165999999989,4.5735750000000621],[-74.139344999999935,4.5736760000000345],[-74.13947799999994,4.5738160000000221],[-74.139540999999952,4.573882000000026],[-74.139820999999984,4.5750030000000379],[-74.139985999999965,4.5755470000000287],[-74.140170999999953,4.5759740000000306],[-74.140534999999943,4.576684000000057],[-74.140798999999959,4.5772030000000541],[-74.140836999999976,4.5772760000000403],[-74.140921999999989,4.5774320000000444],[-74.141272999999956,4.5781560000000354],[-74.141293999999959,4.5781930000000557],[-74.141309999999976,4.5782250000000317],[-74.141350999999986,4.5783150000000319],[-74.141414999999938,4.5784590000000662],[-74.141484999999989,4.5786280000000374],[-74.141572999999937,4.5788340000000289],[-74.141673999999966,4.579099000000042],[-74.141821999999934,4.5794690000000742],[-74.141861999999946,4.5795560000000251],[-74.14192399999996,4.5797470000000544],[-74.142024999999933,4.5800160000000574],[-74.142040717999976,4.5800561070000754]]},"properties":{"OBJECTID":40,"OBJECTID_1":74,"RSPNRUTA":"ZP-C34-1","RSPCDEFINI":"ZP-C34","RSPDISTANC":29.753170010000002,"RSPDENOMIN":"SAN CARLOS - COMPARTIR","RSPTRUTA":"PROVISIONAL","RSPORIGEN":"SUBA CENTRO","RSPDESTINO":"CIUDAD BOLIVAR","RSPIRUTA":125,"SHAPELEN":29979.3463885852,"Shape_Length":0.0075466537820531397}},{"type":"Feature","id":41,"geometry":{"type":"LineString","coordinates":[[-74.142830825999965,4.5800300940000511],[-74.142932999999971,4.5799270000000547],[-74.142999999999972,4.5798510000000761],[-74.143020999999976,4.579827000000023],[-74.143038999999987,4.5798040000000242],[-74.143054999999947,4.579776000000038],[-74.143083999999988,4.5797200000000657],[-74.143113999999969,4.5796630000000391],[-74.143117999999959,4.5796550000000593],[-74.14314399999995,4.579618000000039],[-74.143195999999989,4.5795660000000566],[-74.143214999999941,4.5795590000000743],[-74.143230999999957,4.5795510000000377],[-74.14323799999994,4.5795460000000503],[-74.143249999999966,4.5795350000000212],[-74.14332799999994,4.579477000000054],[-74.143424999999979,4.5794160000000375],[-74.143502999999953,4.5793480000000386],[-74.14438599999994,4.5786950000000388],[-74.144591999999989,4.5785680000000752],[-74.144814999999937,4.5784760000000233],[-74.144998999999984,4.5784280000000308],[-74.145209999999963,4.5784010000000421],[-74.145430999999974,4.5784040000000346],[-74.145437999999956,4.5784040000000346],[-74.145637999999963,4.5784340000000725],[-74.145853999999986,4.5784980000000246],[-74.147183999999982,4.5790100000000393],[-74.149583999999948,4.5799630000000207],[-74.151095999999939,4.5805710000000204],[-74.151189999999986,4.5806080000000406],[-74.151214999999979,4.5806180000000722],[-74.151220999999964,4.5806220000000621],[-74.151419999999973,4.5807010000000332],[-74.151501999999937,4.5807350000000611],[-74.151509999999973,4.5807380000000535],[-74.151568999999938,4.5807510000000207],[-74.151573999999982,4.580752000000075],[-74.151643999999976,4.5807820000000561],[-74.151653999999951,4.5807900000000359],[-74.151666999999975,4.580801000000065],[-74.151674999999955,4.5808050000000549],[-74.151681999999937,4.5808090000000448],[-74.151723999999945,4.5808250000000612],[-74.152110999999934,4.5809750000000236],[-74.152398999999946,4.5810650000000237],[-74.152655999999979,4.5811240000000453],[-74.15300899999994,4.5811780000000226],[-74.153403999999966,4.5811910000000466],[-74.153739999999971,4.5811720000000378],[-74.153818999999942,4.581162000000063],[-74.153862999999944,4.5811560000000213],[-74.153953999999942,4.5811430000000541],[-74.154365999999982,4.5810730000000603],[-74.154506999999967,4.5810480000000666],[-74.154765999999938,4.5810050000000615],[-74.155092999999965,4.5809480000000349],[-74.155260999999939,4.5809180000000538],[-74.15533499999998,4.5809040000000323],[-74.155393999999944,4.5808900000000676],[-74.155431999999962,4.5808860000000209],[-74.155651999999975,4.5808500000000549],[-74.156113999999945,4.5807700000000295],[-74.156152999999961,4.5807640000000447],[-74.156610999999941,4.5806860000000711],[-74.156703999999934,4.5806670000000622],[-74.156833999999947,4.580641000000071],[-74.156852999999956,4.5806370000000243],[-74.157114999999976,4.5805930000000217],[-74.157239999999945,4.5805690000000254],[-74.157253999999966,4.5805670000000305],[-74.157304999999951,4.580564000000038],[-74.157362999999975,4.5805520000000683],[-74.157523999999967,4.5805350000000544],[-74.157476999999972,4.5804360000000202],[-74.157476999999972,4.5804350000000227],[-74.157472999999982,4.5804260000000454],[-74.157471999999984,4.580423000000053],[-74.157448999999986,4.5803640000000314],[-74.15731599999998,4.5801010000000701],[-74.157292999999981,4.580058000000065],[-74.157099999999957,4.5796990000000619],[-74.156856999999945,4.5792540000000486],[-74.156520999999941,4.5786530000000312],[-74.156489999999962,4.5785940000000664],[-74.156309999999962,4.5782540000000722],[-74.156278999999984,4.578200000000038],[-74.156252999999936,4.5781620000000203],[-74.156240999999966,4.5781410000000733],[-74.156233999999984,4.5781320000000392],[-74.156196999999963,4.5780590000000529],[-74.156173999999965,4.5780000000000314],[-74.156168999999977,4.5779840000000718],[-74.156155999999953,4.5779430000000616],[-74.156139999999937,4.5779000000000565],[-74.156116999999938,4.5778510000000665],[-74.156058999999971,4.5777390000000651],[-74.155973999999958,4.5775800000000686],[-74.155828999999983,4.5773090000000707],[-74.155496999999968,4.5766850000000545],[-74.15537299999994,4.5764550000000668],[-74.155331999999987,4.5763770000000363],[-74.155309999999986,4.5763340000000312],[-74.155155999999977,4.5760510000000636],[-74.154987999999946,4.5757610000000568],[-74.154948999999988,4.5756990000000428],[-74.154831999999942,4.5755160000000501],[-74.154665999999963,4.5752570000000219],[-74.154466999999954,4.5749880000000758],[-74.154282999999964,4.5747510000000489],[-74.153989999999965,4.5743880000000559],[-74.153632999999957,4.574004000000059],[-74.153160999999955,4.5735520000000633],[-74.153076999999939,4.5734770000000253],[-74.152863999999965,4.5732980000000225],[-74.152626999999939,4.57310700000005],[-74.152585999999985,4.5730750000000739],[-74.152437999999961,4.57296400000007],[-74.152403999999933,4.5729370000000245],[-74.152352999999948,4.5729010000000585],[-74.152198999999939,4.5727940000000444],[-74.152049999999974,4.5726940000000695],[-74.151936999999975,4.5726210000000265],[-74.151900999999953,4.5726000000000226],[-74.151834999999949,4.5725600000000668],[-74.15166499999998,4.5724450000000729],[-74.151515999999958,4.5723430000000462],[-74.151301999999987,4.572208000000046],[-74.151196999999968,4.5721410000000446],[-74.150224999999978,4.5714450000000397],[-74.149106999999958,4.5706780000000435],[-74.147906999999975,4.5698550000000751],[-74.147604999999942,4.5696490000000267],[-74.147557999999947,4.5696170000000507],[-74.147426999999936,4.5695250000000556],[-74.14739899999995,4.5695060000000467],[-74.147365999999977,4.5694840000000454],[-74.147326999999962,4.5694540000000643],[-74.147325999999964,4.5694540000000643],[-74.147316999999987,4.5694480000000226],[-74.147152999999946,4.5693360000000212],[-74.146932999999933,4.5691860000000588],[-74.14670499999994,4.5690310000000522],[-74.14647599999995,4.5688750000000482],[-74.146263999999974,4.5687290000000758],[-74.14600699999994,4.5685520000000679],[-74.145967999999982,4.5685270000000742],[-74.145690999999943,4.5683390000000372],[-74.145333999999934,4.568093000000033],[-74.145317999999975,4.5680830000000583],[-74.145243999999934,4.5680320000000734],[-74.145089999999982,4.5679250000000593],[-74.145044999999982,4.5678970000000731],[-74.145017999999936,4.5678790000000618],[-74.144942999999955,4.5678270000000225],[-74.14490399999994,4.5678010000000313],[-74.144998999999984,4.5677060000000438],[-74.14503499999995,4.5676750000000652],[-74.145058999999947,4.567651000000069],[-74.145070999999973,4.5676150000000462],[-74.145069999999976,4.5675790000000234],[-74.144987999999955,4.5674370000000408],[-74.144683999999984,4.5671180000000504],[-74.144334999999955,4.5667420000000334],[-74.144175999999959,4.5665700000000697],[-74.14402199999995,4.5663720000000581],[-74.14387899999997,4.5661900000000628],[-74.143728999999951,4.5659650000000624],[-74.143481999999949,4.5655630000000542],[-74.143254999999954,4.5652090000000385],[-74.143148999999937,4.5650320000000306],[-74.142986999999948,4.5647610000000327],[-74.142739999999947,4.564360000000022],[-74.142503999999974,4.563959000000068],[-74.142254999999977,4.5635580000000573],[-74.142083999999954,4.5633190000000354],[-74.141969999999958,4.563171000000068],[-74.142245999999943,4.5630590000000666],[-74.142549999999972,4.5629640000000222],[-74.142586999999935,4.5629540000000475],[-74.143277999999952,4.562748000000056],[-74.143341999999961,4.5627260000000547],[-74.143386999999962,4.5627100000000382],[-74.144286999999963,4.5624400000000378],[-74.14433699999995,4.5624240000000214],[-74.144384999999943,4.5624080000000617],[-74.145288999999934,4.5621370000000638],[-74.145334999999989,4.5621220000000449],[-74.145378999999934,4.5621080000000234],[-74.146293999999955,4.561834000000033],[-74.146333999999968,4.5618220000000633],[-74.146378999999968,4.5618070000000444],[-74.147324999999967,4.561518000000035],[-74.147383999999988,4.5615010000000211],[-74.14743999999996,4.5614850000000615],[-74.148357999999973,4.5612130000000661],[-74.148401999999976,4.5611990000000446],[-74.148449999999968,4.5611840000000257],[-74.14934999999997,4.5609170000000745],[-74.149399999999957,4.560901000000058],[-74.149381999999946,4.5608520000000681],[-74.149270999999942,4.5604590000000371],[-74.149146999999971,4.5604970000000549],[-74.149054999999976,4.5601870000000417],[-74.149008999999978,4.5601090000000681],[-74.149125999999967,4.5599760000000629],[-74.149196999999958,4.5598910000000501],[-74.149274999999989,4.559737000000041],[-74.149383999999941,4.5594040000000291],[-74.149419999999964,4.5593030000000567],[-74.149465999999961,4.5592080000000692],[-74.149723999999935,4.5588810000000421],[-74.150089999999977,4.5586050000000569],[-74.150179999999978,4.5585350000000631],[-74.150318999999968,4.5584660000000667],[-74.150381999999979,4.5584530000000427],[-74.150444999999934,4.5584340000000338],[-74.150568999999962,4.5583870000000388],[-74.150583999999981,4.5583730000000742],[-74.15074599999997,4.5582280000000424],[-74.150767999999971,4.558208000000036],[-74.150858999999969,4.5580910000000472],[-74.150950999999964,4.5578310000000215],[-74.151010999999983,4.5577220000000693],[-74.151301999999987,4.5572440000000256],[-74.151397999999972,4.5570340000000442],[-74.151403999999957,4.5568210000000704],[-74.151288999999963,4.5563030000000708],[-74.151312999999959,4.5559860000000754],[-74.151400999999964,4.5555030000000443],[-74.151485999999977,4.5552540000000477],[-74.151590999999939,4.5550270000000523],[-74.151630999999952,4.5549570000000585],[-74.151704999999936,4.5548780000000306],[-74.151921999999956,4.5547170000000392],[-74.152160999999978,4.5545870000000264],[-74.152239999999949,4.5545030000000679],[-74.152261999999951,4.5543890000000715],[-74.152148999999952,4.5542110000000662],[-74.152103999999952,4.554155000000037],[-74.151978999999983,4.554012000000057],[-74.151913999999977,4.5537530000000288],[-74.151882999999941,4.5534620000000245],[-74.151876999999956,4.5533400000000483],[-74.151850999999965,4.5531460000000266],[-74.151790999999946,4.5529070000000615],[-74.151723999999945,4.5525640000000749],[-74.151670999999965,4.5523430000000644],[-74.151636999999937,4.5521290000000363],[-74.151620999999977,4.5520760000000564],[-74.151605999999958,4.5519060000000309],[-74.151589999999942,4.551806000000056],[-74.151572999999985,4.5516340000000355],[-74.151564999999948,4.5516060000000493]]},"properties":{"OBJECTID":41,"OBJECTID_1":190,"RSPNRUTA":"ZP-E56-2","RSPCDEFINI":"ZP-E56","RSPDISTANC":32.886928560000001,"RSPDENOMIN":"VILLA GLORIA - TIBAUYES","RSPTRUTA":"PROVISIONAL","RSPORIGEN":"SUBA CENTRO","RSPDESTINO":"CIUDAD BOLIVAR","RSPIRUTA":276,"SHAPELEN":33116.624624980999,"Shape_Length":0.058648561977453696}},{"type":"Feature","id":42,"geometry":{"type":"LineString","coordinates":[[-74.142830825999965,4.5800300940000511],[-74.142932999999971,4.5799270000000547],[-74.142999999999972,4.5798510000000761],[-74.143020999999976,4.579827000000023],[-74.143038999999987,4.5798040000000242],[-74.143054999999947,4.579776000000038],[-74.143083999999988,4.5797200000000657],[-74.143113999999969,4.5796630000000391],[-74.143117999999959,4.5796550000000593],[-74.14314399999995,4.579618000000039],[-74.143195999999989,4.5795660000000566],[-74.143214999999941,4.5795590000000743],[-74.143230999999957,4.5795510000000377],[-74.14323799999994,4.5795460000000503],[-74.143249999999966,4.5795350000000212],[-74.14332799999994,4.579477000000054],[-74.143424999999979,4.5794160000000375],[-74.143502999999953,4.5793480000000386],[-74.14438599999994,4.5786950000000388],[-74.144591999999989,4.5785680000000752],[-74.144814999999937,4.5784760000000233],[-74.144998999999984,4.5784280000000308],[-74.145209999999963,4.5784010000000421],[-74.145430999999974,4.5784040000000346],[-74.145437999999956,4.5784040000000346],[-74.145637999999963,4.5784340000000725],[-74.145853999999986,4.5784980000000246],[-74.147183999999982,4.5790100000000393],[-74.149583999999948,4.5799630000000207],[-74.151095999999939,4.5805710000000204],[-74.151189999999986,4.5806080000000406],[-74.151214999999979,4.5806180000000722],[-74.151220999999964,4.5806220000000621],[-74.151419999999973,4.5807010000000332],[-74.151501999999937,4.5807350000000611],[-74.151509999999973,4.5807380000000535],[-74.151568999999938,4.5807510000000207],[-74.151573999999982,4.580752000000075],[-74.151643999999976,4.5807820000000561],[-74.151653999999951,4.5807900000000359],[-74.151666999999975,4.580801000000065],[-74.151674999999955,4.5808050000000549],[-74.151681999999937,4.5808090000000448],[-74.151723999999945,4.5808250000000612],[-74.152110999999934,4.5809750000000236],[-74.152398999999946,4.5810650000000237],[-74.152655999999979,4.5811240000000453],[-74.15300899999994,4.5811780000000226],[-74.153403999999966,4.5811910000000466],[-74.153739999999971,4.5811720000000378],[-74.153818999999942,4.581162000000063],[-74.153862999999944,4.5811560000000213],[-74.153953999999942,4.5811430000000541],[-74.154365999999982,4.5810730000000603],[-74.154506999999967,4.5810480000000666],[-74.154765999999938,4.5810050000000615],[-74.155092999999965,4.5809480000000349],[-74.155260999999939,4.5809180000000538],[-74.15533499999998,4.5809040000000323],[-74.155393999999944,4.5808900000000676],[-74.155431999999962,4.5808860000000209],[-74.155651999999975,4.5808500000000549],[-74.156113999999945,4.5807700000000295],[-74.156152999999961,4.5807640000000447],[-74.156610999999941,4.5806860000000711],[-74.156703999999934,4.5806670000000622],[-74.156833999999947,4.580641000000071],[-74.156852999999956,4.5806370000000243],[-74.157114999999976,4.5805930000000217],[-74.157239999999945,4.5805690000000254],[-74.157253999999966,4.5805670000000305],[-74.157304999999951,4.580564000000038],[-74.157362999999975,4.5805520000000683],[-74.157523999999967,4.5805350000000544],[-74.157588999999973,4.5805230000000279],[-74.157622999999944,4.5805140000000506],[-74.157634999999971,4.5805130000000531],[-74.157869999999946,4.5804730000000404],[-74.158089999999959,4.5804350000000227],[-74.158228999999949,4.5804110000000264],[-74.158566999999948,4.5803560000000516],[-74.158763999999962,4.5803190000000313],[-74.159211999999968,4.5802410000000577],[-74.159585999999933,4.5801780000000463],[-74.15964299999996,4.5801650000000222],[-74.159712999999954,4.5801510000000576],[-74.159774999999968,4.5801440000000753],[-74.159860999999978,4.5801280000000588],[-74.15996599999994,4.5801180000000272],[-74.160039999999981,4.5801090000000499],[-74.160125999999934,4.5801010000000701],[-74.160219999999981,4.5801100000000474],[-74.16034499999995,4.5801400000000285],[-74.160425999999973,4.580167000000074],[-74.160486999999989,4.5801940000000627],[-74.160580999999979,4.5802450000000476],[-74.160690999999986,4.5803330000000528],[-74.160819999999944,4.5804990000000316],[-74.161205999999936,4.581164000000058],[-74.161291999999946,4.5812800000000493],[-74.161414999999977,4.5814090000000647],[-74.16154899999998,4.5815180000000737],[-74.161700999999937,4.5816120000000637],[-74.162268999999981,4.5818720000000326],[-74.162558999999987,4.5820090000000278],[-74.162719999999979,4.5821460000000229],[-74.162840999999958,4.5822930000000497],[-74.162926999999968,4.5824570000000335],[-74.162977999999953,4.5826220000000717],[-74.162996999999962,4.5828530000000569],[-74.162944999999979,4.5836000000000467],[-74.162948999999969,4.5836910000000444],[-74.162972999999965,4.5837880000000268],[-74.163043999999957,4.5838980000000333],[-74.163142999999934,4.5839710000000764],[-74.163244999999961,4.5840060000000449],[-74.163366999999937,4.5840260000000512],[-74.163508999999976,4.5840130000000272],[-74.163658999999939,4.5839610000000448],[-74.163888999999983,4.5838620000000674],[-74.164107999999942,4.5837720000000672],[-74.16436699999997,4.5836540000000241],[-74.164506999999958,4.5835710000000631],[-74.164625999999942,4.5834700000000339],[-74.164728999999966,4.5833740000000489],[-74.164809999999989,4.583274000000074],[-74.164908999999966,4.5831140000000232],[-74.165115999999955,4.582644000000073],[-74.165400999999974,4.5819080000000554],[-74.165529999999933,4.5814480000000231],[-74.165922999999964,4.5794240000000741],[-74.165971999999954,4.5792050000000586],[-74.166038999999955,4.579003000000057],[-74.166091999999935,4.5789150000000518],[-74.16623199999998,4.5787420000000338],[-74.166492999999946,4.5784590000000662],[-74.166702999999984,4.5782260000000292],[-74.166861999999981,4.5780130000000554],[-74.166957999999966,4.5777710000000411],[-74.166987999999947,4.5775940000000332],[-74.166992999999934,4.577487000000076],[-74.167029999999954,4.5774370000000317],[-74.167086999999981,4.5773860000000468],[-74.167134999999973,4.5773690000000329],[-74.167169999999942,4.5773580000000607],[-74.167200999999977,4.5773520000000758],[-74.167239999999936,4.5773560000000657],[-74.167294999999967,4.5773740000000203],[-74.167543999999964,4.5775980000000231],[-74.167615999999953,4.5777790000000209],[-74.167639999999949,4.5779320000000325],[-74.16766199999995,4.5780630000000428],[-74.167678999999964,4.5781820000000266],[-74.167769999999962,4.57843500000007],[-74.167889999999943,4.5785240000000726],[-74.168177999999955,4.5786470000000463],[-74.16830299999998,4.5786690000000476],[-74.168631999999945,4.5786780000000249],[-74.168825999999967,4.5786960000000363],[-74.169042999999988,4.5787170000000401],[-74.169107999999937,4.5787460000000237],[-74.16919299999995,4.5787740000000667],[-74.169377999999938,4.5788750000000391],[-74.169436999999959,4.5788950000000455],[-74.169629999999984,4.5789790000000608],[-74.169895999999937,4.5791240000000357],[-74.170030999999938,4.57922300000007],[-74.170200999999963,4.5793370000000664],[-74.170259999999985,4.5793870000000538],[-74.170419999999979,4.579475000000059],[-74.170566999999949,4.5794320000000539],[-74.170673999999963,4.5793700000000399],[-74.170788999999957,4.5792260000000624],[-74.170822999999984,4.5790850000000205],[-74.170806999999968,4.5789370000000531],[-74.170769999999948,4.5788590000000227],[-74.170740999999964,4.5787970000000655],[-74.17054399999995,4.5786920000000464],[-74.170505999999989,4.5786850000000641],[-74.170447999999965,4.5786810000000742],[-74.170395999999982,4.5786820000000716],[-74.170344999999941,4.5786840000000666],[-74.17026599999997,4.5786860000000615],[-74.170212999999933,4.5786900000000514],[-74.170150999999976,4.5786980000000312],[-74.170023999999955,4.5786980000000312],[-74.169937999999945,4.5786980000000312],[-74.169828999999936,4.5786560000000236],[-74.169817999999964,4.5786420000000589],[-74.169666999999947,4.5784450000000447],[-74.169502999999963,4.5781980000000431],[-74.169299999999964,4.5778920000000198],[-74.169201999999984,4.5777320000000259],[-74.169118999999966,4.5774130000000355],[-74.169104999999945,4.5773890000000392],[-74.16906199999994,4.5772840000000201],[-74.16906199999994,4.5771550000000616],[-74.169079999999951,4.5771460000000275],[-74.169157999999982,4.5768750000000296],[-74.169423999999935,4.57704700000005],[-74.169585999999981,4.5771570000000565],[-74.16971499999994,4.5772400000000744],[-74.169853999999987,4.5773320000000695],[-74.170111999999961,4.5774550000000431],[-74.17044999999996,4.5776100000000497],[-74.170648999999969,4.5777180000000612],[-74.170779999999979,4.5778630000000362],[-74.170917999999972,4.578042000000039],[-74.17109899999997,4.5782760000000735],[-74.171166999999969,4.5783020000000647],[-74.171215999999959,4.5783270000000584],[-74.171300999999971,4.5783420000000206],[-74.171333999999945,4.5783410000000231],[-74.171379999999942,4.5783390000000281],[-74.171452999999985,4.5783170000000268],[-74.171519999999987,4.5782720000000268],[-74.171574999999962,4.5782080000000747],[-74.171627999999941,4.5781150000000252],[-74.171643999999958,4.5780330000000617],[-74.171641999999963,4.57798200000002],[-74.171636999999976,4.577961000000073],[-74.171627999999941,4.5779200000000628],[-74.171618999999964,4.5779000000000565],[-74.171598999999958,4.5778590000000463],[-74.171561999999938,4.5778040000000715],[-74.171533999999951,4.5777760000000285],[-74.171467999999948,4.5777330000000234],[-74.171378999999945,4.5776880000000233],[-74.171261999999956,4.577645000000075],[-74.171164999999974,4.5776080000000547],[-74.171083999999951,4.5775760000000218],[-74.17100499999998,4.5775400000000559],[-74.170884999999942,4.5774850000000242],[-74.170761999999968,4.5773710000000278],[-74.170628999999963,4.5770750000000362],[-74.170500999999945,4.576748000000066],[-74.170452999999952,4.5766530000000216],[-74.170358999999962,4.5765440000000694],[-74.170198999999968,4.5763860000000705],[-74.170068999999955,4.5762390000000437],[-74.170057999999983,4.5762280000000715],[-74.169813999999974,4.5760110000000509],[-74.169621999999947,4.5759180000000583],[-74.169493999999986,4.5758460000000696],[-74.169399999999939,4.5758140000000367],[-74.169293999999979,4.5757370000000606],[-74.169221999999934,4.5756620000000225],[-74.169092999999975,4.5754560000000311],[-74.169001999999978,4.5753320000000599],[-74.168999999999983,4.5753200000000334],[-74.168948999999941,4.5752400000000648],[-74.168827999999962,4.5750420000000531],[-74.168702999999937,4.5748490000000288],[-74.168652999999949,4.5747860000000742],[-74.168531999999971,4.574668000000031],[-74.168424999999957,4.5745700000000511],[-74.168284999999969,4.5744480000000749],[-74.168246999999951,4.5744060000000673],[-74.168227999999942,4.5743720000000394],[-74.168221999999957,4.5743420000000583],[-74.168203999999946,4.5742740000000595],[-74.168201999999951,4.5742520000000582],[-74.168203999999946,4.5741990000000214],[-74.168204999999944,4.5741810000000669],[-74.168227999999942,4.5741070000000263],[-74.168241999999964,4.5740730000000553],[-74.168255999999985,4.5740430000000742],[-74.168285999999966,4.5739980000000742],[-74.168299999999988,4.5739700000000312],[-74.168316999999945,4.5739470000000324],[-74.168326999999977,4.5739350000000627],[-74.168336999999951,4.5739250000000311],[-74.168352999999968,4.573910000000069],[-74.168362999999943,4.5739030000000298],[-74.168381999999951,4.5738900000000626],[-74.168414999999982,4.573863000000074],[-74.168461999999977,4.5738450000000626],[-74.168503999999984,4.5738360000000284],[-74.168564999999944,4.5738300000000436],[-74.168621999999971,4.5738340000000335],[-74.168675999999948,4.573848000000055],[-74.168717999999956,4.5738660000000664],[-74.168745999999942,4.5738810000000285],[-74.168764999999951,4.5738880000000677],[-74.168823999999972,4.5739170000000513],[-74.168847999999969,4.5739730000000236],[-74.16886599999998,4.5740140000000338],[-74.168879999999945,4.5740560000000414],[-74.168886999999984,4.5740830000000301],[-74.168893999999966,4.5741240000000403],[-74.168896999999959,4.5741530000000239],[-74.168895999999961,4.5742510000000607],[-74.168893999999966,4.5743340000000217],[-74.168893999999966,4.5743750000000318],[-74.168897999999956,4.5744070000000647],[-74.168902999999943,4.5744380000000433],[-74.168906999999933,4.5744640000000345],[-74.168923999999947,4.5745370000000207],[-74.168934999999976,4.5745660000000612],[-74.168968999999947,4.5746190000000411],[-74.169003999999973,4.5746570000000588],[-74.169031999999959,4.5746820000000525],[-74.169087999999988,4.5747190000000728],[-74.169195999999943,4.574779000000035],[-74.169475999999975,4.5749210000000744],[-74.169606999999985,4.574986000000024],[-74.169675999999981,4.5750200000000518],[-74.169907999999964,4.5751400000000331],[-74.170153999999968,4.5752830000000699],[-74.170302999999933,4.5753100000000586],[-74.170524999999941,4.5753940000000739],[-74.17081799999994,4.5754930000000513],[-74.171058999999957,4.5756110000000376],[-74.171235999999965,4.5757110000000694],[-74.171302999999966,4.5757450000000404],[-74.171355999999946,4.5757660000000442],[-74.171440999999959,4.5757820000000606],[-74.171480999999972,4.5757860000000505],[-74.171751999999969,4.5758430000000203],[-74.17202999999995,4.5758890000000747],[-74.172088999999971,4.5759000000000469],[-74.172307999999987,4.5759440000000495],[-74.172576999999933,4.5759880000000521],[-74.17285099999998,4.5760380000000396],[-74.173126999999965,4.576088000000027],[-74.173401999999953,4.5761470000000486],[-74.173672999999951,4.5761880000000588],[-74.173944999999947,4.5762310000000639],[-74.174186999999961,4.5762830000000463],[-74.174501999999961,4.5763360000000262],[-74.174531999999942,4.5763470000000552],[-74.174764999999979,4.5763930000000528],[-74.175012999999979,4.5764360000000579],[-74.175061999999969,4.5764450000000352],[-74.175291999999956,4.5764860000000454],[-74.175325999999984,4.5764930000000277],[-74.175559999999962,4.5765350000000353],[-74.175793999999939,4.5765870000000746],[-74.175901999999951,4.5766300000000228],[-74.176065999999935,4.5767470000000685],[-74.176287999999943,4.5769120000000498],[-74.176514999999938,4.5770730000000412],[-74.176742999999988,4.5772380000000226],[-74.176959999999951,4.5774150000000304],[-74.177189999999939,4.5775780000000736],[-74.17735399999998,4.5777080000000296],[-74.177555999999981,4.5778820000000451],[-74.177757999999983,4.5781220000000644],[-74.177828999999974,4.5782010000000355],[-74.178061999999954,4.5784530000000245],[-74.178273999999988,4.5787270000000717],[-74.178520999999989,4.5789800000000582],[-74.178591999999981,4.5789990000000671],[-74.178850999999952,4.5789390000000481],[-74.179130999999984,4.5788750000000391],[-74.179539999999974,4.578783000000044],[-74.179694999999981,4.5787430000000313],[-74.179750999999953,4.5790000000000646],[-74.179705999999953,4.5790080000000444],[-74.179314999999974,4.5793310000000247],[-74.179242999999985,4.5793740000000298],[-74.179043999999976,4.5795620000000667],[-74.178774999999973,4.5797860000000696],[-74.17860799999994,4.5799200000000724],[-74.178478999999982,4.5800250000000347],[-74.178394999999966,4.5800810000000638],[-74.178234999999972,4.5802170000000615],[-74.177980999999988,4.5804290000000378],[-74.177879999999959,4.5805150000000481],[-74.177724999999953,4.580579000000057],[-74.177439999999933,4.580675000000042],[-74.177320999999949,4.58015400000005],[-74.177043999999967,4.5802110000000766],[-74.176776999999959,4.5802730000000338]]},"properties":{"OBJECTID":42,"OBJECTID_1":140,"RSPNRUTA":"ZP-P40-2","RSPCDEFINI":"ZP-P40","RSPDISTANC":18.0636692,"RSPDENOMIN":"ALTOS DE CAZUCA - PATIO BONITO CIUDAD LA","RSPTRUTA":"PROVISIONAL","RSPORIGEN":"PERDOMO","RSPDESTINO":"KENNEDY","RSPIRUTA":209,"SHAPELEN":18186.579311156998,"Shape_Length":0.06680716271818013}},{"type":"Feature","id":43,"geometry":{"type":"LineString","coordinates":[[-74.147035783999968,4.5952021170000421],[-74.147391999999968,4.5952420000000416],[-74.148334999999975,4.5953340000000367],[-74.148814999999956,4.595369000000062],[-74.149894999999958,4.5954990000000748],[-74.150736999999936,4.5955860000000257],[-74.15101599999997,4.595610000000022],[-74.151294999999948,4.5956330000000207],[-74.151568999999938,4.5956620000000612],[-74.151845999999978,4.5956940000000372],[-74.152170999999953,4.5957650000000285],[-74.152402999999936,4.5958520000000362],[-74.152651999999989,4.5959970000000681],[-74.152957999999956,4.5961510000000203],[-74.15319599999998,4.5962750000000483],[-74.153407999999956,4.5963590000000636],[-74.15366499999999,4.5964230000000725],[-74.153865999999937,4.5965000000000487],[-74.154003999999986,4.5965330000000222],[-74.154509999999959,4.5965970000000311],[-74.154919999999947,4.5965990000000261],[-74.155930999999953,4.596507000000031],[-74.15667899999994,4.5964750000000549],[-74.156823999999972,4.5964610000000334],[-74.158078999999987,4.5963440000000446],[-74.156823999999972,4.5964610000000334],[-74.157120999999961,4.5963700000000358],[-74.15798499999994,4.5962890000000698],[-74.158072999999945,4.5962260000000583],[-74.158063999999968,4.5960370000000239],[-74.158109999999965,4.5959560000000579],[-74.158060999999975,4.5954290000000242],[-74.15801799999997,4.5950090000000614],[-74.157971999999972,4.5945920000000342],[-74.157929999999965,4.5940950000000385],[-74.157885999999962,4.5936890000000403],[-74.157855999999981,4.5934260000000222],[-74.157838999999967,4.5932820000000447],[-74.157794999999965,4.5928770000000441],[-74.157749999999965,4.5924470000000497],[-74.157715999999937,4.5920300000000225],[-74.157669999999939,4.5915820000000735],[-74.157628999999986,4.5911540000000741],[-74.157618999999954,4.5910700000000588],[-74.157575999999949,4.5906540000000291],[-74.157643999999948,4.5906850000000645],[-74.158522999999946,4.5905950000000644],[-74.158656999999948,4.5906690000000481],[-74.158843999999988,4.5908800000000269],[-74.158987999999965,4.5910840000000235],[-74.159092999999984,4.5912330000000452],[-74.159219999999948,4.5913690000000429],[-74.159306999999956,4.5914400000000342],[-74.159336999999937,4.5914460000000759],[-74.159382999999934,4.5914490000000683],[-74.159436999999969,4.5914450000000215],[-74.159528999999964,4.5914350000000468],[-74.159615999999971,4.5914260000000695],[-74.159673999999939,4.5914020000000733],[-74.160049999999956,4.591380000000072],[-74.160119999999949,4.5913690000000429],[-74.160448999999971,4.5913290000000302],[-74.16052099999996,4.5912450000000717],[-74.160530999999935,4.5912300000000528],[-74.160538999999972,4.5912130000000388],[-74.160546999999951,4.5911960000000249],[-74.160552999999936,4.5911810000000628],[-74.160556999999983,4.5911650000000463],[-74.160560999999973,4.5911460000000375],[-74.160563999999965,4.5911280000000261],[-74.160564999999963,4.5911170000000538],[-74.16056599999996,4.5911030000000324],[-74.160564999999963,4.5910870000000727],[-74.160563999999965,4.5910700000000588],[-74.160556999999983,4.5910010000000625],[-74.160536999999977,4.590938000000051],[-74.160503999999946,4.5905530000000567],[-74.160496999999964,4.5905030000000693],[-74.160451999999964,4.5901210000000674],[-74.160443999999984,4.5899980000000369],[-74.160523999999953,4.5900360000000546],[-74.161158999999941,4.5899780000000305],[-74.161223999999947,4.5899340000000279],[-74.161387999999988,4.5899260000000481],[-74.161377999999957,4.5897930000000429],[-74.161339999999939,4.5895060000000285],[-74.161336999999946,4.5894130000000359],[-74.161306999999965,4.5889870000000315],[-74.161260999999968,4.5885440000000699],[-74.161194999999964,4.5880630000000338],[-74.161106999999959,4.5877350000000661],[-74.160897999999975,4.5872400000000653],[-74.159749999999974,4.5848760000000652],[-74.158908999999937,4.5831140000000232],[-74.158692999999971,4.5826620000000275],[-74.158086999999966,4.5815410000000725],[-74.157829999999933,4.5811220000000503],[-74.157826999999941,4.5811190000000579],[-74.157526999999959,4.5805400000000418],[-74.157523999999967,4.5805350000000544],[-74.157476999999972,4.5804360000000202],[-74.157476999999972,4.5804350000000227],[-74.157472999999982,4.5804260000000454],[-74.157471999999984,4.580423000000053],[-74.157448999999986,4.5803640000000314],[-74.15731599999998,4.5801010000000701],[-74.157292999999981,4.580058000000065],[-74.157099999999957,4.5796990000000619],[-74.156856999999945,4.5792540000000486],[-74.156520999999941,4.5786530000000312],[-74.156489999999962,4.5785940000000664],[-74.156309999999962,4.5782540000000722],[-74.156278999999984,4.578200000000038],[-74.156252999999936,4.5781620000000203],[-74.156240999999966,4.5781410000000733],[-74.156233999999984,4.5781320000000392],[-74.156196999999963,4.5780590000000529],[-74.156173999999965,4.5780000000000314],[-74.156168999999977,4.5779840000000718],[-74.156155999999953,4.5779430000000616],[-74.156139999999937,4.5779000000000565],[-74.156116999999938,4.5778510000000665],[-74.156058999999971,4.5777390000000651],[-74.155973999999958,4.5775800000000686],[-74.155828999999983,4.5773090000000707],[-74.155496999999968,4.5766850000000545],[-74.15537299999994,4.5764550000000668],[-74.155331999999987,4.5763770000000363],[-74.155309999999986,4.5763340000000312],[-74.155155999999977,4.5760510000000636],[-74.154987999999946,4.5757610000000568],[-74.154948999999988,4.5756990000000428],[-74.154831999999942,4.5755160000000501],[-74.154665999999963,4.5752570000000219],[-74.154466999999954,4.5749880000000758],[-74.154282999999964,4.5747510000000489],[-74.153989999999965,4.5743880000000559],[-74.153632999999957,4.574004000000059],[-74.153160999999955,4.5735520000000633],[-74.153076999999939,4.5734770000000253],[-74.152863999999965,4.5732980000000225],[-74.152626999999939,4.57310700000005],[-74.152585999999985,4.5730750000000739],[-74.152437999999961,4.57296400000007],[-74.152403999999933,4.5729370000000245],[-74.152352999999948,4.5729010000000585],[-74.152198999999939,4.5727940000000444],[-74.152049999999974,4.5726940000000695],[-74.151936999999975,4.5726210000000265],[-74.151900999999953,4.5726000000000226],[-74.151834999999949,4.5725600000000668],[-74.15166499999998,4.5724450000000729],[-74.151515999999958,4.5723430000000462],[-74.151301999999987,4.572208000000046],[-74.151196999999968,4.5721410000000446],[-74.150224999999978,4.5714450000000397],[-74.149106999999958,4.5706780000000435],[-74.147906999999975,4.5698550000000751],[-74.147604999999942,4.5696490000000267],[-74.147557999999947,4.5696170000000507],[-74.147426999999936,4.5695250000000556],[-74.14739899999995,4.5695060000000467],[-74.147365999999977,4.5694840000000454],[-74.147326999999962,4.5694540000000643],[-74.147325999999964,4.5694540000000643],[-74.147316999999987,4.5694480000000226],[-74.147152999999946,4.5693360000000212],[-74.146932999999933,4.5691860000000588],[-74.14670499999994,4.5690310000000522],[-74.14647599999995,4.5688750000000482],[-74.146263999999974,4.5687290000000758],[-74.14600699999994,4.5685520000000679],[-74.145967999999982,4.5685270000000742],[-74.145690999999943,4.5683390000000372],[-74.145333999999934,4.568093000000033],[-74.145317999999975,4.5680830000000583],[-74.145243999999934,4.5680320000000734],[-74.145089999999982,4.5679250000000593],[-74.145044999999982,4.5678970000000731],[-74.145017999999936,4.5678790000000618],[-74.144942999999955,4.5678270000000225],[-74.14490399999994,4.5678010000000313],[-74.144998999999984,4.5677060000000438],[-74.14503499999995,4.5676750000000652],[-74.145058999999947,4.567651000000069],[-74.145070999999973,4.5676150000000462],[-74.145069999999976,4.5675790000000234],[-74.145134999999982,4.5675910000000499],[-74.145175999999935,4.5675910000000499],[-74.145213999999953,4.5675920000000474],[-74.14536499999997,4.5675200000000586],[-74.145389999999963,4.5675060000000371],[-74.14549599999998,4.5674570000000472],[-74.145802999999944,4.5673150000000646],[-74.145962999999938,4.5672530000000506],[-74.14629999999994,4.5670860000000744],[-74.14641899999998,4.56704000000002],[-74.146748999999943,4.5668890000000602],[-74.146644999999978,4.5664930000000368],[-74.146631999999954,4.5664450000000443],[-74.146517999999958,4.5660560000000601],[-74.146503999999936,4.566009000000065],[-74.146386999999947,4.5656160000000341],[-74.146372999999983,4.565571000000034],[-74.146257999999989,4.565176000000065],[-74.146243999999967,4.5651330000000598],[-74.146121999999934,4.5647410000000264],[-74.14610799999997,4.5646970000000238],[-74.145989999999983,4.5643070000000421],[-74.145970999999975,4.5642600000000471],[-74.145852999999988,4.5638730000000578],[-74.145841999999959,4.5638270000000603],[-74.145727999999963,4.5634320000000343],[-74.145713999999941,4.5633910000000242],[-74.145596999999952,4.5629970000000526],[-74.145583999999985,4.5629570000000399],[-74.14546299999995,4.5625590000000216],[-74.145449999999983,4.5625140000000215],[-74.145334999999989,4.5621220000000449],[-74.145378999999934,4.5621080000000234],[-74.146293999999955,4.561834000000033],[-74.146333999999968,4.5618220000000633],[-74.146378999999968,4.5618070000000444],[-74.147324999999967,4.561518000000035],[-74.147383999999988,4.5615010000000211],[-74.14743999999996,4.5614850000000615],[-74.148357999999973,4.5612130000000661],[-74.148401999999976,4.5611990000000446],[-74.148449999999968,4.5611840000000257],[-74.14934999999997,4.5609170000000745],[-74.149399999999957,4.560901000000058],[-74.149381999999946,4.5608520000000681],[-74.149270999999942,4.5604590000000371],[-74.149146999999971,4.5604970000000549],[-74.149054999999976,4.5601870000000417],[-74.149008999999978,4.5601090000000681],[-74.149125999999967,4.5599760000000629],[-74.149196999999958,4.5598910000000501],[-74.149274999999989,4.559737000000041],[-74.149383999999941,4.5594040000000291],[-74.149419999999964,4.5593030000000567],[-74.149465999999961,4.5592080000000692],[-74.149723999999935,4.5588810000000421],[-74.150089999999977,4.5586050000000569],[-74.150179999999978,4.5585350000000631],[-74.150318999999968,4.5584660000000667],[-74.150381999999979,4.5584530000000427],[-74.150444999999934,4.5584340000000338],[-74.150568999999962,4.5583870000000388],[-74.150583999999981,4.5583730000000742],[-74.15074599999997,4.5582280000000424],[-74.150767999999971,4.558208000000036],[-74.150858999999969,4.5580910000000472],[-74.150950999999964,4.5578310000000215],[-74.151010999999983,4.5577220000000693],[-74.151301999999987,4.5572440000000256],[-74.151397999999972,4.5570340000000442],[-74.151403999999957,4.5568210000000704],[-74.151288999999963,4.5563030000000708],[-74.151312999999959,4.5559860000000754],[-74.151400999999964,4.5555030000000443],[-74.151485999999977,4.5552540000000477],[-74.151590999999939,4.5550270000000523],[-74.151630999999952,4.5549570000000585],[-74.151704999999936,4.5548780000000306],[-74.151921999999956,4.5547170000000392],[-74.152160999999978,4.5545870000000264],[-74.152239999999949,4.5545030000000679],[-74.152261999999951,4.5543890000000715],[-74.152148999999952,4.5542110000000662],[-74.152103999999952,4.554155000000037],[-74.151978999999983,4.554012000000057],[-74.151913999999977,4.5537530000000288],[-74.151882999999941,4.5534620000000245],[-74.151876999999956,4.5533400000000483],[-74.151850999999965,4.5531460000000266],[-74.151790999999946,4.5529070000000615],[-74.151723999999945,4.5525640000000749]]},"properties":{"OBJECTID":43,"OBJECTID_1":218,"RSPNRUTA":"ZP-C8-2","RSPCDEFINI":"ZP-C8","RSPDISTANC":33.032489779999999,"RSPDENOMIN":"VILLA GLORIA - BACHUS","RSPTRUTA":"PROVISIONAL","RSPORIGEN":"CIUDAD BOLLVAR","RSPDESTINO":"CALLE 80","RSPIRUTA":306,"SHAPELEN":33252.962759926202,"Shape_Length":0.075004771324996708}},{"type":"Feature","id":44,"geometry":{"type":"LineString","coordinates":[[-74.138860060999946,4.5734680900000626],[-74.139403999999956,4.5732600000000616],[-74.139490999999964,4.5732270000000312],[-74.139605999999958,4.5731600000000299],[-74.139729999999986,4.5731280000000538],[-74.139600999999971,4.5726080000000593],[-74.139463999999975,4.5720460000000571],[-74.139414999999985,4.5719640000000368],[-74.139354999999966,4.5716980000000262],[-74.139083999999968,4.570523000000037],[-74.138904999999966,4.5697100000000432],[-74.138887999999952,4.5696350000000621],[-74.138867999999945,4.5695530000000417],[-74.138808999999981,4.5693490000000452],[-74.138725999999963,4.5690730000000599],[-74.138557999999989,4.568377000000055],[-74.138521999999966,4.5681950000000597],[-74.138491999999985,4.5680720000000292],[-74.138475999999969,4.5679960000000506],[-74.138440999999943,4.5677870000000667],[-74.138428999999974,4.5677250000000527],[-74.138424999999984,4.5676990000000615],[-74.138405999999975,4.5675030000000447],[-74.138400999999988,4.5674460000000749],[-74.138383999999974,4.5672770000000469],[-74.138392999999951,4.5671310000000744],[-74.138396999999941,4.5670720000000529],[-74.13840799999997,4.566880000000026],[-74.138406999999972,4.566784000000041],[-74.138405999999975,4.5667760000000612],[-74.138406999999972,4.5667300000000637],[-74.13841599999995,4.5665180000000305],[-74.138427999999976,4.5663170000000264],[-74.138430999999969,4.5662810000000604],[-74.138440999999943,4.5661790000000337],[-74.138443999999936,4.5661310000000412],[-74.138476999999966,4.5658630000000358],[-74.138514999999984,4.5655560000000719],[-74.138588999999968,4.5650530000000344],[-74.138792999999964,4.5640870000000291],[-74.138846999999942,4.5637480000000323],[-74.138871999999935,4.5636120000000346],[-74.138886999999954,4.5634840000000736],[-74.138923999999975,4.5632740000000354],[-74.138939999999934,4.5631870000000276],[-74.138968999999975,4.5630050000000324],[-74.138976999999954,4.5629560000000424],[-74.139023999999949,4.5626870000000395],[-74.139036999999973,4.5625830000000747],[-74.139058999999975,4.5624090000000592],[-74.139089999999953,4.5621350000000689],[-74.139120999999989,4.5618770000000382],[-74.139143999999987,4.5617320000000632],[-74.139163999999937,4.5616230000000542],[-74.13919999999996,4.5613390000000322],[-74.139246999999955,4.5610250000000292],[-74.139265999999964,4.5608910000000265],[-74.139310999999964,4.5605710000000386],[-74.139335999999957,4.5603190000000495],[-74.139335999999957,4.5601370000000543],[-74.139329999999973,4.5599540000000616],[-74.139318999999944,4.5597750000000588],[-74.139298999999937,4.5596190000000547],[-74.139238999999975,4.5592690000000289],[-74.139172999999971,4.5590200000000323],[-74.139151999999967,4.5589570000000208],[-74.139117999999939,4.5588550000000509],[-74.139043999999956,4.5586430000000746],[-74.139002999999946,4.5585330000000681],[-74.13895999999994,4.5584090000000401],[-74.13892199999998,4.5583020000000261],[-74.138892999999939,4.5582410000000664],[-74.138829999999984,4.5580740000000333],[-74.138763999999981,4.5578910000000405],[-74.138746999999967,4.5578530000000228],[-74.138515999999981,4.5571690000000444],[-74.138450999999975,4.5569690000000378],[-74.138364999999965,4.556709000000069],[-74.138292999999976,4.5564940000000433],[-74.138166999999953,4.5560870000000477],[-74.138149999999939,4.5560320000000729],[-74.138045999999974,4.5556940000000736],[-74.137927999999988,4.5553240000000415],[-74.137877999999944,4.555165000000045],[-74.137833999999941,4.5550400000000764],[-74.137651999999946,4.5545170000000326],[-74.137429999999938,4.5538800000000492],[-74.137306999999964,4.5535160000000587],[-74.137220999999954,4.5532660000000647],[-74.137028999999984,4.5527010000000701],[-74.136993999999959,4.5526010000000383],[-74.136971999999957,4.5525390000000243],[-74.136893999999984,4.5523100000000341],[-74.13687699999997,4.5522660000000315],[-74.136772999999948,4.5519560000000752],[-74.136681999999951,4.5516500000000519],[-74.136622999999986,4.5513030000000754],[-74.136610999999959,4.5508880000000431],[-74.136654999999962,4.5505240000000526],[-74.136712999999986,4.5502270000000635],[-74.137001999999939,4.5490230000000338],[-74.137133999999946,4.5484830000000329],[-74.137197999999955,4.5481420000000412],[-74.137227999999936,4.5476320000000214],[-74.137204999999938,4.5473610000000235],[-74.137243999999953,4.5473550000000387],[-74.137299999999982,4.5473470000000589],[-74.137352999999962,4.5473100000000386],[-74.137466999999958,4.5471360000000232],[-74.137514999999951,4.5470660000000294],[-74.137548999999979,4.546999000000028],[-74.137648999999954,4.5467510000000289],[-74.137665999999967,4.54663400000004],[-74.137652999999943,4.5464960000000474],[-74.137626999999952,4.5463310000000661],[-74.137625999999955,4.5460830000000669],[-74.13762799999995,4.5457230000000663],[-74.137628999999947,4.5453640000000632],[-74.13762799999995,4.5452150000000415],[-74.137628999999947,4.5450370000000362],[-74.137629999999945,4.5446940000000495],[-74.137630999999942,4.5446090000000368],[-74.137639999999976,4.5442980000000261],[-74.137651999999946,4.5440540000000738],[-74.137723999999935,4.5438120000000595],[-74.137831999999946,4.5435370000000717],[-74.137887999999975,4.5433970000000272],[-74.137939999999958,4.5432510000000548],[-74.138016999999934,4.5430530000000431],[-74.138118999999961,4.5427690000000212],[-74.138124999999945,4.5427450000000249],[-74.138144999999952,4.5426110000000222],[-74.13813399999998,4.5425110000000473],[-74.138072999999963,4.5422290000000203],[-74.137980999999968,4.5419540000000325],[-74.137826999999959,4.5416660000000206],[-74.13767699999994,4.5413800000000606],[-74.137686999999971,4.5412820000000238],[-74.137711999999965,4.5412110000000325],[-74.137899999999945,4.5409070000000611],[-74.138085999999987,4.5406150000000594],[-74.138170999999943,4.5404810000000566],[-74.138405999999975,4.5401070000000345],[-74.138547999999957,4.5398770000000468],[-74.13868599999995,4.5396540000000414],[-74.138823999999943,4.5394220000000587],[-74.138947999999971,4.5392200000000571],[-74.139098999999987,4.5389860000000226],[-74.139220999999964,4.5387920000000577],[-74.139361999999949,4.5385580000000232],[-74.139503999999988,4.5383410000000595],[-74.139623999999969,4.5381640000000516],[-74.139712999999972,4.5380010000000652],[-74.139766999999949,4.5379170000000499],[-74.139908999999989,4.5376940000000445],[-74.140008999999964,4.537490000000048],[-74.140018999999938,4.5374650000000543],[-74.140059999999949,4.5373530000000528],[-74.140164999999968,4.5370850000000473],[-74.140273999999977,4.5368000000000279],[-74.140206999999975,4.5367760000000317],[-74.139499999999941,4.5364990000000489],[-74.139377999999965,4.5364640000000236],[-74.138925999999969,4.5362570000000346],[-74.138887999999952,4.5365370000000667],[-74.138881999999967,4.5365820000000667],[-74.138825999999938,4.5368200000000343],[-74.138805999999988,4.5369060000000445],[-74.138762999999983,4.5371000000000663],[-74.138687999999945,4.5374000000000478],[-74.138424999999984,4.5373310000000515],[-74.137929999999983,4.5372110000000703],[-74.137916999999959,4.537270000000035],[-74.137859999999989,4.5375070000000619],[-74.13784099999998,4.5375850000000355],[-74.137798999999973,4.5377860000000396],[-74.137759999999957,4.5379350000000613],[-74.137479999999982,4.5378700000000549],[-74.137375999999961,4.5378440000000637],[-74.137181999999939,4.5377980000000662],[-74.136809999999969,4.5377050000000736],[-74.136757999999986,4.5376840000000698],[-74.136504999999943,4.5379110000000651],[-74.136429999999962,4.5379570000000626],[-74.136377999999979,4.5380040000000577],[-74.136333999999977,4.538058000000035],[-74.136322999999948,4.5381090000000199],[-74.136288999999977,4.538180000000068],[-74.136240999999984,4.5382300000000555],[-74.136149999999986,4.5382690000000707],[-74.136070999999959,4.5382800000000429],[-74.135689999999954,4.538263000000029],[-74.135360999999989,4.5382710000000657]]},"properties":{"OBJECTID":44,"OBJECTID_1":168,"RSPNRUTA":"ZP-T109-2","RSPCDEFINI":"ZP-T109","RSPDISTANC":32.422618870000001,"RSPDENOMIN":"CORPAS - ACAPULCO","RSPTRUTA":"PROVISIONAL","RSPORIGEN":"SUBA CENTRO","RSPDESTINO":"CIUDAD BOLIVAR","RSPIRUTA":239,"SHAPELEN":32671.799139532202,"Shape_Length":0.045918355982193654}},{"type":"Feature","id":45,"geometry":{"type":"LineString","coordinates":[[-74.167037999999934,4.5729150000000232],[-74.167470999999978,4.5724890000000755],[-74.167628999999977,4.572353000000021],[-74.167682999999954,4.5722920000000613],[-74.167655999999965,4.5722580000000335],[-74.167471999999975,4.5720640000000685],[-74.167439999999942,4.5720220000000609],[-74.167284999999936,4.5718250000000467],[-74.16725699999995,4.5718610000000695],[-74.167148999999938,4.5719490000000746],[-74.167046999999968,4.5720130000000268],[-74.166481999999974,4.5720320000000356],[-74.166480999999976,4.571988000000033],[-74.16646499999996,4.57172300000002],[-74.166455999999982,4.5716770000000224],[-74.166449999999941,4.5714020000000346],[-74.166477999999984,4.5710870000000341],[-74.166483999999969,4.5710030000000756],[-74.166466999999955,4.570775000000026],[-74.166454999999985,4.5706830000000309],[-74.166437999999971,4.5704600000000255],[-74.166198999999949,4.570474000000047],[-74.166155999999944,4.5704880000000685],[-74.166135999999938,4.5702170000000706],[-74.166143999999974,4.5701670000000263],[-74.166088999999943,4.5701540000000591],[-74.165767999999957,4.5701720000000705],[-74.165427999999963,4.5701950000000693],[-74.165423999999973,4.5700900000000502],[-74.165407999999957,4.5698320000000763],[-74.165366999999947,4.569831000000022],[-74.16470099999998,4.5698740000000271],[-74.164610999999979,4.5698830000000612],[-74.163965999999959,4.5699100000000499],[-74.163293999999951,4.5699350000000436],[-74.162583999999981,4.5699820000000386],[-74.161876999999947,4.5700400000000627],[-74.161171999999965,4.570062000000064],[-74.161140999999986,4.5700660000000539],[-74.161035999999967,4.5700680000000489],[-74.16084399999994,4.5700800000000754],[-74.160685999999941,4.5700770000000261],[-74.160550999999941,4.5700590000000716],[-74.160456999999951,4.5700250000000437],[-74.160412999999949,4.5700080000000298],[-74.160271999999964,4.5699750000000563],[-74.160195999999985,4.5699730000000613],[-74.160155999999972,4.5699770000000512],[-74.160098999999946,4.57000000000005],[-74.16005599999994,4.570034000000021],[-74.159864999999968,4.5702620000000707],[-74.15982299999996,4.5703200000000379],[-74.159694999999942,4.5705080000000748],[-74.159656999999982,4.5705810000000611],[-74.159602999999947,4.5707160000000613],[-74.159587999999985,4.5707790000000728],[-74.15955699999995,4.5709310000000301],[-74.159645999999952,4.5711350000000266],[-74.15972499999998,4.5712310000000684],[-74.159792999999979,4.5712950000000205],[-74.159820999999965,4.5713220000000661],[-74.15991299999996,4.5714190000000485],[-74.159988999999939,4.5715120000000411],[-74.159991999999988,4.5715580000000386],[-74.159977999999967,4.5716080000000261],[-74.159950999999978,4.5716440000000489],[-74.159833999999989,4.5717320000000541],[-74.159721999999988,4.5717870000000289],[-74.159615999999971,4.5718310000000315],[-74.159397999999953,4.5718400000000656],[-74.159078999999963,4.5721170000000484],[-74.158828999999969,4.5722510000000511],[-74.158788999999956,4.572272000000055],[-74.158705999999938,4.5723400000000538],[-74.158240999999975,4.5726990000000569],[-74.157773999999961,4.5730550000000676],[-74.157566999999972,4.5728000000000293],[-74.157517999999982,4.5727280000000405],[-74.157398999999941,4.5725810000000706],[-74.157205999999974,4.5723500000000286],[-74.157142999999962,4.5723100000000727],[-74.156972999999937,4.5723330000000715],[-74.156918999999959,4.572332000000074],[-74.156856999999945,4.5722980000000462],[-74.156802999999968,4.5722490000000562],[-74.15667099999996,4.5719930000000204],[-74.15658899999994,4.5718170000000669],[-74.156559999999956,4.5717380000000389],[-74.156519999999944,4.5716230000000451],[-74.156512999999961,4.5715320000000474],[-74.156513999999959,4.5714600000000587],[-74.156567999999936,4.5712920000000281],[-74.15662999999995,4.5711740000000418],[-74.15662999999995,4.5709920000000466],[-74.156547999999987,4.570741000000055],[-74.156512999999961,4.5706680000000688],[-74.156412999999986,4.5704680000000621],[-74.156245999999953,4.5701160000000414],[-74.156038999999964,4.5699600000000373],[-74.15597299999996,4.5699350000000436],[-74.155928999999958,4.5699190000000272],[-74.15562099999994,4.5698980000000233],[-74.155335999999977,4.5699080000000549],[-74.155131999999981,4.5699120000000448],[-74.155029999999954,4.5698750000000246],[-74.154774999999972,4.5697530000000484],[-74.154673999999943,4.5696610000000533],[-74.154646999999954,4.5696100000000683],[-74.154626999999948,4.5695200000000682],[-74.15464099999997,4.5694200000000365],[-74.154683999999975,4.5693260000000464],[-74.154704999999979,4.5692940000000704],[-74.154741999999942,4.5692600000000425],[-74.154935999999964,4.569225000000074],[-74.155178999999976,4.5692750000000615],[-74.155267999999978,4.5692860000000337],[-74.155403999999976,4.5692520000000627],[-74.155450999999971,4.5692150000000424],[-74.155495999999971,4.5691560000000209],[-74.155521999999962,4.5690490000000636],[-74.155515999999977,4.5689370000000622],[-74.15546999999998,4.5688580000000343],[-74.155369999999948,4.5687910000000329],[-74.155167999999946,4.5687820000000556],[-74.154923999999937,4.5687900000000354],[-74.154814999999985,4.5687920000000304],[-74.154695999999944,4.568802000000062],[-74.154520999999988,4.5688290000000507],[-74.154357999999945,4.5689330000000723],[-74.154218999999955,4.5690600000000359],[-74.154041999999947,4.5692280000000665],[-74.153998999999942,4.569383000000073],[-74.153998999999942,4.5694360000000529],[-74.15404099999995,4.5695920000000569],[-74.154152999999951,4.5697860000000219],[-74.154166999999973,4.569810000000075],[-74.154207999999983,4.569893000000036],[-74.15425399999998,4.5700870000000577],[-74.15425799999997,4.5701810000000478],[-74.154273999999987,4.5704220000000646],[-74.154267999999945,4.5706260000000611],[-74.154284999999959,4.5706850000000259],[-74.154338999999936,4.5707850000000576],[-74.154417999999964,4.5708710000000679],[-74.154560999999944,4.5709730000000377],[-74.154713999999956,4.5711200000000645],[-74.154743999999937,4.5711960000000431],[-74.154751999999974,4.571249000000023],[-74.154742999999939,4.5713190000000736],[-74.154740999999945,4.5713280000000509],[-74.154716999999948,4.571407000000022],[-74.154656999999986,4.5714840000000549],[-74.154572999999971,4.5715460000000689],[-74.154482999999971,4.5715730000000576],[-74.154420999999957,4.5715770000000475],[-74.154356999999948,4.571565000000021],[-74.15425399999998,4.5715080000000512],[-74.154178999999942,4.5714190000000485],[-74.154121999999973,4.5712390000000482],[-74.154093999999986,4.571151000000043],[-74.154046999999935,4.5710580000000505],[-74.15398399999998,4.5709750000000327],[-74.153816999999947,4.5707420000000525],[-74.153647999999976,4.5705020000000331],[-74.153506999999934,4.5702590000000214],[-74.153487999999982,4.5702120000000264],[-74.153468999999973,4.5700720000000388],[-74.153431999999952,4.5699830000000361],[-74.153327999999988,4.5698860000000536],[-74.153280999999936,4.5698650000000498],[-74.153165999999942,4.5698770000000764],[-74.153088999999966,4.5699080000000549],[-74.152998999999966,4.5699580000000424],[-74.152977999999962,4.5699920000000702],[-74.152902999999981,4.5702020000000516],[-74.152641999999958,4.5705590000000598],[-74.152435999999966,4.5708720000000653],[-74.152320999999972,4.5710780000000568],[-74.152310999999941,4.5711250000000518],[-74.151878999999951,4.5713210000000686],[-74.15177099999994,4.5715060000000562],[-74.151634999999942,4.5717060000000629],[-74.151497999999947,4.5719080000000645],[-74.151301999999987,4.572208000000046],[-74.15124499999996,4.5723540000000753],[-74.151395999999977,4.5724720000000616],[-74.151463999999976,4.5725180000000591],[-74.151559999999961,4.5725820000000681],[-74.151886999999988,4.5728170000000432],[-74.15198399999997,4.5728850000000421],[-74.152211999999963,4.5730440000000385],[-74.152442999999948,4.573216000000059],[-74.152696999999989,4.5734130000000732],[-74.153009999999938,4.5736620000000698],[-74.153046999999958,4.573688000000061],[-74.153082999999981,4.5737250000000245],[-74.153309999999976,4.5739380000000551],[-74.153527999999937,4.5741500000000315],[-74.153577999999982,4.5742060000000606],[-74.153648999999973,4.5742840000000342],[-74.153682999999944,4.5743190000000595],[-74.153734999999983,4.5743780000000243],[-74.153816999999947,4.5744710000000737],[-74.153847999999982,4.5745050000000447],[-74.15413499999994,4.5748500000000263],[-74.154324999999972,4.575095000000033],[-74.154500999999982,4.5753450000000271],[-74.154653999999937,4.5755710000000249],[-74.154789999999934,4.5757860000000505],[-74.15483299999994,4.5758550000000469],[-74.154993999999988,4.5761370000000738],[-74.155144999999948,4.5764180000000465],[-74.155168999999944,4.5764620000000491],[-74.155286999999987,4.5766810000000646],[-74.155528999999945,4.5771390000000451],[-74.155664999999942,4.5773910000000342],[-74.155695999999978,4.577442000000076],[-74.15578899999997,4.5776050000000623],[-74.155861999999956,4.5777370000000701],[-74.155977999999948,4.5779540000000338],[-74.155990999999972,4.5779770000000326],[-74.156016999999963,4.5780180000000428],[-74.156081999999969,4.5781230000000619],[-74.156143999999983,4.5782480000000305],[-74.156164999999987,4.578296000000023],[-74.156208999999933,4.578388000000075],[-74.156352999999967,4.578689000000054],[-74.156373999999971,4.5787270000000717],[-74.156702999999936,4.5793380000000639],[-74.156928999999934,4.5797870000000671],[-74.156966999999952,4.5798440000000369],[-74.157012999999949,4.5799170000000231],[-74.157052999999962,4.5799690000000624],[-74.157027999999968,4.58006000000006],[-74.157015999999942,4.58010500000006],[-74.157014999999944,4.5801130000000398],[-74.157014999999944,4.5801370000000361],[-74.157011999999952,4.5801640000000248],[-74.157005999999967,4.58020300000004],[-74.15700499999997,4.5802120000000741],[-74.156990999999948,4.5802590000000691],[-74.156972999999937,4.5803040000000692],[-74.156946999999946,4.5803510000000642],[-74.156918999999959,4.5803910000000201],[-74.156884999999988,4.5804260000000454],[-74.156871999999964,4.580438000000072],[-74.156845999999973,4.5804600000000733],[-74.156839999999988,4.5804660000000581],[-74.156811999999945,4.5805080000000657],[-74.156786999999952,4.5805440000000317],[-74.155371999999943,4.580786000000046],[-74.153727999999944,4.5810610000000338],[-74.153371999999933,4.5810810000000401],[-74.15301999999997,4.581068000000073],[-74.152931999999964,4.5810550000000489],[-74.152790999999979,4.5810350000000426],[-74.152729999999963,4.5810250000000678],[-74.152686999999958,4.5810160000000337],[-74.152565999999979,4.5809920000000375],[-74.152500999999972,4.580976000000021],[-74.152434999999969,4.580959000000064],[-74.152358999999933,4.5809370000000627],[-74.152280999999959,4.5809130000000664],[-74.152179999999987,4.5808790000000386],[-74.15199199999995,4.5808100000000422],[-74.151909999999987,4.5807780000000662],[-74.151882999999941,4.5807660000000396],[-74.151798999999983,4.5807330000000661],[-74.151763999999957,4.5807190000000446],[-74.151718999999957,4.5807030000000282],[-74.151606999999956,4.580660000000023],[-74.151598999999976,4.5806570000000306],[-74.151451999999949,4.5805990000000634],[-74.151266999999962,4.5805290000000696],[-74.151167999999984,4.5804900000000544],[-74.151130999999964,4.5804780000000278],[-74.14961599999998,4.579887000000042],[-74.147986999999944,4.5792270000000599],[-74.147190999999964,4.5789190000000417],[-74.146228999999948,4.5785120000000461],[-74.145726999999965,4.5783380000000307],[-74.145438999999953,4.5782910000000356],[-74.145111999999983,4.578296000000023],[-74.144787999999949,4.5783670000000711],[-74.144614999999988,4.578433000000075],[-74.144464999999968,4.5785110000000486],[-74.144183999999939,4.5787020000000211],[-74.143386999999962,4.5792910000000688],[-74.143348999999944,4.57931700000006],[-74.143265999999983,4.579381000000069],[-74.143206999999961,4.5794260000000691],[-74.143191999999942,4.5794390000000362],[-74.143177999999978,4.5794520000000603],[-74.143166999999949,4.57946400000003],[-74.143073999999956,4.5795480000000452],[-74.143030999999951,4.5795940000000428],[-74.143002999999965,4.5796280000000706],[-74.142928999999981,4.5797350000000279],[-74.142880999999988,4.5798000000000343],[-74.14280599999995,4.5798980000000711],[-74.142794999999978,4.5799120000000357],[-74.142698999999936,4.5800250000000347],[-74.142677037999988,4.5800494020000428]]},"properties":{"OBJECTID":45,"OBJECTID_1":242,"RSPNRUTA":"ZP-850A-2","RSPCDEFINI":"ZP-850A","RSPDISTANC":30.843109129999998,"RSPDENOMIN":"AURES II - TRES ESQUINAS","RSPTRUTA":"PROVISIONAL","RSPORIGEN":"CIUDAD BOLIVAR","RSPDESTINO":"SUBA CENTRO","RSPIRUTA":330,"SHAPELEN":31387.222455609903,"Shape_Length":0.058077089967753473}},{"type":"Feature","id":46,"geometry":{"type":"LineString","coordinates":[[-74.151723999999945,4.5525640000000749],[-74.151790999999946,4.5529070000000615],[-74.151850999999965,4.5531460000000266],[-74.151876999999956,4.5533400000000483],[-74.151882999999941,4.5534620000000245],[-74.151913999999977,4.5537530000000288],[-74.151978999999983,4.554012000000057],[-74.152103999999952,4.554155000000037],[-74.152148999999952,4.5542110000000662],[-74.152261999999951,4.5543890000000715],[-74.152239999999949,4.5545030000000679],[-74.152160999999978,4.5545870000000264],[-74.151921999999956,4.5547170000000392],[-74.151704999999936,4.5548780000000306],[-74.151630999999952,4.5549570000000585],[-74.151590999999939,4.5550270000000523],[-74.151485999999977,4.5552540000000477],[-74.151400999999964,4.5555030000000443],[-74.151312999999959,4.5559860000000754],[-74.151288999999963,4.5563030000000708],[-74.151403999999957,4.5568210000000704],[-74.151397999999972,4.5570340000000442],[-74.151301999999987,4.5572440000000256],[-74.151010999999983,4.5577220000000693],[-74.150950999999964,4.5578310000000215],[-74.150858999999969,4.5580910000000472],[-74.150767999999971,4.558208000000036],[-74.15074599999997,4.5582280000000424],[-74.150583999999981,4.5583730000000742],[-74.150568999999962,4.5583870000000388],[-74.150444999999934,4.5584340000000338],[-74.150381999999979,4.5584530000000427],[-74.150318999999968,4.5584660000000667],[-74.150179999999978,4.5585350000000631],[-74.150089999999977,4.5586050000000569],[-74.149723999999935,4.5588810000000421],[-74.149465999999961,4.5592080000000692],[-74.149419999999964,4.5593030000000567],[-74.149383999999941,4.5594040000000291],[-74.149274999999989,4.559737000000041],[-74.149196999999958,4.5598910000000501],[-74.149125999999967,4.5599760000000629],[-74.149008999999978,4.5601090000000681],[-74.148953999999947,4.5601200000000404],[-74.148738999999978,4.5601830000000518],[-74.148676999999964,4.5602060000000506],[-74.148380999999972,4.560286000000076],[-74.148281999999938,4.5603120000000672],[-74.148146999999938,4.5603370000000609],[-74.148041999999975,4.5603610000000572],[-74.147816999999975,4.5604230000000712],[-74.147702999999979,4.5604570000000422],[-74.147608999999989,4.5604870000000233],[-74.147346999999968,4.5605650000000537],[-74.147213999999963,4.5606090000000563],[-74.147130999999945,4.5606380000000399],[-74.147046999999986,4.5606620000000362],[-74.14690399999995,4.5607030000000464],[-74.146871999999973,4.5607100000000287],[-74.14647599999995,4.56082600000002],[-74.146351999999979,4.5608650000000353],[-74.146071999999947,4.5609540000000379],[-74.145973999999967,4.5609860000000708],[-74.145965999999987,4.5609880000000658],[-74.145424999999989,4.5611510000000521],[-74.145398999999941,4.5611600000000294],[-74.145080999999948,4.5612570000000687],[-74.144966999999951,4.5612920000000372],[-74.14485899999994,4.5613270000000625],[-74.144727999999986,4.5613610000000335],[-74.144575999999972,4.5614070000000311],[-74.144368999999983,4.5614700000000425],[-74.144075999999984,4.5615520000000629],[-74.143959999999936,4.5615850000000364],[-74.143926999999962,4.5615940000000705],[-74.143612999999959,4.5616920000000505],[-74.143259999999941,4.5617950000000747],[-74.143080999999938,4.5618530000000419],[-74.142317999999989,4.5620850000000246],[-74.142280999999969,4.5620950000000562],[-74.141981999999985,4.5621870000000513],[-74.141950999999949,4.562197000000026],[-74.141533999999979,4.5623190000000591],[-74.14122999999995,4.5624410000000353],[-74.141167999999936,4.562479000000053],[-74.141404999999963,4.5626460000000293],[-74.141673999999966,4.5628700000000322],[-74.141969999999958,4.563171000000068],[-74.142083999999954,4.5633190000000354],[-74.142254999999977,4.5635580000000573],[-74.142503999999974,4.563959000000068],[-74.142739999999947,4.564360000000022],[-74.142986999999948,4.5647610000000327],[-74.143148999999937,4.5650320000000306],[-74.143254999999954,4.5652090000000385],[-74.143481999999949,4.5655630000000542],[-74.143728999999951,4.5659650000000624],[-74.14387899999997,4.5661900000000628],[-74.14402199999995,4.5663720000000581],[-74.144175999999959,4.5665700000000697],[-74.144334999999955,4.5667420000000334],[-74.144683999999984,4.5671180000000504],[-74.144987999999955,4.5674370000000408],[-74.145069999999976,4.5675790000000234],[-74.145070999999973,4.5676150000000462],[-74.145058999999947,4.567651000000069],[-74.14503499999995,4.5676750000000652],[-74.144998999999984,4.5677060000000438],[-74.14490399999994,4.5678010000000313],[-74.14480599999996,4.5679550000000404],[-74.145911999999953,4.5687090000000694],[-74.146165999999937,4.5688810000000331],[-74.14638199999996,4.5690300000000548],[-74.146608999999955,4.5691820000000689],[-74.146833999999956,4.569338000000073],[-74.146873999999968,4.5693650000000616],[-74.147013999999956,4.5694610000000466],[-74.147054999999966,4.5694920000000252],[-74.147224999999935,4.5696090000000709],[-74.147299999999973,4.5696600000000558],[-74.14731299999994,4.5696660000000406],[-74.147318999999982,4.5696700000000305],[-74.14734599999997,4.5696890000000394],[-74.147468999999944,4.5697750000000497],[-74.147507999999959,4.5698020000000383],[-74.147712999999953,4.5699410000000285],[-74.148067999999967,4.5701740000000655],[-74.148236999999938,4.5702810000000227],[-74.149009999999976,4.5708270000000653],[-74.150127999999938,4.571593000000064],[-74.150949999999966,4.5721510000000762],[-74.151167999999984,4.5723000000000411],[-74.15124499999996,4.5723540000000753],[-74.151395999999977,4.5724720000000616],[-74.151463999999976,4.5725180000000591],[-74.151559999999961,4.5725820000000681],[-74.151886999999988,4.5728170000000432],[-74.15198399999997,4.5728850000000421],[-74.152211999999963,4.5730440000000385],[-74.152442999999948,4.573216000000059],[-74.152696999999989,4.5734130000000732],[-74.153009999999938,4.5736620000000698],[-74.153046999999958,4.573688000000061],[-74.153082999999981,4.5737250000000245],[-74.153309999999976,4.5739380000000551],[-74.153527999999937,4.5741500000000315],[-74.153577999999982,4.5742060000000606],[-74.153648999999973,4.5742840000000342],[-74.153682999999944,4.5743190000000595],[-74.153734999999983,4.5743780000000243],[-74.153816999999947,4.5744710000000737],[-74.153847999999982,4.5745050000000447],[-74.15413499999994,4.5748500000000263],[-74.154324999999972,4.575095000000033],[-74.154500999999982,4.5753450000000271],[-74.154653999999937,4.5755710000000249],[-74.154789999999934,4.5757860000000505],[-74.15483299999994,4.5758550000000469],[-74.154993999999988,4.5761370000000738],[-74.155144999999948,4.5764180000000465],[-74.155168999999944,4.5764620000000491],[-74.155286999999987,4.5766810000000646],[-74.155528999999945,4.5771390000000451],[-74.155664999999942,4.5773910000000342],[-74.155695999999978,4.577442000000076],[-74.15578899999997,4.5776050000000623],[-74.155861999999956,4.5777370000000701],[-74.155902999999967,4.5778720000000703],[-74.155918999999983,4.5779160000000729],[-74.15592799999996,4.5779700000000503],[-74.155926999999963,4.5780250000000251],[-74.155921999999975,4.5780650000000378],[-74.155907999999954,4.5781080000000429],[-74.15588299999996,4.578151000000048],[-74.155849999999987,4.5781880000000683],[-74.155812999999966,4.5782110000000671],[-74.155762999999979,4.5782260000000292],[-74.154415999999969,4.5782370000000583],[-74.154533999999956,4.5785460000000739],[-74.15413499999994,4.5786790000000224],[-74.153882999999951,4.5787620000000402],[-74.15361299999995,4.5788480000000504],[-74.153328999999985,4.5789480000000253],[-74.153080999999986,4.5790310000000432],[-74.152814999999975,4.579112000000066],[-74.152721999999983,4.5791440000000421],[-74.152528999999959,4.5792040000000611],[-74.15227699999997,4.5792870000000221],[-74.15199599999994,4.5793760000000248],[-74.151728999999989,4.5794720000000666],[-74.151421999999968,4.5795970000000352],[-74.151507999999978,4.5798640000000432],[-74.151509999999973,4.5798790000000622],[-74.151595999999984,4.5801290000000563],[-74.151732999999979,4.5805380000000468],[-74.15175499999998,4.5806270000000495],[-74.151763999999957,4.5807190000000446],[-74.151718999999957,4.5807030000000282],[-74.151606999999956,4.580660000000023],[-74.151598999999976,4.5806570000000306],[-74.151451999999949,4.5805990000000634],[-74.151266999999962,4.5805290000000696],[-74.151167999999984,4.5804900000000544],[-74.151130999999964,4.5804780000000278],[-74.14961599999998,4.579887000000042],[-74.147986999999944,4.5792270000000599],[-74.147190999999964,4.5789190000000417],[-74.146228999999948,4.5785120000000461],[-74.145726999999965,4.5783380000000307],[-74.145438999999953,4.5782910000000356],[-74.145111999999983,4.578296000000023],[-74.144787999999949,4.5783670000000711],[-74.144614999999988,4.578433000000075],[-74.144464999999968,4.5785110000000486],[-74.144183999999939,4.5787020000000211],[-74.143386999999962,4.5792910000000688],[-74.143348999999944,4.57931700000006],[-74.143265999999983,4.579381000000069],[-74.143206999999961,4.5794260000000691],[-74.143191999999942,4.5794390000000362],[-74.143177999999978,4.5794520000000603],[-74.143166999999949,4.57946400000003],[-74.143073999999956,4.5795480000000452],[-74.143030999999951,4.5795940000000428],[-74.143002999999965,4.5796280000000706],[-74.142928999999981,4.5797350000000279],[-74.142880999999988,4.5798000000000343],[-74.14280599999995,4.5798980000000711],[-74.142794999999978,4.5799120000000357],[-74.142698999999936,4.5800250000000347],[-74.142677037999988,4.5800494020000428]]},"properties":{"OBJECTID":46,"OBJECTID_1":10,"RSPNRUTA":"ZP-126-1","RSPCDEFINI":"ZP-126","RSPDISTANC":35.369709010000001,"RSPDENOMIN":"VILLA GLORIA - VILLA GLADYS","RSPTRUTA":"PROVISIONAL","RSPORIGEN":"CIUDAD BOLIVAR","RSPDESTINO":"ENGATIVA","RSPIRUTA":18,"SHAPELEN":35547.047685228601,"Shape_Length":0.056045615259901635}},{"type":"Feature","id":47,"geometry":{"type":"LineString","coordinates":[[-74.147892260999981,4.5887687670000332],[-74.148288999999977,4.5886390000000574],[-74.148770999999954,4.5884370000000558],[-74.149273999999934,4.5882130000000529],[-74.149738999999954,4.5880290000000628],[-74.149780999999962,4.5880120000000488],[-74.149793999999986,4.588006000000064],[-74.149805999999955,4.5880000000000223],[-74.149817999999982,4.58799300000004],[-74.149831999999947,4.5879850000000602],[-74.14985299999995,4.5879750000000286],[-74.149883999999986,4.5879390000000626],[-74.149896999999953,4.5879230000000462],[-74.149903999999935,4.5879140000000689],[-74.149909999999977,4.5879060000000322],[-74.149916999999959,4.5878960000000575],[-74.149925999999937,4.5878810000000385],[-74.149938999999961,4.5878590000000372],[-74.150025999999968,4.5880080000000589],[-74.150298999999961,4.588292000000024],[-74.150455999999963,4.5884140000000571],[-74.150583999999981,4.5885530000000472],[-74.150781999999936,4.5887820000000374],[-74.150922999999977,4.5888990000000263],[-74.150985999999989,4.5889360000000465],[-74.151302999999984,4.5891500000000747],[-74.151339999999948,4.5891880000000356],[-74.151363999999944,4.5892410000000723],[-74.151382999999953,4.5894720000000575],[-74.15143999999998,4.5901420000000712],[-74.151492999999959,4.590246000000036],[-74.15176699999995,4.5900420000000395],[-74.151843999999983,4.5899840000000722],[-74.152568999999971,4.5894540000000461],[-74.15329399999996,4.5889120000000503],[-74.154020999999943,4.5883920000000558],[-74.15468199999998,4.5878860000000259],[-74.155088999999975,4.5879560000000765],[-74.156821999999977,4.5873150000000464],[-74.157211999999959,4.5885200000000737],[-74.157375999999942,4.5889670000000251],[-74.157422999999937,4.5892280000000483],[-74.157373999999948,4.5893210000000408],[-74.157359999999983,4.5893760000000725],[-74.157400999999936,4.5897920000000454],[-74.157432999999969,4.5901260000000548],[-74.157448999999986,4.5902090000000726],[-74.157485999999949,4.5906700000000455],[-74.157517999999982,4.5910720000000538],[-74.157525999999962,4.5911820000000603],[-74.157557999999938,4.591583000000071],[-74.157486999999946,4.5915530000000331],[-74.156846999999971,4.5916150000000471],[-74.156677999999943,4.5916400000000408]]},"properties":{"OBJECTID":47,"OBJECTID_1":12,"RSPNRUTA":"ZP-140-2","RSPCDEFINI":"ZP-140","RSPDISTANC":18.86528015,"RSPDENOMIN":"ISLA DEL SOL - PALOQUEMAO","RSPTRUTA":"PROVISIONAL","RSPORIGEN":"PERDOMO","RSPDESTINO":"NEUTRA","RSPIRUTA":23,"SHAPELEN":18212.794608050801,"Shape_Length":0.016795047247780661}},{"type":"Feature","id":48,"geometry":{"type":"LineString","coordinates":[[-74.142830825999965,4.5800300940000511],[-74.142932999999971,4.5799270000000547],[-74.142999999999972,4.5798510000000761],[-74.143020999999976,4.579827000000023],[-74.143038999999987,4.5798040000000242],[-74.143054999999947,4.579776000000038],[-74.143083999999988,4.5797200000000657],[-74.143113999999969,4.5796630000000391],[-74.143117999999959,4.5796550000000593],[-74.14314399999995,4.579618000000039],[-74.143195999999989,4.5795660000000566],[-74.143214999999941,4.5795590000000743],[-74.143230999999957,4.5795510000000377],[-74.14323799999994,4.5795460000000503],[-74.143249999999966,4.5795350000000212],[-74.14332799999994,4.579477000000054],[-74.143424999999979,4.5794160000000375],[-74.143502999999953,4.5793480000000386],[-74.14438599999994,4.5786950000000388],[-74.144591999999989,4.5785680000000752],[-74.144814999999937,4.5784760000000233],[-74.144998999999984,4.5784280000000308],[-74.145209999999963,4.5784010000000421],[-74.145430999999974,4.5784040000000346],[-74.145437999999956,4.5784040000000346],[-74.145637999999963,4.5784340000000725],[-74.145853999999986,4.5784980000000246],[-74.147183999999982,4.5790100000000393],[-74.149583999999948,4.5799630000000207],[-74.151095999999939,4.5805710000000204],[-74.151189999999986,4.5806080000000406],[-74.151214999999979,4.5806180000000722],[-74.151220999999964,4.5806220000000621],[-74.151419999999973,4.5807010000000332],[-74.151501999999937,4.5807350000000611],[-74.151509999999973,4.5807380000000535],[-74.151568999999938,4.5807510000000207],[-74.151573999999982,4.580752000000075],[-74.151643999999976,4.5807820000000561],[-74.151653999999951,4.5807900000000359],[-74.151666999999975,4.580801000000065],[-74.151674999999955,4.5808050000000549],[-74.151681999999937,4.5808090000000448],[-74.151723999999945,4.5808250000000612],[-74.152110999999934,4.5809750000000236],[-74.152398999999946,4.5810650000000237],[-74.152655999999979,4.5811240000000453],[-74.15300899999994,4.5811780000000226],[-74.153403999999966,4.5811910000000466],[-74.153739999999971,4.5811720000000378],[-74.153818999999942,4.581162000000063],[-74.153862999999944,4.5811560000000213],[-74.153953999999942,4.5811430000000541],[-74.154365999999982,4.5810730000000603],[-74.154506999999967,4.5810480000000666],[-74.154765999999938,4.5810050000000615],[-74.155092999999965,4.5809480000000349],[-74.155260999999939,4.5809180000000538],[-74.15533499999998,4.5809040000000323],[-74.155393999999944,4.5808900000000676],[-74.155431999999962,4.5808860000000209],[-74.155651999999975,4.5808500000000549],[-74.156113999999945,4.5807700000000295],[-74.156152999999961,4.5807640000000447],[-74.156610999999941,4.5806860000000711],[-74.156703999999934,4.5806670000000622],[-74.156833999999947,4.580641000000071],[-74.156852999999956,4.5806370000000243],[-74.157114999999976,4.5805930000000217],[-74.157239999999945,4.5805690000000254],[-74.157253999999966,4.5805670000000305],[-74.157304999999951,4.580564000000038],[-74.157362999999975,4.5805520000000683],[-74.157523999999967,4.5805350000000544],[-74.157476999999972,4.5804360000000202],[-74.157476999999972,4.5804350000000227],[-74.157472999999982,4.5804260000000454],[-74.157471999999984,4.580423000000053],[-74.157448999999986,4.5803640000000314],[-74.15731599999998,4.5801010000000701],[-74.157292999999981,4.580058000000065],[-74.157099999999957,4.5796990000000619],[-74.156856999999945,4.5792540000000486],[-74.156520999999941,4.5786530000000312],[-74.156489999999962,4.5785940000000664],[-74.156309999999962,4.5782540000000722],[-74.156278999999984,4.578200000000038],[-74.156252999999936,4.5781620000000203],[-74.156240999999966,4.5781410000000733],[-74.156233999999984,4.5781320000000392],[-74.156196999999963,4.5780590000000529],[-74.156173999999965,4.5780000000000314],[-74.156168999999977,4.5779840000000718],[-74.156155999999953,4.5779430000000616],[-74.156139999999937,4.5779000000000565],[-74.156116999999938,4.5778510000000665],[-74.156058999999971,4.5777390000000651],[-74.155973999999958,4.5775800000000686],[-74.155828999999983,4.5773090000000707],[-74.155496999999968,4.5766850000000545],[-74.15537299999994,4.5764550000000668],[-74.155331999999987,4.5763770000000363],[-74.155309999999986,4.5763340000000312],[-74.155155999999977,4.5760510000000636],[-74.154987999999946,4.5757610000000568],[-74.154948999999988,4.5756990000000428],[-74.154831999999942,4.5755160000000501],[-74.154665999999963,4.5752570000000219],[-74.154466999999954,4.5749880000000758],[-74.154282999999964,4.5747510000000489],[-74.153989999999965,4.5743880000000559],[-74.153632999999957,4.574004000000059],[-74.153160999999955,4.5735520000000633],[-74.153076999999939,4.5734770000000253],[-74.152863999999965,4.5732980000000225],[-74.152626999999939,4.57310700000005],[-74.152585999999985,4.5730750000000739],[-74.152437999999961,4.57296400000007],[-74.152403999999933,4.5729370000000245],[-74.152352999999948,4.5729010000000585],[-74.152198999999939,4.5727940000000444],[-74.152049999999974,4.5726940000000695],[-74.151936999999975,4.5726210000000265],[-74.151900999999953,4.5726000000000226],[-74.151834999999949,4.5725600000000668],[-74.15166499999998,4.5724450000000729],[-74.151515999999958,4.5723430000000462],[-74.151301999999987,4.572208000000046],[-74.151196999999968,4.5721410000000446],[-74.150224999999978,4.5714450000000397],[-74.149106999999958,4.5706780000000435],[-74.147906999999975,4.5698550000000751],[-74.147604999999942,4.5696490000000267],[-74.147557999999947,4.5696170000000507],[-74.147426999999936,4.5695250000000556],[-74.14739899999995,4.5695060000000467],[-74.147365999999977,4.5694840000000454],[-74.147326999999962,4.5694540000000643],[-74.147325999999964,4.5694540000000643],[-74.147316999999987,4.5694480000000226],[-74.147152999999946,4.5693360000000212],[-74.146932999999933,4.5691860000000588],[-74.14670499999994,4.5690310000000522],[-74.14647599999995,4.5688750000000482],[-74.146263999999974,4.5687290000000758],[-74.14600699999994,4.5685520000000679],[-74.145967999999982,4.5685270000000742],[-74.145690999999943,4.5683390000000372],[-74.145333999999934,4.568093000000033],[-74.145317999999975,4.5680830000000583],[-74.145243999999934,4.5680320000000734],[-74.145089999999982,4.5679250000000593],[-74.145044999999982,4.5678970000000731],[-74.145017999999936,4.5678790000000618],[-74.144942999999955,4.5678270000000225],[-74.14490399999994,4.5678010000000313],[-74.144998999999984,4.5677060000000438],[-74.14503499999995,4.5676750000000652],[-74.145058999999947,4.567651000000069],[-74.145070999999973,4.5676150000000462],[-74.145069999999976,4.5675790000000234],[-74.144987999999955,4.5674370000000408],[-74.144683999999984,4.5671180000000504],[-74.144334999999955,4.5667420000000334],[-74.144175999999959,4.5665700000000697],[-74.14402199999995,4.5663720000000581],[-74.14387899999997,4.5661900000000628],[-74.143728999999951,4.5659650000000624],[-74.143481999999949,4.5655630000000542],[-74.143254999999954,4.5652090000000385],[-74.143148999999937,4.5650320000000306],[-74.142986999999948,4.5647610000000327],[-74.142739999999947,4.564360000000022],[-74.142503999999974,4.563959000000068],[-74.142254999999977,4.5635580000000573],[-74.142083999999954,4.5633190000000354],[-74.141969999999958,4.563171000000068],[-74.141673999999966,4.5628700000000322],[-74.141404999999963,4.5626460000000293],[-74.141167999999936,4.562479000000053],[-74.140985999999941,4.5623750000000314],[-74.140519999999981,4.5620830000000296],[-74.140149999999949,4.5618840000000205],[-74.14002499999998,4.5618550000000369],[-74.139811999999949,4.5618440000000646],[-74.139541999999949,4.5618310000000406],[-74.139426999999955,4.5618090000000393],[-74.139386999999942,4.5617970000000696],[-74.139255999999989,4.5617500000000746],[-74.139143999999987,4.5617320000000632],[-74.139163999999937,4.5616230000000542],[-74.13919999999996,4.5613390000000322],[-74.139246999999955,4.5610250000000292],[-74.139265999999964,4.5608910000000265],[-74.139310999999964,4.5605710000000386],[-74.139335999999957,4.5603190000000495],[-74.139335999999957,4.5601370000000543],[-74.139329999999973,4.5599540000000616],[-74.139318999999944,4.5597750000000588],[-74.139298999999937,4.5596190000000547],[-74.139238999999975,4.5592690000000289],[-74.139172999999971,4.5590200000000323],[-74.139151999999967,4.5589570000000208],[-74.139117999999939,4.5588550000000509],[-74.139043999999956,4.5586430000000746],[-74.139002999999946,4.5585330000000681],[-74.13895999999994,4.5584090000000401],[-74.13892199999998,4.5583020000000261],[-74.138892999999939,4.5582410000000664],[-74.138829999999984,4.5580740000000333],[-74.138763999999981,4.5578910000000405],[-74.138746999999967,4.5578530000000228],[-74.138515999999981,4.5571690000000444],[-74.138450999999975,4.5569690000000378],[-74.138364999999965,4.556709000000069],[-74.138292999999976,4.5564940000000433],[-74.138166999999953,4.5560870000000477],[-74.138149999999939,4.5560320000000729],[-74.138045999999974,4.5556940000000736],[-74.137927999999988,4.5553240000000415],[-74.137936999999965,4.5552790000000414],[-74.13794299999995,4.5552480000000628],[-74.13794699999994,4.5552220000000716],[-74.137958999999967,4.5551890000000412],[-74.137970999999936,4.5551660000000425],[-74.137986999999953,4.5551400000000513],[-74.137999999999977,4.5551090000000727],[-74.138008999999954,4.5550860000000739],[-74.138015999999936,4.555054000000041],[-74.138253999999961,4.5547070000000645],[-74.138377999999989,4.5545500000000629],[-74.138683999999955,4.5544510000000287],[-74.139106999999967,4.5543140000000335],[-74.139457999999934,4.5542020000000321],[-74.139493999999956,4.5541870000000699],[-74.139548999999988,4.554172000000051],[-74.139786999999956,4.5540700000000243],[-74.139882999999941,4.5540300000000684],[-74.139927999999941,4.5540050000000747],[-74.139940999999965,4.5539870000000633],[-74.140132999999935,4.5538680000000227],[-74.140313999999989,4.5537440000000515],[-74.140331999999944,4.5537080000000287],[-74.140768999999977,4.5537800000000743],[-74.140899999999988,4.553747000000044],[-74.141003999999953,4.55368500000003],[-74.141260999999986,4.5534240000000636],[-74.141390999999942,4.5533380000000534],[-74.141774999999939,4.5530940000000442],[-74.141924999999958,4.5529990000000566],[-74.142199999999946,4.552861000000064],[-74.142267999999945,4.5528270000000362],[-74.142627999999945,4.5528690000000438],[-74.142765999999938,4.5529120000000489],[-74.142883999999981,4.5529120000000489],[-74.143203999999969,4.5528360000000703],[-74.143258999999944,4.5528340000000753],[-74.143310999999983,4.5528510000000324],[-74.143353999999988,4.5528790000000754],[-74.143399999999986,4.552955000000054],[-74.143382999999972,4.5530330000000276],[-74.143291999999974,4.5531940000000759],[-74.143277999999952,4.5532450000000608],[-74.143272999999965,4.5532950000000483],[-74.143288999999982,4.5533640000000446],[-74.143317999999965,4.5534220000000687],[-74.14337299999994,4.5534690000000637],[-74.143420999999989,4.5534920000000625],[-74.143474999999967,4.5534920000000625],[-74.143622999999934,4.5534510000000523],[-74.143407999999965,4.5535500000000297],[-74.143622999999934,4.5534510000000523],[-74.144041999999956,4.5531990000000633],[-74.144448999999952,4.5525830000000269],[-74.144651999999951,4.5522870000000353],[-74.144748999999933,4.5521590000000742],[-74.144798999999978,4.5520870000000286],[-74.145091999999977,4.5516640000000734],[-74.145200999999986,4.5515010000000302],[-74.145290999999986,4.5513730000000692],[-74.145325999999955,4.5513270000000716],[-74.145357999999987,4.551285000000064],[-74.145395999999948,4.5512440000000538],[-74.145435999999961,4.5512070000000335],[-74.145480999999961,4.5511750000000575],[-74.145577999999944,4.5511080000000561],[-74.145686999999953,4.5510340000000724],[-74.145974999999964,4.5508520000000203],[-74.146040999999968,4.5508070000000203],[-74.146244999999965,4.5506830000000491],[-74.146275999999943,4.5506580000000554],[-74.146527999999989,4.5505450000000565],[-74.146735999999976,4.550497000000064],[-74.146808999999962,4.550482000000045],[-74.146938999999975,4.5504540000000588],[-74.14702699999998,4.5504280000000676],[-74.147191999999961,4.5503250000000435],[-74.147338999999988,4.5502060000000597],[-74.147480999999971,4.5500250000000619],[-74.147538999999938,4.5499530000000732],[-74.147562999999934,4.5499030000000289],[-74.147577999999953,4.5498530000000414],[-74.147585999999933,4.5498020000000565],[-74.147582999999941,4.5497180000000412],[-74.147571999999968,4.5495920000000751],[-74.147566999999981,4.5495400000000359],[-74.147575999999958,4.5494020000000432],[-74.147566999999981,4.5492450000000417],[-74.147583999999938,4.5491180000000213],[-74.147598999999957,4.5489900000000603],[-74.147612999999978,4.5489610000000766],[-74.147646999999949,4.5486560000000509],[-74.147694999999942,4.5484130000000391],[-74.147799999999961,4.5480420000000663],[-74.147819999999967,4.5479790000000548],[-74.147847999999954,4.5478690000000483],[-74.14787199999995,4.5475520000000529],[-74.147943999999939,4.5473120000000335],[-74.148017999999979,4.5472370000000524],[-74.148121999999944,4.5471980000000372],[-74.148656999999957,4.5469960000000356],[-74.148725999999954,4.5469540000000279],[-74.14906899999994,4.5468830000000366],[-74.149583999999948,4.5468450000000757],[-74.149710999999968,4.5467900000000441],[-74.149788999999942,4.5467270000000326],[-74.149910999999975,4.5465040000000272],[-74.149976999999978,4.5463490000000206],[-74.150034999999946,4.5462150000000747],[-74.150064999999984,4.546164000000033],[-74.150399999999934,4.5456250000000296],[-74.150463999999943,4.5455310000000395],[-74.150339999999971,4.545340000000067],[-74.150289999999984,4.5453030000000467],[-74.150022999999976,4.5450180000000273],[-74.149973999999986,4.5449630000000525],[-74.149648999999954,4.5445930000000203],[-74.149706999999978,4.5444330000000264],[-74.149746999999934,4.5443590000000427],[-74.149845999999968,4.5442120000000727],[-74.150077999999951,4.5440360000000624],[-74.150107999999989,4.5440070000000219],[-74.15013399999998,4.5438500000000204],[-74.150125999999943,4.5437050000000454],[-74.150101999999947,4.5434980000000564],[-74.150091999999972,4.5434170000000336],[-74.150069999999971,4.5431980000000749],[-74.150062999999989,4.5431160000000546],[-74.150033999999948,4.5430040000000531],[-74.14995799999997,4.5427830000000426],[-74.149951999999985,4.5427500000000691],[-74.149929999999983,4.5427060000000665],[-74.149919999999952,4.542679000000021],[-74.149910999999975,4.542598000000055],[-74.149906999999985,4.5425450000000751],[-74.149904999999933,4.5424950000000308],[-74.149902999999938,4.542344000000071],[-74.149889999999971,4.5423100000000431],[-74.149870999999962,4.5422830000000545],[-74.149838999999986,4.5422520000000759],[-74.149777999999969,4.5421970000000442],[-74.149736999999959,4.5421590000000265],[-74.149697999999944,4.5421150000000239],[-74.149656999999934,4.5420590000000516],[-74.149584999999945,4.541966000000059],[-74.149523999999985,4.541872000000069],[-74.149485999999968,4.5418110000000524],[-74.149418999999966,4.541686000000027],[-74.149407999999937,4.541637000000037],[-74.149370999999974,4.5414690000000633],[-74.14930099999998,4.5412330000000338],[-74.149167999999975,4.5410530000000335],[-74.148834999999963,4.5406640000000493],[-74.148743999999965,4.5406060000000252],[-74.148521999999957,4.5404680000000326],[-74.148453999999958,4.5404270000000224],[-74.148028999999951,4.540155000000027],[-74.14897499999995,4.5389580000000365],[-74.149012999999968,4.538908000000049],[-74.148931999999945,4.5387710000000538],[-74.148878999999965,4.5387200000000689],[-74.148722999999961,4.5384990000000585],[-74.148539999999969,4.5382240000000706],[-74.148513999999977,4.5381990000000201],[-74.148478999999952,4.5381420000000503],[-74.148359999999968,4.5379330000000664],[-74.148279999999943,4.5377880000000346],[-74.148259999999937,4.5377270000000749],[-74.148221999999976,4.5376200000000608],[-74.14819099999994,4.537537000000043],[-74.148104999999987,4.5373110000000452],[-74.148052999999948,4.5371650000000727],[-74.147923999999989,4.5369420000000673],[-74.147837999999979,4.5368700000000217],[-74.147283999999956,4.5362460000000624],[-74.147193999999956,4.536215000000027],[-74.147196999999949,4.5359540000000607],[-74.147186999999974,4.5357910000000743],[-74.147181999999987,4.5355500000000575],[-74.147164999999973,4.5353460000000609],[-74.147153999999944,4.5349920000000452],[-74.147135999999989,4.5345400000000495],[-74.147152999999946,4.5342570000000251],[-74.147190999999964,4.5339750000000549],[-74.147202999999934,4.5337240000000634],[-74.147198999999944,4.5336560000000645],[-74.146733999999981,4.5331780000000208],[-74.146672999999964,4.5330720000000611],[-74.146631999999954,4.532952000000023],[-74.146611999999948,4.5328500000000531]]},"properties":{"OBJECTID":48,"OBJECTID_1":144,"RSPNRUTA":"ZP-P46-2","RSPCDEFINI":"ZP-P46","RSPDISTANC":22.37688065,"RSPDENOMIN":"ARABIA - FERIAS","RSPTRUTA":"PROVISIONAL","RSPORIGEN":"CIUDAD BOLIVAR","RSPDESTINO":"FONTIBON","RSPIRUTA":213,"SHAPELEN":22540.374785182998,"Shape_Length":0.084238263820759829}},{"type":"Feature","id":49,"geometry":{"type":"LineString","coordinates":[[-74.131199924999976,4.5612250190000623],[-74.131251999999961,4.5611670000000686],[-74.13146299999994,4.5609890000000632],[-74.132143999999982,4.5605140000000688],[-74.132371999999975,4.5603310000000761],[-74.132727999999986,4.5600540000000365],[-74.13372499999997,4.5593520000000467],[-74.134000999999955,4.5591580000000249],[-74.13437799999997,4.5588700000000699],[-74.134665999999982,4.5586710000000608],[-74.134759999999972,4.5586070000000518],[-74.134881999999948,4.5585490000000277],[-74.135055999999963,4.5584940000000529],[-74.135280999999964,4.5584650000000693],[-74.135429999999985,4.5584640000000718],[-74.135839999999973,4.5585210000000416],[-74.135922999999934,4.5585350000000631],[-74.136293999999964,4.5585950000000253],[-74.136714999999981,4.5586520000000519],[-74.136823999999933,4.5586810000000355],[-74.13691799999998,4.5587640000000533],[-74.137184999999988,4.5591940000000477],[-74.137242999999955,4.559265000000039],[-74.137276999999983,4.5592980000000694],[-74.137341999999933,4.5593470000000593],[-74.137438999999972,4.5593950000000518],[-74.137804999999958,4.5595490000000609],[-74.138400999999988,4.5598870000000602],[-74.138485999999943,4.5600000000000591],[-74.138543999999968,4.5601760000000695],[-74.138584999999978,4.5602970000000482],[-74.138607999999977,4.5603460000000382],[-74.138811999999973,4.560856000000058],[-74.138863999999955,4.5609360000000265],[-74.138900999999976,4.5609790000000316],[-74.138898999999981,4.5609910000000582],[-74.138856999999973,4.561281000000065],[-74.138815999999963,4.5615430000000288],[-74.13877599999995,4.5618160000000216],[-74.138739999999984,4.5620870000000764],[-74.138697999999977,4.5623490000000402],[-74.138686999999948,4.562430000000063],[-74.138672999999983,4.5625480000000493],[-74.138699999999972,4.5625620000000708],[-74.138749999999959,4.5625890000000595],[-74.138848999999936,4.5626030000000242],[-74.138904999999966,4.5626000000000317],[-74.138955999999951,4.5625980000000368],[-74.139002999999946,4.5625890000000595],[-74.139036999999973,4.5625830000000747],[-74.139058999999975,4.5624090000000592],[-74.139089999999953,4.5621350000000689],[-74.139120999999989,4.5618770000000382],[-74.139143999999987,4.5617320000000632],[-74.139163999999937,4.5616230000000542],[-74.13919999999996,4.5613390000000322],[-74.139246999999955,4.5610250000000292],[-74.139265999999964,4.5608910000000265],[-74.139310999999964,4.5605710000000386],[-74.139335999999957,4.5603190000000495],[-74.139335999999957,4.5601370000000543],[-74.139329999999973,4.5599540000000616],[-74.139318999999944,4.5597750000000588],[-74.139298999999937,4.5596190000000547],[-74.139238999999975,4.5592690000000289],[-74.139172999999971,4.5590200000000323],[-74.139151999999967,4.5589570000000208],[-74.139117999999939,4.5588550000000509],[-74.139043999999956,4.5586430000000746],[-74.139002999999946,4.5585330000000681],[-74.13895999999994,4.5584090000000401],[-74.13892199999998,4.5583020000000261],[-74.138892999999939,4.5582410000000664],[-74.138829999999984,4.5580740000000333],[-74.138763999999981,4.5578910000000405],[-74.138746999999967,4.5578530000000228],[-74.138515999999981,4.5571690000000444],[-74.138450999999975,4.5569690000000378],[-74.138364999999965,4.556709000000069],[-74.138292999999976,4.5564940000000433],[-74.138166999999953,4.5560870000000477],[-74.138149999999939,4.5560320000000729],[-74.138045999999974,4.5556940000000736],[-74.137927999999988,4.5553240000000415],[-74.137936999999965,4.5552790000000414],[-74.13794299999995,4.5552480000000628],[-74.13794699999994,4.5552220000000716],[-74.137958999999967,4.5551890000000412],[-74.137970999999936,4.5551660000000425],[-74.137986999999953,4.5551400000000513],[-74.137999999999977,4.5551090000000727],[-74.138008999999954,4.5550860000000739],[-74.138015999999936,4.555054000000041],[-74.138253999999961,4.5547070000000645],[-74.138377999999989,4.5545500000000629],[-74.138683999999955,4.5544510000000287],[-74.139106999999967,4.5543140000000335],[-74.139457999999934,4.5542020000000321],[-74.139493999999956,4.5541870000000699],[-74.139548999999988,4.554172000000051],[-74.139786999999956,4.5540700000000243],[-74.139882999999941,4.5540300000000684],[-74.139927999999941,4.5540050000000747],[-74.139940999999965,4.5539870000000633],[-74.140132999999935,4.5538680000000227],[-74.140313999999989,4.5537440000000515],[-74.140331999999944,4.5537080000000287],[-74.140768999999977,4.5537800000000743],[-74.140899999999988,4.553747000000044],[-74.141003999999953,4.55368500000003],[-74.141260999999986,4.5534240000000636],[-74.141390999999942,4.5533380000000534],[-74.141774999999939,4.5530940000000442],[-74.141924999999958,4.5529990000000566],[-74.142199999999946,4.552861000000064],[-74.142267999999945,4.5528270000000362],[-74.142627999999945,4.5528690000000438],[-74.142765999999938,4.5529120000000489],[-74.142883999999981,4.5529120000000489],[-74.143203999999969,4.5528360000000703],[-74.143258999999944,4.5528340000000753],[-74.143310999999983,4.5528510000000324],[-74.143353999999988,4.5528790000000754],[-74.143399999999986,4.552955000000054],[-74.143382999999972,4.5530330000000276],[-74.143291999999974,4.5531940000000759],[-74.143277999999952,4.5532450000000608],[-74.143272999999965,4.5532950000000483],[-74.143288999999982,4.5533640000000446],[-74.143317999999965,4.5534220000000687],[-74.14337299999994,4.5534690000000637],[-74.143420999999989,4.5534920000000625],[-74.143474999999967,4.5534920000000625],[-74.143622999999934,4.5534510000000523],[-74.144041999999956,4.5531990000000633],[-74.144448999999952,4.5525830000000269],[-74.144651999999951,4.5522870000000353],[-74.144748999999933,4.5521590000000742],[-74.144798999999978,4.5520870000000286],[-74.145091999999977,4.5516640000000734],[-74.145200999999986,4.5515010000000302],[-74.145290999999986,4.5513730000000692],[-74.145325999999955,4.5513270000000716],[-74.145357999999987,4.551285000000064],[-74.145395999999948,4.5512440000000538],[-74.145435999999961,4.5512070000000335],[-74.145480999999961,4.5511750000000575],[-74.145577999999944,4.5511080000000561],[-74.145686999999953,4.5510340000000724],[-74.145974999999964,4.5508520000000203],[-74.146040999999968,4.5508070000000203],[-74.146244999999965,4.5506830000000491],[-74.146275999999943,4.5506580000000554],[-74.146527999999989,4.5505450000000565],[-74.146735999999976,4.550497000000064],[-74.146808999999962,4.550482000000045],[-74.146938999999975,4.5504540000000588],[-74.14702699999998,4.5504280000000676],[-74.147191999999961,4.5503250000000435],[-74.147338999999988,4.5502060000000597],[-74.147480999999971,4.5500250000000619],[-74.147538999999938,4.5499530000000732],[-74.147562999999934,4.5499030000000289],[-74.147577999999953,4.5498530000000414],[-74.147585999999933,4.5498020000000565],[-74.147582999999941,4.5497180000000412],[-74.147571999999968,4.5495920000000751],[-74.147566999999981,4.5495400000000359],[-74.147575999999958,4.5494020000000432],[-74.147566999999981,4.5492450000000417],[-74.147583999999938,4.5491180000000213],[-74.147598999999957,4.5489900000000603],[-74.147612999999978,4.5489610000000766],[-74.147646999999949,4.5486560000000509],[-74.147694999999942,4.5484130000000391],[-74.147799999999961,4.5480420000000663],[-74.147819999999967,4.5479790000000548],[-74.147847999999954,4.5478690000000483],[-74.14787199999995,4.5475520000000529],[-74.147943999999939,4.5473120000000335],[-74.148017999999979,4.5472370000000524],[-74.148057999999935,4.5470180000000369],[-74.148067999999967,4.5469320000000266],[-74.14808499999998,4.5465630000000488],[-74.148098999999945,4.54649100000006],[-74.148216999999988,4.5463420000000383],[-74.148527999999942,4.5459390000000326],[-74.148584999999969,4.5458690000000388],[-74.148675999999966,4.5457460000000651],[-74.148709999999937,4.5457040000000575],[-74.148800999999935,4.5455960000000459],[-74.148862999999949,4.5455160000000205],[-74.148934999999938,4.5454310000000646],[-74.148964999999976,4.5453960000000393],[-74.149031999999977,4.5453010000000518],[-74.149065999999948,4.5452500000000668],[-74.149405999999942,4.5450280000000589],[-74.149567999999988,4.5448100000000409],[-74.14961999999997,4.544708000000071],[-74.149648999999954,4.5445930000000203],[-74.149706999999978,4.5444330000000264],[-74.149746999999934,4.5443590000000427],[-74.149845999999968,4.5442120000000727],[-74.150077999999951,4.5440360000000624],[-74.150107999999989,4.5440070000000219],[-74.15013399999998,4.5438500000000204],[-74.150125999999943,4.5437050000000454],[-74.150101999999947,4.5434980000000564],[-74.150091999999972,4.5434170000000336],[-74.150069999999971,4.5431980000000749],[-74.150062999999989,4.5431160000000546],[-74.150033999999948,4.5430040000000531],[-74.14995799999997,4.5427830000000426],[-74.149951999999985,4.5427500000000691],[-74.149929999999983,4.5427060000000665],[-74.149919999999952,4.542679000000021],[-74.149910999999975,4.542598000000055],[-74.149906999999985,4.5425450000000751],[-74.149904999999933,4.5424950000000308],[-74.149902999999938,4.542344000000071],[-74.149889999999971,4.5423100000000431],[-74.149870999999962,4.5422830000000545],[-74.149838999999986,4.5422520000000759],[-74.149777999999969,4.5421970000000442],[-74.149736999999959,4.5421590000000265],[-74.149697999999944,4.5421150000000239],[-74.149656999999934,4.5420590000000516],[-74.149584999999945,4.541966000000059],[-74.149523999999985,4.541872000000069],[-74.149485999999968,4.5418110000000524],[-74.149418999999966,4.541686000000027],[-74.149407999999937,4.541637000000037],[-74.149370999999974,4.5414690000000633],[-74.14930099999998,4.5412330000000338],[-74.149167999999975,4.5410530000000335],[-74.148834999999963,4.5406640000000493],[-74.148743999999965,4.5406060000000252],[-74.148521999999957,4.5404680000000326],[-74.148453999999958,4.5404270000000224],[-74.148028999999951,4.540155000000027],[-74.14897499999995,4.5389580000000365],[-74.149012999999968,4.538908000000049],[-74.148931999999945,4.5387710000000538],[-74.148878999999965,4.5387200000000689],[-74.148722999999961,4.5384990000000585],[-74.148539999999969,4.5382240000000706],[-74.148513999999977,4.5381990000000201],[-74.148478999999952,4.5381420000000503],[-74.148359999999968,4.5379330000000664],[-74.148279999999943,4.5377880000000346],[-74.148259999999937,4.5377270000000749],[-74.148221999999976,4.5376200000000608],[-74.14819099999994,4.537537000000043],[-74.148104999999987,4.5373110000000452],[-74.148052999999948,4.5371650000000727],[-74.147923999999989,4.5369420000000673],[-74.147837999999979,4.5368700000000217],[-74.147283999999956,4.5362460000000624],[-74.147193999999956,4.536215000000027],[-74.147196999999949,4.5359540000000607],[-74.147186999999974,4.5357910000000743],[-74.147181999999987,4.5355500000000575],[-74.147164999999973,4.5353460000000609],[-74.147153999999944,4.5349920000000452],[-74.147135999999989,4.5345400000000495],[-74.147152999999946,4.5342570000000251],[-74.147190999999964,4.5339750000000549],[-74.147202999999934,4.5337240000000634],[-74.147198999999944,4.5336560000000645],[-74.146733999999981,4.5331780000000208],[-74.146672999999964,4.5330720000000611],[-74.146631999999954,4.532952000000023],[-74.146611999999948,4.5328500000000531],[-74.146591999999941,4.532743000000039]]},"properties":{"OBJECTID":49,"OBJECTID_1":226,"RSPNRUTA":"ZP-P47-2","RSPCDEFINI":"ZP-P47","RSPDISTANC":19.319969180000001,"RSPDENOMIN":"ARABIA - SAN DIEGO CENTRO","RSPTRUTA":"PROVISIONAL","RSPORIGEN":"CIUDAD BOLIVAR","RSPDESTINO":"NEUTRA","RSPIRUTA":314,"SHAPELEN":18599.593445650302,"Shape_Length":0.052064513274899402}},{"type":"Feature","id":50,"geometry":{"type":"LineString","coordinates":[[-74.147892260999981,4.5887687670000332],[-74.148288999999977,4.5886390000000574],[-74.148770999999954,4.5884370000000558],[-74.149273999999934,4.5882130000000529],[-74.149738999999954,4.5880290000000628],[-74.149780999999962,4.5880120000000488],[-74.149793999999986,4.588006000000064],[-74.149805999999955,4.5880000000000223],[-74.149817999999982,4.58799300000004],[-74.149831999999947,4.5879850000000602],[-74.14985299999995,4.5879750000000286],[-74.149883999999986,4.5879390000000626],[-74.149896999999953,4.5879230000000462],[-74.149903999999935,4.5879140000000689],[-74.149909999999977,4.5879060000000322],[-74.149916999999959,4.5878960000000575],[-74.149925999999937,4.5878810000000385],[-74.149938999999961,4.5878590000000372],[-74.150025999999968,4.5880080000000589],[-74.150298999999961,4.588292000000024],[-74.150455999999963,4.5884140000000571],[-74.150583999999981,4.5885530000000472],[-74.150781999999936,4.5887820000000374],[-74.150922999999977,4.5888990000000263],[-74.150985999999989,4.5889360000000465],[-74.151302999999984,4.5891500000000747],[-74.151339999999948,4.5891880000000356],[-74.151363999999944,4.5892410000000723],[-74.151382999999953,4.5894720000000575],[-74.15143999999998,4.5901420000000712],[-74.151492999999959,4.590246000000036],[-74.15176699999995,4.5900420000000395],[-74.151843999999983,4.5899840000000722],[-74.152568999999971,4.5894540000000461],[-74.15329399999996,4.5889120000000503],[-74.154020999999943,4.5883920000000558],[-74.15468199999998,4.5878860000000259],[-74.155088999999975,4.5879560000000765],[-74.156821999999977,4.5873150000000464],[-74.157211999999959,4.5885200000000737],[-74.157375999999942,4.5889670000000251],[-74.157422999999937,4.5892280000000483],[-74.157373999999948,4.5893210000000408],[-74.157922999999982,4.5892210000000659],[-74.158763999999962,4.5889420000000314],[-74.158487999999977,4.5881210000000578],[-74.158542999999952,4.5880300000000602],[-74.158582999999965,4.588006000000064],[-74.159237999999959,4.5877910000000384],[-74.159277999999972,4.5877720000000295],[-74.159680999999978,4.5876590000000306],[-74.159737999999948,4.5876590000000306],[-74.159823999999958,4.5876730000000521],[-74.159885999999972,4.5877270000000294],[-74.159933999999964,4.5878310000000511],[-74.160164999999949,4.5884840000000509],[-74.160218999999984,4.5886460000000397],[-74.160337999999967,4.5890050000000429],[-74.160356999999976,4.5890640000000644],[-74.16038599999996,4.5894820000000323],[-74.160410999999954,4.5896800000000439],[-74.160443999999984,4.5899980000000369],[-74.160523999999953,4.5900360000000546],[-74.161158999999941,4.5899780000000305],[-74.161223999999947,4.5899340000000279],[-74.161387999999988,4.5899260000000481],[-74.161377999999957,4.5897930000000429],[-74.161339999999939,4.5895060000000285],[-74.162170999999944,4.5892810000000281],[-74.163087999999959,4.5889960000000656],[-74.164311999999939,4.5886200000000485],[-74.165089999999964,4.5883790000000317],[-74.165262999999982,4.588322000000062],[-74.165316999999959,4.5883030000000531],[-74.166282999999964,4.5880120000000488],[-74.167028999999957,4.587784000000056],[-74.167085999999983,4.5877680000000396],[-74.167134999999973,4.5879010000000449],[-74.167173999999989,4.5880350000000476],[-74.167214999999942,4.5881760000000327],[-74.167251999999962,4.5883130000000278],[-74.167275999999958,4.5884080000000722],[-74.167307999999935,4.5888440000000514],[-74.167308999999989,4.5889740000000643],[-74.167308999999989,4.5890490000000455],[-74.167303999999945,4.5894940000000588],[-74.16730599999994,4.5895920000000388],[-74.16730599999994,4.589665000000025],[-74.167437999999947,4.5896640000000275],[-74.167484999999942,4.5896640000000275],[-74.167626999999982,4.589665000000025],[-74.167825999999934,4.5896660000000224],[-74.167898999999977,4.5896660000000224],[-74.168239999999969,4.5896670000000199],[-74.168972999999937,4.5896670000000199],[-74.169037999999944,4.5896620000000325],[-74.170428999999956,4.5896660000000224],[-74.170935999999983,4.5896680000000742],[-74.171221999999943,4.5896680000000742],[-74.171519999999987,4.5896700000000692],[-74.171762999999942,4.5896730000000616],[-74.172038999999984,4.5896720000000641],[-74.172399999999982,4.5896800000000439],[-74.172474999999963,4.589678000000049],[-74.173334999999952,4.5896840000000338],[-74.173176999999953,4.5899650000000634],[-74.173005999999987,4.5902360000000613],[-74.172841999999946,4.5905030000000693],[-74.172683999999947,4.5907710000000748],[-74.172681999999952,4.590780000000052],[-74.172523999999953,4.591034000000036],[-74.172423999999978,4.5911950000000274],[-74.172339999999963,4.5913310000000251],[-74.172162999999955,4.5916060000000698],[-74.172024999999962,4.5917910000000575],[-74.172014999999988,4.5918590000000563],[-74.172587999999962,4.5919420000000741],[-74.17267499999997,4.5919080000000463],[-74.172640999999942,4.591948000000059],[-74.172606999999971,4.5921500000000606],[-74.172599999999989,4.5922030000000404],[-74.172610999999961,4.5924780000000283],[-74.172613999999953,4.5927460000000337],[-74.172604999999976,4.5930180000000291],[-74.172609999999963,4.5933050000000435],[-74.172615999999948,4.5936630000000491],[-74.172619999999938,4.5939390000000344],[-74.172617999999943,4.5941240000000221],[-74.172671999999977,4.5941730000000689],[-74.173041999999953,4.5942210000000614],[-74.173308999999961,4.5942690000000539],[-74.173575999999969,4.5943250000000262],[-74.173850999999956,4.5943810000000553],[-74.174119999999959,4.5944360000000302],[-74.17451699999998,4.5945140000000606],[-74.174775999999952,4.5945670000000405],[-74.175045999999952,4.5946230000000696],[-74.175329999999974,4.5946830000000318]]},"properties":{"OBJECTID":50,"OBJECTID_1":235,"RSPNRUTA":"ZP-84B-2","RSPCDEFINI":"ZP-84B","RSPDISTANC":19.575639720000002,"RSPDENOMIN":"GALICIA-CENTRO","RSPTRUTA":"PROVISIONAL","RSPORIGEN":"PERDOMO","RSPDESTINO":"NEUTRA","RSPIRUTA":323,"SHAPELEN":18850.3312738491,"Shape_Length":0.043416842567670338}},{"type":"Feature","id":51,"geometry":{"type":"LineString","coordinates":[[-74.146574999999984,4.5320570000000657],[-74.146551999999986,4.5325150000000463],[-74.146591999999941,4.532743000000039],[-74.146611999999948,4.5328500000000531],[-74.146631999999954,4.532952000000023],[-74.146672999999964,4.5330720000000611],[-74.146733999999981,4.5331780000000208],[-74.147198999999944,4.5336560000000645],[-74.147202999999934,4.5337240000000634],[-74.147190999999964,4.5339750000000549],[-74.147152999999946,4.5342570000000251],[-74.147135999999989,4.5345400000000495],[-74.147153999999944,4.5349920000000452],[-74.147164999999973,4.5353460000000609],[-74.147181999999987,4.5355500000000575],[-74.147186999999974,4.5357910000000743],[-74.147196999999949,4.5359540000000607],[-74.147193999999956,4.536215000000027],[-74.147283999999956,4.5362460000000624],[-74.147837999999979,4.5368700000000217],[-74.147923999999989,4.5369420000000673],[-74.148052999999948,4.5371650000000727],[-74.148104999999987,4.5373110000000452],[-74.14819099999994,4.537537000000043],[-74.148221999999976,4.5376200000000608],[-74.148259999999937,4.5377270000000749],[-74.148279999999943,4.5377880000000346],[-74.148359999999968,4.5379330000000664],[-74.148478999999952,4.5381420000000503],[-74.148513999999977,4.5381990000000201],[-74.148539999999969,4.5382240000000706],[-74.148722999999961,4.5384990000000585],[-74.148878999999965,4.5387200000000689],[-74.148931999999945,4.5387710000000538],[-74.149012999999968,4.538908000000049],[-74.14897499999995,4.5389580000000365],[-74.148028999999951,4.540155000000027],[-74.147940999999946,4.5400200000000268],[-74.147911999999963,4.5399710000000368],[-74.14787199999995,4.539918000000057],[-74.147849999999949,4.5399000000000456],[-74.147597999999959,4.5397550000000706],[-74.147321999999974,4.5395980000000691],[-74.147273999999982,4.5395830000000501],[-74.146934999999985,4.5394490000000474],[-74.146627999999964,4.5393490000000725],[-74.146539999999959,4.5393170000000396],[-74.146461999999985,4.5392880000000559],[-74.146326999999985,4.5392440000000533],[-74.145994999999971,4.5391390000000342],[-74.146140999999943,4.5396870000000717],[-74.146183999999948,4.5398440000000733],[-74.14624699999996,4.5399380000000633],[-74.146445999999969,4.5401220000000535],[-74.146631999999954,4.5402570000000537],[-74.146518999999955,4.5406130000000644],[-74.146477999999945,4.5410340000000247],[-74.146483999999987,4.541067000000055],[-74.146507999999983,4.5411400000000413],[-74.146575999999982,4.5412600000000225],[-74.146573999999987,4.5413540000000694],[-74.146542999999951,4.5415850000000546],[-74.146509999999978,4.5416610000000333],[-74.146505999999988,4.5420460000000276],[-74.146462999999983,4.542047000000025],[-74.146075999999937,4.5420910000000276],[-74.14578199999994,4.5421060000000466],[-74.145718999999985,4.5421220000000631],[-74.145629999999983,4.5421450000000618],[-74.145284999999944,4.5421950000000493],[-74.144590999999934,4.5423030000000608],[-74.144543999999939,4.542314000000033],[-74.144253999999989,4.5423190000000204],[-74.144204999999943,4.5426860000000602],[-74.144137999999941,4.5428170000000705],[-74.144112999999948,4.5429040000000214],[-74.144093999999939,4.5432790000000409],[-74.144088999999951,4.5435870000000591],[-74.144082999999966,4.5439890000000673],[-74.144073999999989,4.5440420000000472],[-74.144015999999965,4.544052000000022],[-74.143774999999948,4.5440470000000346],[-74.143724999999961,4.5440540000000738],[-74.143682999999953,4.5440570000000662],[-74.143639999999948,4.544063000000051],[-74.143612999999959,4.5440720000000283],[-74.143543999999963,4.5440960000000246],[-74.14346299999994,4.5441500000000588],[-74.143480999999952,4.544234000000074],[-74.143560999999977,4.5445670000000291],[-74.143480999999952,4.5445760000000632],[-74.143152999999984,4.5446190000000684],[-74.143100999999945,4.5446250000000532],[-74.142587999999989,4.5446920000000546],[-74.142542999999989,4.5446960000000445],[-74.142474999999934,4.5447010000000319],[-74.142432999999983,4.544710000000066],[-74.142348999999967,4.5447620000000484],[-74.14231499999994,4.5448080000000459],[-74.141916999999978,4.545263000000034],[-74.141929999999945,4.5456040000000257],[-74.141941999999972,4.5457350000000361],[-74.141887999999938,4.546066000000053],[-74.141847999999982,4.546318000000042],[-74.141838999999948,4.5464490000000524],[-74.141865999999936,4.5465680000000361],[-74.141879999999958,4.5466680000000679],[-74.141926999999953,4.5469780000000242],[-74.141994999999952,4.5474470000000338],[-74.142065999999943,4.5479060000000686],[-74.14201799999995,4.5479160000000434],[-74.141547999999943,4.5480170000000726],[-74.141556999999978,4.5480650000000651],[-74.141621999999984,4.5484820000000354],[-74.141627999999969,4.5485270000000355],[-74.14169499999997,4.5489490000000501],[-74.14175199999994,4.5493570000000432],[-74.141766999999959,4.5494060000000331],[-74.141781999999978,4.5494530000000282],[-74.141838999999948,4.5497790000000577],[-74.141805999999974,4.5498410000000717],[-74.141718999999966,4.5498580000000288],[-74.141206999999952,4.5500340000000392],[-74.141163999999947,4.5500540000000456],[-74.140530999999953,4.5502880000000232],[-74.140321999999969,4.5503630000000612],[-74.140319999999974,4.5505530000000363],[-74.140317999999979,4.5508500000000254],[-74.140319999999974,4.5509740000000534],[-74.140320999999972,4.5512820000000715],[-74.140319999999974,4.5514030000000503],[-74.140322999999967,4.5517140000000609],[-74.140329999999949,4.5518120000000408],[-74.140329999999949,4.5521500000000401],[-74.140307999999948,4.552579000000037],[-74.140299999999968,4.552944000000025],[-74.140290999999934,4.5531330000000594],[-74.140303999999958,4.5533700000000294],[-74.14029899999997,4.5534200000000737],[-74.140331999999944,4.5537080000000287],[-74.140313999999989,4.5537440000000515],[-74.140132999999935,4.5538680000000227],[-74.139940999999965,4.5539870000000633],[-74.139927999999941,4.5540050000000747],[-74.139882999999941,4.5540300000000684],[-74.139786999999956,4.5540700000000243],[-74.139548999999988,4.554172000000051],[-74.139493999999956,4.5541870000000699],[-74.139457999999934,4.5542020000000321],[-74.139106999999967,4.5543140000000335],[-74.138683999999955,4.5544510000000287],[-74.138377999999989,4.5545500000000629],[-74.138253999999961,4.5547070000000645],[-74.138015999999936,4.555054000000041],[-74.137994999999989,4.5550660000000676],[-74.137951999999984,4.5550820000000272],[-74.137925999999936,4.5550840000000221],[-74.137904999999989,4.5550860000000739],[-74.137875999999949,4.5550790000000347],[-74.137855999999942,4.5550610000000233],[-74.137833999999941,4.5550400000000764],[-74.137877999999944,4.555165000000045],[-74.137833999999941,4.5550400000000764],[-74.137651999999946,4.5545170000000326],[-74.137429999999938,4.5538800000000492],[-74.137306999999964,4.5535160000000587],[-74.137266999999952,4.5535280000000284],[-74.137225999999941,4.5535280000000284],[-74.137185999999986,4.5535160000000587],[-74.137141999999983,4.5535170000000562],[-74.137100999999973,4.5535310000000209],[-74.13706899999994,4.5535560000000714],[-74.137045999999941,4.5535880000000475],[-74.137002999999936,4.5536100000000488],[-74.136957999999936,4.5536240000000703],[-74.137088999999946,4.5539780000000292],[-74.137243999999953,4.5544410000000539],[-74.137523999999985,4.5552350000000388],[-74.13770599999998,4.5557750000000397],[-74.137810999999942,4.5560850000000528],[-74.137841999999978,4.5561760000000504],[-74.137980999999968,4.5565800000000536],[-74.138053999999954,4.5567970000000741],[-74.138145999999949,4.5570620000000304],[-74.138216999999941,4.5572600000000421],[-74.138455999999962,4.5579490000000646],[-74.138856999999973,4.5590970000000652],[-74.138939999999934,4.5594190000000481],[-74.138980999999944,4.5596710000000371],[-74.138994999999966,4.5597960000000626],[-74.138998999999956,4.559955000000059],[-74.139000999999951,4.560115000000053],[-74.138999999999953,4.5602870000000735],[-74.138973999999962,4.5604970000000549],[-74.138923999999975,4.5608470000000239],[-74.138900999999976,4.5609790000000316],[-74.138898999999981,4.5609910000000582],[-74.138856999999973,4.561281000000065],[-74.138815999999963,4.5615430000000288],[-74.13877599999995,4.5618160000000216],[-74.138739999999984,4.5620870000000764],[-74.138697999999977,4.5623490000000402],[-74.138686999999948,4.562430000000063],[-74.138672999999983,4.5625480000000493],[-74.138663999999949,4.5626290000000722],[-74.138629999999978,4.5628350000000637],[-74.138611999999966,4.5629460000000677],[-74.138566999999966,4.5632270000000403],[-74.138523999999961,4.563474000000042],[-74.138475999999969,4.5637980000000766],[-74.13844899999998,4.5639890000000491],[-74.138441999999941,4.5640330000000517],[-74.138205999999968,4.5656070000000568],[-74.138156999999978,4.565998000000036],[-74.138104999999939,4.5663190000000213],[-74.138090999999974,4.5664110000000733],[-74.138078999999948,4.5664960000000292],[-74.138068999999973,4.566579000000047],[-74.138055999999949,4.5666660000000547],[-74.138042999999982,4.5667650000000322],[-74.138025999999968,4.5668730000000437],[-74.138024999999971,4.566895000000045],[-74.138024999999971,4.5670770000000402],[-74.138024999999971,4.5671370000000593],[-74.138025999999968,4.5673240000000419],[-74.138033999999948,4.5674530000000573],[-74.13803699999994,4.5675040000000422],[-74.138045999999974,4.5676460000000247],[-74.138049999999964,4.5677260000000501],[-74.138064999999983,4.567841000000044],[-74.138093999999967,4.5680080000000203],[-74.138107999999988,4.5680830000000583],[-74.138127999999938,4.5681860000000256],[-74.138146999999947,4.5682730000000333],[-74.138185999999962,4.5684320000000298],[-74.138240999999937,4.5686360000000263],[-74.138259999999946,4.5686950000000479],[-74.138281999999947,4.5687600000000543],[-74.138299999999958,4.5688200000000734],[-74.138323999999955,4.5689020000000369],[-74.138379999999984,4.5691050000000359],[-74.138495999999975,4.5696150000000557],[-74.138508999999942,4.5696570000000634],[-74.138523999999961,4.5697700000000623],[-74.138735999999938,4.5706230000000687],[-74.139214999999979,4.5724200000000224],[-74.139247999999952,4.572573000000034],[-74.139126241999975,4.5728715980000629]]},"properties":{"OBJECTID":51,"OBJECTID_1":48,"RSPNRUTA":"ZP-728-1","RSPCDEFINI":"ZP-728","RSPDISTANC":37.383468630000003,"RSPDENOMIN":"PARAISO ARABIA - MARANTA","RSPTRUTA":"PROVISIONAL","RSPORIGEN":"CIUDAD BOLIVAR","RSPDESTINO":"USAQUEN","RSPIRUTA":88,"SHAPELEN":37684.609535665899,"Shape_Length":0.056818712980660852}},{"type":"Feature","id":52,"geometry":{"type":"MultiLineString","coordinates":[[[-74.147892260999981,4.5887687670000332],[-74.148288999999977,4.5886390000000574],[-74.148770999999954,4.5884370000000558],[-74.149273999999934,4.5882130000000529],[-74.149738999999954,4.5880290000000628],[-74.149780999999962,4.5880120000000488],[-74.149793999999986,4.588006000000064],[-74.149805999999955,4.5880000000000223],[-74.149817999999982,4.58799300000004],[-74.149831999999947,4.5879850000000602],[-74.14985299999995,4.5879750000000286],[-74.149883999999986,4.5879390000000626],[-74.149896999999953,4.5879230000000462],[-74.149903999999935,4.5879140000000689],[-74.149909999999977,4.5879060000000322],[-74.149916999999959,4.5878960000000575],[-74.149925999999937,4.5878810000000385],[-74.149938999999961,4.5878590000000372],[-74.150025999999968,4.5880080000000589],[-74.150298999999961,4.588292000000024],[-74.150455999999963,4.5884140000000571],[-74.150583999999981,4.5885530000000472],[-74.150781999999936,4.5887820000000374],[-74.150922999999977,4.5888990000000263],[-74.150985999999989,4.5889360000000465],[-74.151302999999984,4.5891500000000747],[-74.151339999999948,4.5891880000000356],[-74.151363999999944,4.5892410000000723],[-74.151382999999953,4.5894720000000575],[-74.15143999999998,4.5901420000000712],[-74.151492999999959,4.590246000000036],[-74.15176699999995,4.5900420000000395],[-74.151843999999983,4.5899840000000722],[-74.152568999999971,4.5894540000000461],[-74.15329399999996,4.5889120000000503],[-74.153470999999968,4.5891790000000583],[-74.153651999999965,4.5894050000000561],[-74.153817999999944,4.5896500000000628],[-74.153981999999985,4.5898600000000442],[-74.154154999999946,4.5900960000000737],[-74.154509999999959,4.5905600000000391],[-74.154805999999951,4.59095300000007]],[[-74.154805999999951,4.59095300000007],[-74.154509999999959,4.5905600000000391],[-74.154154999999946,4.5900960000000737],[-74.153981999999985,4.5898600000000442],[-74.153817999999944,4.5896500000000628],[-74.153651999999965,4.5894050000000561],[-74.153470999999968,4.5891790000000583],[-74.15329399999996,4.5889120000000503],[-74.152568999999971,4.5894540000000461],[-74.151843999999983,4.5899840000000722],[-74.15176699999995,4.5900420000000395],[-74.151492999999959,4.590246000000036],[-74.15143999999998,4.5901420000000712],[-74.151382999999953,4.5894720000000575],[-74.151363999999944,4.5892410000000723],[-74.151339999999948,4.5891880000000356],[-74.151302999999984,4.5891500000000747],[-74.150985999999989,4.5889360000000465],[-74.150922999999977,4.5888990000000263],[-74.150781999999936,4.5887820000000374],[-74.150583999999981,4.5885530000000472],[-74.150455999999963,4.5884140000000571],[-74.150298999999961,4.588292000000024],[-74.150025999999968,4.5880080000000589],[-74.149938999999961,4.5878590000000372],[-74.149925999999937,4.5878810000000385],[-74.149916999999959,4.5878960000000575],[-74.149909999999977,4.5879060000000322],[-74.149903999999935,4.5879140000000689],[-74.149896999999953,4.5879230000000462],[-74.149883999999986,4.5879390000000626],[-74.14985299999995,4.5879750000000286],[-74.149831999999947,4.5879850000000602],[-74.149817999999982,4.58799300000004],[-74.149805999999955,4.5880000000000223],[-74.149793999999986,4.588006000000064],[-74.149780999999962,4.5880120000000488],[-74.149738999999954,4.5880290000000628],[-74.149273999999934,4.5882130000000529],[-74.148770999999954,4.5884370000000558],[-74.148288999999977,4.5886390000000574],[-74.147892260999981,4.5887687670000332]]]},"properties":{"OBJECTID":52,"OBJECTID_1":192,"RSPNRUTA":"ZP-T130-3","RSPCDEFINI":"ZP-T130","RSPDISTANC":35.045440669999998,"RSPDENOMIN":"ISLA DEL SOL - MARLY","RSPTRUTA":"PROVISIONAL","RSPORIGEN":"PERDOMO","RSPDESTINO":"NEUTRA","RSPIRUTA":279,"SHAPELEN":35276.585913376701,"Shape_Length":0.020144253316720998}},{"type":"Feature","id":53,"geometry":{"type":"MultiLineString","coordinates":[[[-74.147035783999968,4.5952021170000421],[-74.147391999999968,4.5952420000000416],[-74.148334999999975,4.5953340000000367],[-74.148814999999956,4.595369000000062],[-74.149894999999958,4.5954990000000748],[-74.150736999999936,4.5955860000000257],[-74.15101599999997,4.595610000000022],[-74.151294999999948,4.5956330000000207],[-74.151568999999938,4.5956620000000612],[-74.151845999999978,4.5956940000000372],[-74.152170999999953,4.5957650000000285],[-74.152402999999936,4.5958520000000362],[-74.152651999999989,4.5959970000000681],[-74.152957999999956,4.5961510000000203],[-74.15319599999998,4.5962750000000483],[-74.153407999999956,4.5963590000000636],[-74.153460999999936,4.5964760000000524],[-74.153578999999979,4.5965930000000412],[-74.153648999999973,4.5967000000000553],[-74.153699999999958,4.5968670000000316],[-74.153843999999935,4.59745300000003],[-74.153968999999961,4.5979650000000447],[-74.154091999999935,4.5984940000000734],[-74.154092999999989,4.5984970000000658],[-74.154206999999985,4.5990260000000376],[-74.154264999999953,4.5992400000000657],[-74.154260999999963,4.5993780000000584],[-74.154340999999988,4.5996170000000234],[-74.154413999999974,4.5997510000000261],[-74.154582999999946,4.5999000000000478],[-74.154758999999956,4.5999650000000543],[-74.154887999999971,4.5999800000000732],[-74.155441999999937,4.5999700000000416],[-74.156309999999962,4.5999400000000605],[-74.156782999999962,4.599926000000039],[-74.157166999999959,4.5999030000000403],[-74.158307999999977,4.599864000000025],[-74.158679999999947,4.5998480000000654],[-74.158863999999937,4.5998380000000338],[-74.158975999999939,4.5998330000000465],[-74.159045999999989,4.599830000000054],[-74.159092595999937,4.5998281360000419]],[[-74.162304178999989,4.5986563520000345],[-74.162305999999944,4.5986090000000672],[-74.162307999999939,4.5984430000000316],[-74.162302999999952,4.5982520000000591],[-74.162294999999972,4.5981100000000765],[-74.162293999999974,4.5980860000000234],[-74.16227699999996,4.5979110000000674],[-74.162272999999971,4.597876000000042],[-74.162236999999948,4.5975520000000643],[-74.162196999999935,4.5972230000000422],[-74.162185999999963,4.597088000000042],[-74.162177999999983,4.5970110000000659],[-74.162170999999944,4.5969310000000405],[-74.162176999999986,4.596851000000072],[-74.162187999999958,4.5967390000000705],[-74.162188999999955,4.5967260000000465],[-74.162193999999943,4.5967000000000553],[-74.162196999999935,4.5966880000000288],[-74.162204999999972,4.596663000000035],[-74.162225999999976,4.5966050000000678],[-74.162278999999955,4.5964670000000751],[-74.162304999999947,4.5963780000000725],[-74.162477999999965,4.5961940000000254],[-74.162537999999984,4.5960390000000757],[-74.162542999999971,4.5959720000000743],[-74.162552999999946,4.5958310000000324],[-74.162554999999941,4.5958060000000387],[-74.162542999999971,4.5957200000000284],[-74.162538999999981,4.5956840000000625],[-74.162513999999987,4.5956110000000763],[-74.162486999999942,4.5955310000000509],[-74.162447999999983,4.5954960000000256],[-74.162422999999933,4.5954250000000343],[-74.162360999999976,4.595356000000038],[-74.162324999999953,4.5953250000000594],[-74.162179999999978,4.5951680000000579],[-74.162113999999974,4.5950960000000691],[-74.162075999999956,4.5950420000000349],[-74.162038999999936,4.5949840000000677],[-74.162032999999951,4.5949730000000386],[-74.161979999999971,4.5948630000000321],[-74.161974999999984,4.5948530000000574],[-74.161970999999937,4.5948320000000535],[-74.161942999999951,4.5947400000000584],[-74.161936999999966,4.5947100000000205],[-74.161927999999989,4.5946590000000356],[-74.161922999999945,4.594615000000033],[-74.161925999999937,4.5945440000000417],[-74.161726999999985,4.5930300000000557],[-74.161629999999946,4.5921540000000505],[-74.16158699999994,4.5917180000000712],[-74.16154199999994,4.5912920000000668],[-74.16149699999994,4.5908510000000433],[-74.161490999999955,4.5908090000000357],[-74.161487999999963,4.5907770000000596],[-74.161476999999934,4.5907090000000608],[-74.161485999999968,4.5906960000000367],[-74.161490999999955,4.5906870000000595],[-74.161493999999948,4.5906770000000279],[-74.161494999999945,4.5906680000000506],[-74.161472999999944,4.5904570000000717],[-74.161472999999944,4.5904350000000704],[-74.161467999999957,4.5904140000000666],[-74.161441999999965,4.590139000000022],[-74.16143999999997,4.5901300000000447],[-74.161435999999981,4.5901220000000649],[-74.161431999999934,4.5901140000000282],[-74.161424999999952,4.5901060000000484],[-74.161417999999969,4.5900980000000686],[-74.161404999999945,4.590088000000037],[-74.161387999999988,4.5899260000000481],[-74.161377999999957,4.5897930000000429],[-74.161339999999939,4.5895060000000285],[-74.162170999999944,4.5892810000000281],[-74.163087999999959,4.5889960000000656],[-74.163071999999943,4.5889230000000225],[-74.163088999999957,4.5888540000000262],[-74.163137999999947,4.5886960000000272],[-74.163212999999985,4.5884600000000546],[-74.163233999999989,4.5883910000000583],[-74.163248999999951,4.5883480000000532],[-74.164016999999944,4.5881190000000629],[-74.164158999999984,4.5880850000000351],[-74.165045999999961,4.5878060000000573],[-74.165101999999933,4.587786000000051],[-74.165151999999978,4.5877680000000396],[-74.166185999999982,4.5874600000000214],[-74.166923999999938,4.5872280000000387],[-74.166782999999953,4.5867510000000493],[-74.166763999999944,4.5866930000000252],[-74.166624999999954,4.5862150000000383],[-74.166601999999955,4.5861560000000736],[-74.167513999999983,4.5858780000000365],[-74.167764999999974,4.5858020000000579],[-74.168424999999957,4.5856000000000563],[-74.16826599999996,4.5850670000000378],[-74.168067999999948,4.5845500000000357],[-74.167980999999941,4.5842590000000314],[-74.167902999999967,4.5839740000000688],[-74.167830999999978,4.5836960000000317]]]},"properties":{"OBJECTID":53,"OBJECTID_1":214,"RSPNRUTA":"ZP-491-2","RSPCDEFINI":"ZP-491","RSPDISTANC":30.486820219999998,"RSPDENOMIN":"OLARTE - JULIO FLOREZ","RSPTRUTA":"PROVISIONAL","RSPORIGEN":"BOSA","RSPDESTINO":"SUBA CENTRO","RSPIRUTA":302,"SHAPELEN":29806.2764969899,"Shape_Length":0.035742368324346852}},{"type":"Feature","id":54,"geometry":{"type":"MultiLineString","coordinates":[[[-74.180442999999968,4.5884150000000545],[-74.180609999999945,4.5882640000000379],[-74.18083699999994,4.5880790000000502],[-74.180953999999986,4.5877140000000622],[-74.180912999999975,4.5874200000000656],[-74.180837999999937,4.5872310000000311],[-74.18078799999995,4.5868830000000571],[-74.18073899999996,4.5865700000000516],[-74.180609999999945,4.5857900000000313],[-74.180583999999953,4.5854860000000599],[-74.180574999999976,4.5854420000000573],[-74.18056299999995,4.5851930000000607],[-74.18055499999997,4.5849280000000476],[-74.180540999999948,4.5848480000000222],[-74.180502999999987,4.5845630000000597],[-74.180488999999966,4.584414000000038],[-74.180478999999934,4.584350000000029],[-74.180455999999936,4.5842870000000744],[-74.180403999999953,4.5839790000000562],[-74.180349999999976,4.5837210000000255],[-74.180323999999985,4.5835760000000505],[-74.180299999999988,4.5834260000000313],[-74.180275999999935,4.5832360000000563],[-74.18026999999995,4.5831740000000423],[-74.180227999999943,4.5828970000000595],[-74.180178999999953,4.582580000000064],[-74.180132999999955,4.5822950000000446],[-74.18008999999995,4.5820120000000202],[-74.180047999999942,4.5817360000000349],[-74.180031999999983,4.5814320000000635],[-74.180012999999974,4.581198000000029],[-74.180005999999935,4.581149000000039],[-74.180008999999984,4.580993000000035],[-74.179981999999939,4.5808610000000272],[-74.17999199999997,4.5807330000000661],[-74.179969999999969,4.5805630000000406],[-74.179945999999973,4.5802830000000654],[-74.179925999999966,4.5800610000000574],[-74.179932999999949,4.579985000000022],[-74.179875999999979,4.579697000000067],[-74.179830999999979,4.5794200000000274],[-74.179765999999972,4.5790620000000217],[-74.179750999999953,4.5790000000000646],[-74.179694999999981,4.5787430000000313],[-74.179539999999974,4.578783000000044],[-74.179130999999984,4.5788750000000391],[-74.178850999999952,4.5789390000000481],[-74.178591999999981,4.5789990000000671],[-74.178520999999989,4.5789800000000582],[-74.178273999999988,4.5787270000000717],[-74.178061999999954,4.5784530000000245],[-74.177828999999974,4.5782010000000355],[-74.177757999999983,4.5781220000000644],[-74.177555999999981,4.5778820000000451],[-74.17735399999998,4.5777080000000296],[-74.177189999999939,4.5775780000000736],[-74.176959999999951,4.5774150000000304],[-74.176742999999988,4.5772380000000226],[-74.176514999999938,4.5770730000000412],[-74.176287999999943,4.5769120000000498],[-74.176065999999935,4.5767470000000685],[-74.175901999999951,4.5766300000000228],[-74.175793999999939,4.5765870000000746],[-74.175559999999962,4.5765350000000353],[-74.175325999999984,4.5764930000000277],[-74.175291999999956,4.5764860000000454],[-74.175061999999969,4.5764450000000352],[-74.175012999999979,4.5764360000000579],[-74.174764999999979,4.5763930000000528],[-74.174531999999942,4.5763470000000552],[-74.174501999999961,4.5763360000000262],[-74.174186999999961,4.5762830000000463],[-74.173944999999947,4.5762310000000639],[-74.173672999999951,4.5761880000000588],[-74.173401999999953,4.5761470000000486],[-74.173126999999965,4.576088000000027],[-74.17285099999998,4.5760380000000396],[-74.172576999999933,4.5759880000000521],[-74.172307999999987,4.5759440000000495],[-74.172088999999971,4.5759000000000469],[-74.17202999999995,4.5758890000000747],[-74.171751999999969,4.5758430000000203],[-74.171480999999972,4.5757860000000505],[-74.171440999999959,4.5757820000000606],[-74.171355999999946,4.5757660000000442],[-74.171302999999966,4.5757450000000404],[-74.171235999999965,4.5757110000000694],[-74.171058999999957,4.5756110000000376],[-74.17081799999994,4.5754930000000513],[-74.170524999999941,4.5753940000000739],[-74.170302999999933,4.5753100000000586],[-74.170153999999968,4.5752830000000699],[-74.169907999999964,4.5751400000000331],[-74.169675999999981,4.5750200000000518],[-74.169606999999985,4.574986000000024],[-74.169475999999975,4.5749210000000744],[-74.169195999999943,4.574779000000035],[-74.169087999999988,4.5747190000000728],[-74.169031999999959,4.5746820000000525],[-74.169003999999973,4.5746570000000588],[-74.168968999999947,4.5746190000000411],[-74.168934999999976,4.5745660000000612],[-74.168923999999947,4.5745370000000207],[-74.168906999999933,4.5744640000000345],[-74.168902999999943,4.5744380000000433],[-74.168897999999956,4.5744070000000647],[-74.168893999999966,4.5743750000000318],[-74.168893999999966,4.5743340000000217],[-74.168895999999961,4.5742510000000607],[-74.168896999999959,4.5741530000000239],[-74.168893999999966,4.5741240000000403],[-74.168886999999984,4.5740830000000301],[-74.168879999999945,4.5740560000000414],[-74.16886599999998,4.5740140000000338],[-74.168847999999969,4.5739730000000236],[-74.168823999999972,4.5739170000000513],[-74.168764999999951,4.5738880000000677],[-74.168745999999942,4.5738810000000285],[-74.168717999999956,4.5738660000000664],[-74.168675999999948,4.573848000000055],[-74.168621999999971,4.5738340000000335],[-74.168564999999944,4.5738300000000436],[-74.168503999999984,4.5738360000000284],[-74.168461999999977,4.5738450000000626],[-74.168414999999982,4.573863000000074],[-74.168381999999951,4.5738900000000626],[-74.168362999999943,4.5739030000000298],[-74.168352999999968,4.573910000000069],[-74.168336999999951,4.5739250000000311],[-74.168326999999977,4.5739350000000627],[-74.168316999999945,4.5739470000000324],[-74.168299999999988,4.5739700000000312],[-74.168285999999966,4.5739980000000742],[-74.168255999999985,4.5740430000000742],[-74.168241999999964,4.5740730000000553],[-74.168227999999942,4.5741070000000263],[-74.168204999999944,4.5741810000000669],[-74.168203999999946,4.5741990000000214],[-74.168201999999951,4.5742520000000582],[-74.168203999999946,4.5742740000000595],[-74.168221999999957,4.5743420000000583],[-74.168227999999942,4.5743720000000394],[-74.168246999999951,4.5744060000000673],[-74.168284999999969,4.5744480000000749],[-74.168424999999957,4.5745700000000511],[-74.168531999999971,4.574668000000031],[-74.168652999999949,4.5747860000000742],[-74.168702999999937,4.5748490000000288],[-74.168827999999962,4.5750420000000531],[-74.168948999999941,4.5752400000000648],[-74.168999999999983,4.5753200000000334],[-74.169001999999978,4.5753320000000599],[-74.169092999999975,4.5754560000000311],[-74.169221999999934,4.5756620000000225],[-74.169293999999979,4.5757370000000606],[-74.169399999999939,4.5758140000000367],[-74.169493999999986,4.5758460000000696],[-74.169621999999947,4.5759180000000583],[-74.169813999999974,4.5760110000000509],[-74.170057999999983,4.5762280000000715],[-74.170068999999955,4.5762390000000437],[-74.170198999999968,4.5763860000000705],[-74.170358999999962,4.5765440000000694],[-74.170452999999952,4.5766530000000216],[-74.170500999999945,4.576748000000066],[-74.170628999999963,4.5770750000000362],[-74.170761999999968,4.5773710000000278],[-74.170884999999942,4.5774850000000242],[-74.17100499999998,4.5775400000000559],[-74.171083999999951,4.5775760000000218],[-74.171164999999974,4.5776080000000547],[-74.171261999999956,4.577645000000075],[-74.171378999999945,4.5776880000000233],[-74.171467999999948,4.5777330000000234],[-74.171533999999951,4.5777760000000285],[-74.171561999999938,4.5778040000000715],[-74.171598999999958,4.5778590000000463],[-74.171618999999964,4.5779000000000565],[-74.171627999999941,4.5779200000000628],[-74.171636999999976,4.577961000000073],[-74.171641999999963,4.57798200000002],[-74.171643999999958,4.5780330000000617],[-74.171627999999941,4.5781150000000252],[-74.171574999999962,4.5782080000000747],[-74.171519999999987,4.5782720000000268],[-74.171452999999985,4.5783170000000268],[-74.171379999999942,4.5783390000000281],[-74.171333999999945,4.5783410000000231],[-74.171300999999971,4.5783420000000206],[-74.171215999999959,4.5783270000000584],[-74.171166999999969,4.5783020000000647],[-74.17109899999997,4.5782760000000735],[-74.170917999999972,4.578042000000039],[-74.170779999999979,4.5778630000000362],[-74.170648999999969,4.5777180000000612],[-74.17044999999996,4.5776100000000497],[-74.170111999999961,4.5774550000000431],[-74.169853999999987,4.5773320000000695],[-74.16971499999994,4.5772400000000744],[-74.169585999999981,4.5771570000000565],[-74.169423999999935,4.57704700000005],[-74.169157999999982,4.5768750000000296],[-74.16895599999998,4.5767740000000572],[-74.168795999999986,4.5765460000000644],[-74.16895599999998,4.5767740000000572],[-74.169046999999978,4.5768960000000334],[-74.16906199999994,4.5771550000000616],[-74.16906199999994,4.5772840000000201],[-74.169104999999945,4.5773890000000392],[-74.169118999999966,4.5774130000000355],[-74.169201999999984,4.5777320000000259],[-74.169299999999964,4.5778920000000198],[-74.169502999999963,4.5781980000000431],[-74.169666999999947,4.5784450000000447],[-74.169817999999964,4.5786420000000589],[-74.169828999999936,4.5786560000000236],[-74.169937999999945,4.5786980000000312],[-74.170023999999955,4.5786980000000312],[-74.170150999999976,4.5786980000000312],[-74.170212999999933,4.5786900000000514],[-74.17026599999997,4.5786860000000615],[-74.170344999999941,4.5786840000000666],[-74.170395999999982,4.5786820000000716],[-74.170447999999965,4.5786810000000742],[-74.170505999999989,4.5786850000000641],[-74.17054399999995,4.5786920000000464],[-74.170740999999964,4.5787970000000655],[-74.170769999999948,4.5788590000000227],[-74.170806999999968,4.5789370000000531],[-74.170822999999984,4.5790850000000205],[-74.170788999999957,4.5792260000000624],[-74.170673999999963,4.5793700000000399],[-74.170566999999949,4.5794320000000539],[-74.170419999999979,4.579475000000059],[-74.170259999999985,4.5793870000000538],[-74.170200999999963,4.5793370000000664],[-74.170030999999938,4.57922300000007],[-74.169895999999937,4.5791240000000357],[-74.169629999999984,4.5789790000000608],[-74.169436999999959,4.5788950000000455],[-74.169377999999938,4.5788750000000391],[-74.16919299999995,4.5787740000000667],[-74.169107999999937,4.5787460000000237],[-74.169042999999988,4.5787170000000401],[-74.168825999999967,4.5786960000000363],[-74.168631999999945,4.5786780000000249],[-74.16830299999998,4.5786690000000476],[-74.168177999999955,4.5786470000000463],[-74.167889999999943,4.5785240000000726],[-74.167769999999962,4.57843500000007],[-74.167678999999964,4.5781820000000266],[-74.16766199999995,4.5780630000000428],[-74.167639999999949,4.5779320000000325],[-74.167615999999953,4.5777790000000209],[-74.167543999999964,4.5775980000000231],[-74.167294999999967,4.5773740000000203],[-74.167239999999936,4.5773560000000657],[-74.167200999999977,4.5773520000000758],[-74.167169999999942,4.5773580000000607],[-74.167134999999973,4.5773690000000329],[-74.167086999999981,4.5773860000000468],[-74.167029999999954,4.5774370000000317],[-74.166992999999934,4.577487000000076],[-74.166797999999972,4.5779810000000225],[-74.16664499999996,4.5781780000000367],[-74.166435999999976,4.5784080000000245],[-74.166181999999935,4.5786750000000325],[-74.166033999999968,4.5788590000000227],[-74.165974999999946,4.5789650000000393],[-74.165895999999975,4.5791970000000219],[-74.165450999999962,4.5814830000000484],[-74.165336999999965,4.5818830000000617],[-74.165168999999935,4.5823460000000296],[-74.165050999999949,4.5826280000000565],[-74.164846999999952,4.5830810000000497],[-74.164765999999986,4.5832110000000625],[-74.164663999999959,4.5833270000000539],[-74.164571999999964,4.5834210000000439],[-74.164444999999944,4.5835210000000757],[-74.164335999999935,4.5835860000000253],[-74.164079999999956,4.583701000000076],[-74.16386099999994,4.5837920000000736],[-74.163629999999955,4.583891000000051],[-74.163468999999964,4.5839450000000284],[-74.163369999999986,4.5839510000000701],[-74.163275999999939,4.583940000000041],[-74.163170999999977,4.583904000000075],[-74.163093999999944,4.5838460000000509],[-74.163035999999977,4.5837650000000281],[-74.163016999999968,4.5836790000000747],[-74.163018999999963,4.5835270000000605],[-74.163066999999955,4.582849000000067],[-74.163037999999972,4.5825580000000627],[-74.162976999999955,4.5823900000000322],[-74.162887999999953,4.5822300000000382],[-74.162772999999959,4.5820910000000481],[-74.162646999999936,4.5819760000000542],[-74.162533999999937,4.5819060000000604],[-74.162303999999949,4.5818040000000337],[-74.161710999999968,4.5815190000000712],[-74.161515999999949,4.5813660000000596],[-74.161334999999951,4.5811500000000365],[-74.160915999999986,4.5804360000000202],[-74.160828999999978,4.580312000000049],[-74.160731999999939,4.5802170000000615],[-74.16065999999995,4.5801600000000349],[-74.160450999999966,4.5800410000000511],[-74.160368999999946,4.5800140000000624],[-74.160206999999957,4.5799840000000245],[-74.160109999999975,4.5799820000000295],[-74.160023999999964,4.5799940000000561],[-74.159949999999981,4.5800020000000359],[-74.159843999999964,4.5800130000000649],[-74.159753999999964,4.5800320000000738],[-74.158439999999985,4.5802590000000691],[-74.157945999999981,4.5803550000000541],[-74.157761999999934,4.5803880000000277],[-74.157745999999975,4.5803910000000201],[-74.157661999999959,4.5804050000000416],[-74.15760199999994,4.5804160000000707],[-74.157538999999986,4.5804250000000479],[-74.157476999999972,4.5804360000000202],[-74.157322999999963,4.5804560000000265],[-74.157252999999969,4.5804640000000632],[-74.156786999999952,4.5805440000000317],[-74.155371999999943,4.580786000000046],[-74.153727999999944,4.5810610000000338],[-74.153371999999933,4.5810810000000401],[-74.15301999999997,4.581068000000073],[-74.152931999999964,4.5810550000000489],[-74.152790999999979,4.5810350000000426],[-74.152729999999963,4.5810250000000678],[-74.152686999999958,4.5810160000000337],[-74.152565999999979,4.5809920000000375],[-74.152500999999972,4.580976000000021],[-74.152434999999969,4.580959000000064],[-74.152358999999933,4.5809370000000627],[-74.152280999999959,4.5809130000000664],[-74.152179999999987,4.5808790000000386],[-74.15199199999995,4.5808100000000422],[-74.151909999999987,4.5807780000000662],[-74.151882999999941,4.5807660000000396],[-74.151798999999983,4.5807330000000661],[-74.151763999999957,4.5807190000000446],[-74.151718999999957,4.5807030000000282],[-74.151606999999956,4.580660000000023],[-74.151598999999976,4.5806570000000306],[-74.151451999999949,4.5805990000000634],[-74.151266999999962,4.5805290000000696],[-74.151167999999984,4.5804900000000544],[-74.151130999999964,4.5804780000000278],[-74.14961599999998,4.579887000000042],[-74.147986999999944,4.5792270000000599],[-74.147190999999964,4.5789190000000417],[-74.146228999999948,4.5785120000000461],[-74.145726999999965,4.5783380000000307],[-74.145438999999953,4.5782910000000356],[-74.145111999999983,4.578296000000023],[-74.144787999999949,4.5783670000000711],[-74.144614999999988,4.578433000000075],[-74.144464999999968,4.5785110000000486],[-74.144183999999939,4.5787020000000211],[-74.143386999999962,4.5792910000000688],[-74.143348999999944,4.57931700000006],[-74.143265999999983,4.579381000000069],[-74.143206999999961,4.5794260000000691],[-74.143191999999942,4.5794390000000362],[-74.143177999999978,4.5794520000000603],[-74.143166999999949,4.57946400000003],[-74.143073999999956,4.5795480000000452],[-74.143030999999951,4.5795940000000428],[-74.143002999999965,4.5796280000000706],[-74.142928999999981,4.5797350000000279],[-74.142880999999988,4.5798000000000343],[-74.14280599999995,4.5798980000000711],[-74.142794999999978,4.5799120000000357],[-74.142698999999936,4.5800250000000347],[-74.142677037999988,4.5800494020000428]],[[-74.141949755999974,4.5800485380000282],[-74.141970999999955,4.5800400000000536],[-74.142024999999933,4.5800160000000574],[-74.142040717999976,4.5800561070000754]]]},"properties":{"OBJECTID":54,"OBJECTID_1":34,"RSPNRUTA":"ZP-446-2","RSPCDEFINI":"ZP-446","RSPDISTANC":39.138561250000002,"RSPDENOMIN":"SAN ANTONIO NORTE - PERDOMO","RSPTRUTA":"PROVISIONAL","RSPORIGEN":"PERDOMO","RSPDESTINO":"USAQUEN","RSPIRUTA":65,"SHAPELEN":39422.851158334001,"Shape_Length":0.073714085649231237}},{"type":"Feature","id":55,"geometry":{"type":"MultiLineString","coordinates":[[[-74.159422941999935,4.5996916420000389],[-74.159040999999945,4.5997070000000235],[-74.158947999999953,4.5997120000000677],[-74.158835999999951,4.5997170000000551],[-74.15866699999998,4.5997220000000425],[-74.158320999999944,4.5997400000000539],[-74.157156999999984,4.5997750000000224],[-74.156769999999938,4.5997950000000287],[-74.156296999999938,4.5998120000000426],[-74.155441999999937,4.5998420000000237],[-74.154847999999959,4.5998550000000478],[-74.154744999999934,4.5998400000000288],[-74.154650999999944,4.5997940000000312],[-74.154489999999953,4.5996780000000399],[-74.154395999999963,4.5994900000000598],[-74.154321999999979,4.5989810000000375],[-74.154243999999949,4.598728000000051],[-74.154082999999957,4.5978980000000433],[-74.154015999999956,4.5975700000000757],[-74.153981999999985,4.5974700000000439],[-74.153847999999982,4.5972150000000624],[-74.153780999999981,4.5969410000000721],[-74.153740999999968,4.5966660000000275],[-74.15366499999999,4.5964230000000725],[-74.15366499999999,4.5963880000000472],[-74.15366199999994,4.5963440000000446],[-74.153659999999945,4.5963360000000648],[-74.153630999999962,4.5962310000000457],[-74.153627999999969,4.5961770000000683],[-74.153642999999988,4.5961130000000594],[-74.152462999999955,4.5957000000000221],[-74.152223999999933,4.5956110000000763],[-74.151847999999973,4.595512000000042],[-74.151577999999972,4.5954810000000634],[-74.151536999999962,4.5954740000000243],[-74.15129799999994,4.5954480000000331],[-74.15101999999996,4.595416000000057],[-74.150740999999982,4.5953830000000266],[-74.149920999999949,4.5952910000000315],[-74.148871999999983,4.5951680000000579],[-74.148364999999956,4.5950940000000742],[-74.147423999999944,4.5949740000000361],[-74.14730499999996,4.5949600000000714],[-74.147202999999934,4.5949470000000474],[-74.14710486599995,4.5949362460000316]],[[-74.167830999999978,4.5836960000000317],[-74.167902999999967,4.5839740000000688],[-74.167980999999941,4.5842590000000314],[-74.168067999999948,4.5845500000000357],[-74.16826599999996,4.5850670000000378],[-74.168424999999957,4.5856000000000563],[-74.167764999999974,4.5858020000000579],[-74.167513999999983,4.5858780000000365],[-74.166601999999955,4.5861560000000736],[-74.166624999999954,4.5862150000000383],[-74.166763999999944,4.5866930000000252],[-74.166782999999953,4.5867510000000493],[-74.166923999999938,4.5872280000000387],[-74.166938999999957,4.5872810000000754],[-74.167085999999983,4.5877680000000396],[-74.167134999999973,4.5879010000000449],[-74.167173999999989,4.5880350000000476],[-74.167214999999942,4.5881760000000327],[-74.167251999999962,4.5883130000000278],[-74.167275999999958,4.5884080000000722],[-74.167307999999935,4.5888440000000514],[-74.167308999999989,4.5889740000000643],[-74.167308999999989,4.5890490000000455],[-74.167303999999945,4.5894940000000588],[-74.16730599999994,4.5895920000000388],[-74.16730599999994,4.589665000000025],[-74.16730599999994,4.5897150000000693],[-74.167304999999942,4.5903960000000552],[-74.167303999999945,4.5904470000000401],[-74.167302999999947,4.5911240000000362],[-74.167303999999945,4.5912820000000352],[-74.167299999999955,4.5916090000000622],[-74.167294999999967,4.5928820000000314],[-74.16728999999998,4.594156000000055],[-74.167270999999971,4.5956390000000624],[-74.166519999999934,4.5956240000000435],[-74.165618999999936,4.5956350000000725],[-74.165092999999956,4.5955960000000573],[-74.164947999999981,4.5955720000000611],[-74.164940999999942,4.5955730000000585],[-74.164938999999947,4.5955720000000611],[-74.164932999999962,4.5955720000000611],[-74.16492999999997,4.5955710000000636],[-74.164923999999985,4.5955720000000611],[-74.164920999999936,4.5955710000000636],[-74.164914999999951,4.5955710000000636],[-74.164912999999956,4.5955710000000636],[-74.164905999999974,4.5955710000000636],[-74.164903999999979,4.5955700000000661],[-74.164896999999939,4.5955710000000636],[-74.164894999999945,4.5955700000000661],[-74.164887999999962,4.5955700000000661],[-74.164885999999967,4.5955700000000661],[-74.164878999999985,4.5955700000000661],[-74.164876999999933,4.5955690000000686],[-74.164869999999951,4.5955700000000661],[-74.164867999999956,4.5955690000000686],[-74.164860999999974,4.5955690000000686],[-74.164858999999979,4.5955690000000686],[-74.164851999999939,4.5955690000000686],[-74.164849999999944,4.5955680000000712],[-74.164842999999962,4.5955690000000686],[-74.164840999999967,4.5955680000000712],[-74.164833999999985,4.5955680000000712],[-74.164831999999933,4.5955680000000712],[-74.164510999999948,4.5955450000000724],[-74.164412999999968,4.5955340000000433],[-74.164003999999977,4.5955330000000458],[-74.162861999999961,4.5955290000000559],[-74.162777999999946,4.5955280000000585],[-74.162628999999981,4.5955080000000521],[-74.162447999999983,4.5954960000000256],[-74.162422999999933,4.5954250000000343],[-74.162360999999976,4.595356000000038],[-74.162324999999953,4.5953250000000594],[-74.162247999999977,4.5952590000000555],[-74.162129999999934,4.5952050000000213],[-74.162039999999934,4.5951810000000251],[-74.161881999999935,4.5951710000000503],[-74.161751999999979,4.5951950000000465],[-74.161649999999952,4.5952530000000706],[-74.161529999999971,4.5953130000000328],[-74.161422999999957,4.5954420000000482],[-74.161354999999958,4.5955600000000345],[-74.161326999999972,4.5956610000000637],[-74.161323999999979,4.5956900000000473],[-74.161315999999943,4.595766000000026],[-74.161324999999977,4.5958800000000224],[-74.161326999999972,4.5959060000000704],[-74.161347999999975,4.5960180000000719],[-74.161371999999972,4.5960810000000265],[-74.161392999999975,4.5961360000000582],[-74.161474999999939,4.596266000000071],[-74.161526999999978,4.5963280000000282],[-74.161570999999981,4.596364000000051],[-74.161675999999943,4.5964350000000422],[-74.161789999999939,4.5965400000000614],[-74.161850999999956,4.5966050000000678],[-74.161899999999946,4.5966600000000426],[-74.161910999999975,4.5966730000000666],[-74.16195799999997,4.5967460000000528],[-74.16196199999996,4.5967540000000326],[-74.161999999999978,4.5968450000000303],[-74.162011999999947,4.5968790000000581],[-74.162025999999969,4.5969310000000405],[-74.162027999999964,4.5969390000000203],[-74.162029999999959,4.5969650000000684],[-74.162090999999975,4.5975120000000516],[-74.162122999999951,4.5977730000000747],[-74.162138999999968,4.5979110000000674],[-74.162143999999955,4.5979560000000674],[-74.162159999999972,4.5981550000000766],[-74.162165999999957,4.5982870000000275],[-74.162169999999946,4.5983950000000391],[-74.162169999999946,4.5985610000000747],[-74.162167999999951,4.5986260000000243],[-74.16216768299995,4.5986810800000626]]]},"properties":{"OBJECTID":55,"OBJECTID_1":35,"RSPNRUTA":"ZP-491-1","RSPCDEFINI":"ZP-491","RSPDISTANC":28.16761017,"RSPDENOMIN":"OLARTE - JULIO FLOREZ","RSPTRUTA":"PROVISIONAL","RSPORIGEN":"BOSA","RSPDESTINO":"SUBA CENTRO","RSPIRUTA":66,"SHAPELEN":28291.382697031302,"Shape_Length":0.038441365149963796}},{"type":"Feature","id":56,"geometry":{"type":"LineString","coordinates":[[-74.147035783999968,4.5952021170000421],[-74.147391999999968,4.5952420000000416],[-74.148334999999975,4.5953340000000367],[-74.148814999999956,4.595369000000062],[-74.149894999999958,4.5954990000000748],[-74.150736999999936,4.5955860000000257],[-74.15101599999997,4.595610000000022],[-74.151294999999948,4.5956330000000207],[-74.151568999999938,4.5956620000000612],[-74.151845999999978,4.5956940000000372],[-74.152170999999953,4.5957650000000285],[-74.152402999999936,4.5958520000000362],[-74.152651999999989,4.5959970000000681],[-74.152957999999956,4.5961510000000203],[-74.15319599999998,4.5962750000000483],[-74.153407999999956,4.5963590000000636],[-74.153460999999936,4.5964760000000524],[-74.153578999999979,4.5965930000000412],[-74.153648999999973,4.5967000000000553],[-74.153699999999958,4.5968670000000316],[-74.153843999999935,4.59745300000003],[-74.153968999999961,4.5979650000000447],[-74.154091999999935,4.5984940000000734],[-74.154092999999989,4.5984970000000658],[-74.154206999999985,4.5990260000000376],[-74.154264999999953,4.5992400000000657],[-74.154260999999963,4.5993780000000584],[-74.154340999999988,4.5996170000000234],[-74.154413999999974,4.5997510000000261],[-74.154582999999946,4.5999000000000478],[-74.154758999999956,4.5999650000000543],[-74.154887999999971,4.5999800000000732],[-74.155441999999937,4.5999700000000416],[-74.156309999999962,4.5999400000000605],[-74.156782999999962,4.599926000000039],[-74.157166999999959,4.5999030000000403],[-74.158307999999977,4.599864000000025],[-74.158679999999947,4.5998480000000654],[-74.158863999999937,4.5998380000000338],[-74.158975999999939,4.5998330000000465],[-74.159045999999989,4.599830000000054],[-74.159092595999937,4.5998281360000419]]},"properties":{"OBJECTID":56,"OBJECTID_1":236,"RSPNRUTA":"ZP-128-2","RSPCDEFINI":"ZP-128","RSPDISTANC":21.101120000000002,"RSPDENOMIN":"OLARTE-SIETE DE AGOSTO","RSPTRUTA":"PROVISIONAL","RSPORIGEN":"BOSA","RSPDESTINO":"NEUTRA","RSPIRUTA":324,"SHAPELEN":20367.744659143002,"Shape_Length":0.01487314847959266}},{"type":"Feature","id":57,"geometry":{"type":"LineString","coordinates":[[-74.138860060999946,4.5734680900000626],[-74.139403999999956,4.5732600000000616],[-74.139490999999964,4.5732270000000312],[-74.139605999999958,4.5731600000000299],[-74.139729999999986,4.5731280000000538],[-74.139600999999971,4.5726080000000593],[-74.139463999999975,4.5720460000000571],[-74.139414999999985,4.5719640000000368],[-74.139354999999966,4.5716980000000262],[-74.139083999999968,4.570523000000037],[-74.138904999999966,4.5697100000000432],[-74.138887999999952,4.5696350000000621],[-74.138867999999945,4.5695530000000417],[-74.138808999999981,4.5693490000000452],[-74.138725999999963,4.5690730000000599],[-74.138557999999989,4.568377000000055],[-74.138521999999966,4.5681950000000597],[-74.138491999999985,4.5680720000000292],[-74.138475999999969,4.5679960000000506],[-74.138440999999943,4.5677870000000667],[-74.138428999999974,4.5677250000000527],[-74.138424999999984,4.5676990000000615],[-74.138405999999975,4.5675030000000447],[-74.138400999999988,4.5674460000000749],[-74.138383999999974,4.5672770000000469],[-74.138392999999951,4.5671310000000744],[-74.138396999999941,4.5670720000000529],[-74.13840799999997,4.566880000000026],[-74.138406999999972,4.566784000000041],[-74.138405999999975,4.5667760000000612],[-74.138406999999972,4.5667300000000637],[-74.13841599999995,4.5665180000000305],[-74.138427999999976,4.5663170000000264],[-74.138430999999969,4.5662810000000604],[-74.138440999999943,4.5661790000000337],[-74.138443999999936,4.5661310000000412],[-74.138476999999966,4.5658630000000358],[-74.138514999999984,4.5655560000000719],[-74.138588999999968,4.5650530000000344],[-74.138792999999964,4.5640870000000291],[-74.138846999999942,4.5637480000000323],[-74.138871999999935,4.5636120000000346],[-74.138886999999954,4.5634840000000736],[-74.138923999999975,4.5632740000000354],[-74.138939999999934,4.5631870000000276],[-74.138968999999975,4.5630050000000324],[-74.138976999999954,4.5629560000000424],[-74.139023999999949,4.5626870000000395],[-74.139036999999973,4.5625830000000747],[-74.139058999999975,4.5624090000000592],[-74.139089999999953,4.5621350000000689],[-74.139120999999989,4.5618770000000382],[-74.139143999999987,4.5617320000000632],[-74.139163999999937,4.5616230000000542],[-74.13919999999996,4.5613390000000322],[-74.139246999999955,4.5610250000000292],[-74.139265999999964,4.5608910000000265],[-74.139310999999964,4.5605710000000386],[-74.139335999999957,4.5603190000000495],[-74.139335999999957,4.5601370000000543],[-74.139329999999973,4.5599540000000616],[-74.139318999999944,4.5597750000000588],[-74.139298999999937,4.5596190000000547],[-74.139238999999975,4.5592690000000289],[-74.139172999999971,4.5590200000000323],[-74.139151999999967,4.5589570000000208],[-74.139117999999939,4.5588550000000509],[-74.139043999999956,4.5586430000000746],[-74.139002999999946,4.5585330000000681],[-74.13895999999994,4.5584090000000401],[-74.13892199999998,4.5583020000000261],[-74.138892999999939,4.5582410000000664],[-74.138829999999984,4.5580740000000333],[-74.138763999999981,4.5578910000000405],[-74.138746999999967,4.5578530000000228],[-74.138515999999981,4.5571690000000444],[-74.138450999999975,4.5569690000000378],[-74.138364999999965,4.556709000000069],[-74.138292999999976,4.5564940000000433],[-74.138166999999953,4.5560870000000477],[-74.138149999999939,4.5560320000000729],[-74.138045999999974,4.5556940000000736],[-74.137927999999988,4.5553240000000415],[-74.137936999999965,4.5552790000000414],[-74.13794299999995,4.5552480000000628],[-74.13794699999994,4.5552220000000716],[-74.137958999999967,4.5551890000000412],[-74.137970999999936,4.5551660000000425],[-74.137986999999953,4.5551400000000513],[-74.137999999999977,4.5551090000000727],[-74.138008999999954,4.5550860000000739],[-74.138015999999936,4.555054000000041],[-74.138253999999961,4.5547070000000645],[-74.138377999999989,4.5545500000000629],[-74.138683999999955,4.5544510000000287],[-74.139106999999967,4.5543140000000335],[-74.139457999999934,4.5542020000000321],[-74.139493999999956,4.5541870000000699],[-74.139548999999988,4.554172000000051],[-74.139786999999956,4.5540700000000243],[-74.139882999999941,4.5540300000000684],[-74.139927999999941,4.5540050000000747],[-74.139940999999965,4.5539870000000633],[-74.140132999999935,4.5538680000000227],[-74.140313999999989,4.5537440000000515],[-74.140331999999944,4.5537080000000287],[-74.140768999999977,4.5537800000000743],[-74.140899999999988,4.553747000000044],[-74.141003999999953,4.55368500000003],[-74.141260999999986,4.5534240000000636],[-74.141390999999942,4.5533380000000534],[-74.141373999999985,4.5532750000000419],[-74.141498999999953,4.553019000000063],[-74.141568999999947,4.5528730000000337],[-74.141613999999947,4.5527820000000361],[-74.141675999999961,4.5526420000000485],[-74.141713999999979,4.5525550000000408],[-74.141760999999974,4.5524660000000381],[-74.141781999999978,4.5524290000000747],[-74.141826999999978,4.5523640000000682],[-74.141868999999986,4.5523310000000379],[-74.141918999999973,4.5522830000000454],[-74.141948999999954,4.5522490000000744],[-74.141960999999981,4.552231000000063],[-74.141998999999942,4.5521700000000465],[-74.142006999999978,4.5521530000000325],[-74.142016999999953,4.5521190000000615],[-74.142027999999982,4.5520740000000615],[-74.142035999999962,4.5520020000000727],[-74.142043999999942,4.5519410000000562],[-74.142104999999958,4.5515490000000227],[-74.142108999999948,4.5515030000000252],[-74.142115999999987,4.5513080000000627],[-74.142067999999938,4.5510810000000674],[-74.142004999999983,4.550843000000043],[-74.141980999999987,4.5507150000000252],[-74.141868999999986,4.5502760000000535],[-74.141848999999979,4.5502040000000648],[-74.141777999999988,4.5499020000000314],[-74.141805999999974,4.5498410000000717],[-74.141838999999948,4.5497790000000577],[-74.141781999999978,4.5494530000000282],[-74.141766999999959,4.5494060000000331],[-74.14175199999994,4.5493570000000432],[-74.14169499999997,4.5489490000000501],[-74.141627999999969,4.5485270000000355],[-74.141621999999984,4.5484820000000354],[-74.142092999999988,4.5483840000000555],[-74.142137999999989,4.5483740000000239],[-74.142100999999968,4.5481350000000589],[-74.142065999999943,4.5479060000000686],[-74.141994999999952,4.5474470000000338],[-74.141926999999953,4.5469780000000242],[-74.141879999999958,4.5466680000000679],[-74.141865999999936,4.5465680000000361],[-74.141838999999948,4.5464490000000524],[-74.141847999999982,4.546318000000042],[-74.141887999999938,4.546066000000053],[-74.141552999999988,4.5461230000000228],[-74.141467999999975,4.5461410000000342],[-74.141243999999972,4.5462050000000431],[-74.141112999999962,4.5462230000000545],[-74.141026999999951,4.5462440000000583],[-74.140890999999954,4.5462810000000218],[-74.140584999999987,4.5463440000000332],[-74.140311999999938,4.5464130000000296],[-74.140048999999976,4.5464730000000486],[-74.140020999999933,4.5464790000000335],[-74.139769999999942,4.546538000000055],[-74.139552999999978,4.546587000000045],[-74.139481999999987,4.5466080000000488],[-74.139467999999965,4.5465200000000436],[-74.139401999999961,4.5462980000000357],[-74.139327999999978,4.5460860000000594],[-74.139314999999954,4.5460480000000416],[-74.139264999999966,4.5459180000000288],[-74.13920399999995,4.5456970000000751],[-74.13915099999997,4.5456990000000701],[-74.138284999999939,4.5457000000000676],[-74.138237999999944,4.5457080000000474],[-74.13817899999998,4.5457160000000272],[-74.13767299999995,4.5456980000000726],[-74.13762799999995,4.5457230000000663],[-74.137628999999947,4.5453640000000632],[-74.13762799999995,4.5452150000000415],[-74.137628999999947,4.5450370000000362],[-74.137629999999945,4.5446940000000495],[-74.137630999999942,4.5446090000000368],[-74.137639999999976,4.5442980000000261],[-74.137651999999946,4.5440540000000738],[-74.137723999999935,4.5438120000000595],[-74.137831999999946,4.5435370000000717],[-74.137887999999975,4.5433970000000272],[-74.137939999999958,4.5432510000000548],[-74.138016999999934,4.5430530000000431],[-74.138118999999961,4.5427690000000212],[-74.138124999999945,4.5427450000000249],[-74.138144999999952,4.5426110000000222],[-74.13813399999998,4.5425110000000473],[-74.138072999999963,4.5422290000000203],[-74.137980999999968,4.5419540000000325],[-74.137826999999959,4.5416660000000206],[-74.13767699999994,4.5413800000000606],[-74.137686999999971,4.5412820000000238],[-74.137711999999965,4.5412110000000325],[-74.137899999999945,4.5409070000000611],[-74.138085999999987,4.5406150000000594],[-74.138170999999943,4.5404810000000566],[-74.138405999999975,4.5401070000000345],[-74.138547999999957,4.5398770000000468],[-74.13868599999995,4.5396540000000414],[-74.138823999999943,4.5394220000000587],[-74.138947999999971,4.5392200000000571],[-74.139098999999987,4.5389860000000226],[-74.139220999999964,4.5387920000000577],[-74.139361999999949,4.5385580000000232],[-74.139503999999988,4.5383410000000595],[-74.139623999999969,4.5381640000000516],[-74.139712999999972,4.5380010000000652],[-74.139766999999949,4.5379170000000499],[-74.139908999999989,4.5376940000000445],[-74.140008999999964,4.537490000000048],[-74.140018999999938,4.5374650000000543],[-74.140059999999949,4.5373530000000528],[-74.140164999999968,4.5370850000000473],[-74.140273999999977,4.5368000000000279],[-74.140283999999951,4.5367710000000443],[-74.140367999999967,4.536557000000073],[-74.140471999999988,4.5362950000000524],[-74.140579999999943,4.5360810000000242],[-74.140755999999953,4.5358290000000352],[-74.140801999999951,4.5357580000000439],[-74.140915999999947,4.5355910000000677],[-74.140956999999958,4.5355330000000436],[-74.141127999999981,4.5352770000000646],[-74.141474999999957,4.5347510000000284],[-74.14152699999994,4.5346780000000422],[-74.141685999999936,4.5344270000000506],[-74.141721999999959,4.5343190000000391],[-74.141724999999951,4.5342910000000529],[-74.141774999999939,4.5340280000000348],[-74.141775999999936,4.5340010000000461],[-74.141785999999968,4.5339740000000575],[-74.141821999999934,4.5337810000000331],[-74.141842999999938,4.5337140000000318],[-74.141956999999934,4.5335410000000707],[-74.142127999999957,4.533247000000074],[-74.142231999999979,4.5330680000000712],[-74.142307999999957,4.5328830000000266],[-74.142304999999965,4.5327530000000706],[-74.142221999999947,4.5324720000000411],[-74.142237999999963,4.5320760000000746],[-74.142270999999937,4.5318910000000301],[-74.142278999999974,4.5317430000000627],[-74.142260999999962,4.5316010000000233],[-74.142213999999967,4.5314450000000761],[-74.142006999999978,4.5308370000000764],[-74.141830999999968,4.5303090000000452],[-74.14160899999996,4.5297930000000406],[-74.141501999999946,4.5295800000000668],[-74.141116999999952,4.5289410000000316],[-74.140589999999975,4.5279080000000249],[-74.140499999999975,4.5276740000000473],[-74.140478999999971,4.5275700000000256],[-74.140472999999986,4.5274280000000431],[-74.140509999999949,4.5271060000000602],[-74.140567999999973,4.5268860000000473],[-74.140800999999954,4.5262290000000576],[-74.140930999999966,4.5260130000000345],[-74.141063999999972,4.5258460000000582],[-74.141109999999969,4.5257100000000605],[-74.141105999999979,4.5254470000000424],[-74.140990999999985,4.5249390000000744],[-74.140989999999988,4.5248470000000225],[-74.14100899999994,4.5247930000000451],[-74.141054999999938,4.5247360000000754],[-74.141103999999984,4.5247080000000324],[-74.141309999999976,4.524669000000074],[-74.141484999999989,4.5246040000000676],[-74.14156399999996,4.5245540000000233],[-74.14165799999995,4.5244620000000282],[-74.141725999999949,4.524325000000033],[-74.141753999999935,4.5240620000000717],[-74.141774999999939,4.5239800000000514],[-74.141997999999944,4.523599000000047],[-74.142100999999968,4.5232430000000363],[-74.142299999999977,4.5228270000000634],[-74.142434999999978,4.5226470000000631],[-74.142559999999946,4.5225340000000642],[-74.142763999999943,4.5223940000000766],[-74.142978999999968,4.5223100000000613],[-74.143531999999936,4.5222510000000398],[-74.143637999999953,4.5221980000000599],[-74.143706999999949,4.5220990000000256],[-74.143807999999979,4.5216640000000439],[-74.143857999999966,4.5215190000000689],[-74.143961999999988,4.5213330000000269],[-74.144573999999977,4.5207570000000601],[-74.144808999999952,4.5206190000000674],[-74.145198999999934,4.5204550000000268],[-74.145352999999943,4.5203470000000721],[-74.145424999999989,4.5202610000000618],[-74.14546699999994,4.5201860000000238],[-74.145536999999933,4.5199490000000537],[-74.14554099999998,4.5199160000000234],[-74.14554499999997,4.5198870000000397],[-74.14555699999994,4.5197710000000484],[-74.145554999999945,4.5194280000000617],[-74.145735999999943,4.5188410000000658],[-74.14578199999994,4.5186610000000655],[-74.145800999999949,4.5184810000000653],[-74.145941999999934,4.5180100000000607],[-74.146034999999983,4.5178090000000566],[-74.146220999999969,4.5174970000000485],[-74.146356999999966,4.5173480000000268],[-74.146386999999947,4.517291000000057],[-74.146380999999963,4.5172450000000595],[-74.146351999999979,4.5172090000000367],[-74.146279999999933,4.5171560000000568],[-74.146128999999974,4.5170570000000225],[-74.145894999999939,4.5168630000000576],[-74.145305999999948,4.5166410000000496],[-74.145139999999969,4.5165330000000381],[-74.145062999999936,4.5164150000000518],[-74.145045999999979,4.5159320000000207],[-74.145016999999939,4.5158370000000332],[-74.145012999999949,4.5156690000000594],[-74.145107999999937,4.5155450000000315],[-74.145616999999959,4.5151870000000258],[-74.145976999999959,4.5148960000000216],[-74.146136999999953,4.5146360000000527],[-74.146224999999959,4.51459600000004],[-74.146354999999971,4.5145070000000374],[-74.146395999999982,4.5144310000000587],[-74.146400999999969,4.5143100000000231],[-74.146383999999955,4.5142140000000381],[-74.146312999999964,4.5140890000000695],[-74.146253999999942,4.5140500000000543],[-74.146195999999975,4.5139720000000239],[-74.146149999999977,4.5138480000000527],[-74.146143999999936,4.5136580000000208],[-74.146208999999942,4.5132010000000378],[-74.146442999999977,4.5128480000000764],[-74.146533999999974,4.5127500000000396],[-74.146780999999976,4.5126260000000684],[-74.146845999999982,4.512548000000038],[-74.146872999999971,4.512450000000058],[-74.146872999999971,4.5123580000000629],[-74.146826999999973,4.5122490000000539],[-74.146624999999972,4.5117830000000367],[-74.146546999999941,4.5116200000000504],[-74.146535999999969,4.5115000000000691],[-74.146559999999965,4.5113850000000753],[-74.146631999999954,4.5112210000000346],[-74.146676999999954,4.5110060000000658],[-74.146670999999969,4.5108420000000251],[-74.146587999999952,4.5104660000000649],[-74.146547999999939,4.5101900000000228],[-74.146583999999962,4.5098920000000362],[-74.14674999999994,4.5096320000000674],[-74.146868999999981,4.5093610000000695],[-74.146893999999975,4.5092240000000743],[-74.146916999999974,4.509091000000069],[-74.146951999999942,4.5088190000000736],[-74.147001999999986,4.5085340000000542],[-74.147052999999971,4.5082650000000513],[-74.147074999999973,4.508132000000046],[-74.147106999999949,4.5079960000000483],[-74.147164999999973,4.5077240000000529],[-74.14730499999996,4.5071160000000532],[-74.14740299999994,4.5068330000000287],[-74.147475999999983,4.5065920000000688]]},"properties":{"OBJECTID":57,"OBJECTID_1":197,"RSPNRUTA":"ZP-901-2","RSPCDEFINI":"ZP-901","RSPDISTANC":31.887269969999998,"RSPDENOMIN":"MOCHUELO ALTO-UNICENTRO","RSPTRUTA":"PROVISIONAL","RSPORIGEN":"CIUDAD BOLIVAR","RSPDESTINO":"USAQUEN","RSPIRUTA":284,"SHAPELEN":32123.663972962098,"Shape_Length":0.082146550376135649}},{"type":"Feature","id":58,"geometry":{"type":"LineString","coordinates":[[-74.14652099999995,4.5383370000000696],[-74.146523999999943,4.5386050000000751],[-74.146538999999962,4.5388240000000337],[-74.146539999999959,4.5393170000000396],[-74.146461999999985,4.5392880000000559],[-74.146326999999985,4.5392440000000533],[-74.145994999999971,4.5391390000000342],[-74.145698999999979,4.5391080000000557],[-74.145465999999942,4.5390910000000417],[-74.145211999999958,4.5390500000000316],[-74.145046999999977,4.5390070000000264],[-74.144963999999959,4.5389790000000403],[-74.14490399999994,4.5389560000000415],[-74.14480199999997,4.5389130000000364],[-74.14475299999998,4.5388570000000641],[-74.144423999999958,4.5386420000000385],[-74.143973999999957,4.5384350000000495],[-74.143900999999971,4.5384280000000672],[-74.14379699999995,4.5384600000000432],[-74.143433999999957,4.5386330000000612],[-74.143111999999974,4.5387780000000362],[-74.142945999999938,4.5389610000000289],[-74.142814999999985,4.5390860000000544],[-74.14266699999996,4.5391070000000582],[-74.142420999999956,4.5390960000000291],[-74.142349999999965,4.5390750000000253],[-74.142284999999958,4.539053000000024],[-74.142170999999962,4.5390140000000656],[-74.142036999999959,4.5389610000000289],[-74.141954999999939,4.5389410000000225],[-74.141720999999961,4.5388870000000452],[-74.141813999999954,4.5393990000000599],[-74.141921999999965,4.5399420000000532],[-74.141951999999947,4.5400920000000724],[-74.141977999999938,4.5402220000000284],[-74.142018999999948,4.540422000000035],[-74.142055999999968,4.5406040000000303],[-74.142085999999949,4.5409400000000346],[-74.142139999999984,4.5414880000000721],[-74.142191999999966,4.5414930000000595],[-74.142304999999965,4.5414970000000494],[-74.142421999999954,4.5415020000000368],[-74.14244999999994,4.5415050000000292],[-74.142518999999936,4.5415110000000709],[-74.142560999999944,4.5415350000000672],[-74.142720999999938,4.5415760000000205],[-74.142806999999948,4.5415770000000748],[-74.143096999999955,4.5415640000000508],[-74.143377999999984,4.5415590000000634],[-74.143380999999977,4.5417170000000624],[-74.14336899999995,4.5420190000000389],[-74.143350999999939,4.5423240000000646],[-74.143332999999984,4.54250200000007],[-74.143325999999945,4.5425860000000284],[-74.143322999999953,4.5426440000000525],[-74.143318999999963,4.5428930000000491],[-74.143317999999965,4.542974000000072],[-74.143304999999941,4.5431690000000344],[-74.143296999999961,4.5432550000000447],[-74.143308999999988,4.5435230000000502],[-74.14331999999996,4.5436200000000326],[-74.143331999999987,4.5436950000000706],[-74.143335999999977,4.5437190000000669],[-74.143344999999954,4.5437780000000316],[-74.143396999999936,4.5439830000000256],[-74.143430999999964,4.5441200000000208],[-74.14346299999994,4.5441500000000588],[-74.143480999999952,4.544234000000074],[-74.143560999999977,4.5445670000000291],[-74.143480999999952,4.5445760000000632],[-74.143152999999984,4.5446190000000684],[-74.143100999999945,4.5446250000000532],[-74.142587999999989,4.5446920000000546],[-74.142542999999989,4.5446960000000445],[-74.142474999999934,4.5447010000000319],[-74.142432999999983,4.544710000000066],[-74.142348999999967,4.5447620000000484],[-74.14231499999994,4.5448080000000459],[-74.141916999999978,4.545263000000034],[-74.141929999999945,4.5456040000000257],[-74.141941999999972,4.5457350000000361],[-74.141887999999938,4.546066000000053],[-74.141847999999982,4.546318000000042],[-74.141838999999948,4.5464490000000524],[-74.141865999999936,4.5465680000000361],[-74.141879999999958,4.5466680000000679],[-74.141926999999953,4.5469780000000242],[-74.141994999999952,4.5474470000000338],[-74.142065999999943,4.5479060000000686],[-74.14201799999995,4.5479160000000434],[-74.141547999999943,4.5480170000000726],[-74.141019999999969,4.5481220000000349],[-74.140921999999989,4.5481270000000222],[-74.140921999999989,4.5481840000000489],[-74.140981999999951,4.5486170000000357],[-74.140986999999939,4.5486640000000307],[-74.141054999999938,4.5490860000000453],[-74.141059999999982,4.5491430000000719],[-74.141123999999934,4.5495400000000359],[-74.141133999999965,4.5495930000000726],[-74.141206999999952,4.5500340000000392],[-74.141163999999947,4.5500540000000456],[-74.140530999999953,4.5502880000000232],[-74.140321999999969,4.5503630000000612],[-74.140319999999974,4.5505530000000363],[-74.140317999999979,4.5508500000000254],[-74.140319999999974,4.5509740000000534],[-74.140320999999972,4.5512820000000715],[-74.140319999999974,4.5514030000000503],[-74.140322999999967,4.5517140000000609],[-74.140329999999949,4.5518120000000408],[-74.140329999999949,4.5521500000000401],[-74.140307999999948,4.552579000000037],[-74.140299999999968,4.552944000000025],[-74.140290999999934,4.5531330000000594],[-74.140303999999958,4.5533700000000294],[-74.14029899999997,4.5534200000000737],[-74.140331999999944,4.5537080000000287],[-74.140313999999989,4.5537440000000515],[-74.140132999999935,4.5538680000000227],[-74.139940999999965,4.5539870000000633],[-74.139927999999941,4.5540050000000747],[-74.139882999999941,4.5540300000000684],[-74.139786999999956,4.5540700000000243],[-74.139548999999988,4.554172000000051],[-74.139493999999956,4.5541870000000699],[-74.139457999999934,4.5542020000000321],[-74.139106999999967,4.5543140000000335],[-74.138683999999955,4.5544510000000287],[-74.138377999999989,4.5545500000000629],[-74.138253999999961,4.5547070000000645],[-74.138015999999936,4.555054000000041],[-74.137994999999989,4.5550660000000676],[-74.137951999999984,4.5550820000000272],[-74.137925999999936,4.5550840000000221],[-74.137904999999989,4.5550860000000739],[-74.137875999999949,4.5550790000000347],[-74.137855999999942,4.5550610000000233],[-74.137833999999941,4.5550400000000764],[-74.137651999999946,4.5545170000000326],[-74.137429999999938,4.5538800000000492],[-74.137306999999964,4.5535160000000587],[-74.137266999999952,4.5535280000000284],[-74.137225999999941,4.5535280000000284],[-74.137185999999986,4.5535160000000587],[-74.137141999999983,4.5535170000000562],[-74.137100999999973,4.5535310000000209],[-74.13706899999994,4.5535560000000714],[-74.137045999999941,4.5535880000000475],[-74.137002999999936,4.5536100000000488],[-74.136957999999936,4.5536240000000703],[-74.137088999999946,4.5539780000000292],[-74.137243999999953,4.5544410000000539],[-74.137523999999985,4.5552350000000388],[-74.13770599999998,4.5557750000000397],[-74.137810999999942,4.5560850000000528],[-74.137841999999978,4.5561760000000504],[-74.137980999999968,4.5565800000000536],[-74.138053999999954,4.5567970000000741],[-74.138145999999949,4.5570620000000304],[-74.138216999999941,4.5572600000000421],[-74.138455999999962,4.5579490000000646],[-74.138856999999973,4.5590970000000652],[-74.138939999999934,4.5594190000000481],[-74.138980999999944,4.5596710000000371],[-74.138994999999966,4.5597960000000626],[-74.138998999999956,4.559955000000059],[-74.139000999999951,4.560115000000053],[-74.138999999999953,4.5602870000000735],[-74.138973999999962,4.5604970000000549],[-74.138923999999975,4.5608470000000239],[-74.138900999999976,4.5609790000000316],[-74.138898999999981,4.5609910000000582],[-74.138856999999973,4.561281000000065],[-74.138815999999963,4.5615430000000288],[-74.13877599999995,4.5618160000000216],[-74.138739999999984,4.5620870000000764],[-74.138697999999977,4.5623490000000402],[-74.138686999999948,4.562430000000063],[-74.138672999999983,4.5625480000000493],[-74.138663999999949,4.5626290000000722],[-74.138629999999978,4.5628350000000637],[-74.138611999999966,4.5629460000000677],[-74.138566999999966,4.5632270000000403],[-74.138523999999961,4.563474000000042],[-74.138475999999969,4.5637980000000766],[-74.13844899999998,4.5639890000000491],[-74.138441999999941,4.5640330000000517],[-74.138205999999968,4.5656070000000568],[-74.138156999999978,4.565998000000036],[-74.137858999999935,4.5663100000000441],[-74.137803131999988,4.5663693780000472]]},"properties":{"OBJECTID":58,"OBJECTID_1":121,"RSPNRUTA":"ZP-261-1","RSPCDEFINI":"ZP-261","RSPDISTANC":23.407690049999999,"RSPDENOMIN":"EL TESORO-ESTRELLA - FLORESTA","RSPTRUTA":"PROVISIONAL","RSPORIGEN":"CIUDAD BOLIVAR","RSPDESTINO":"NEUTRA","RSPIRUTA":184,"SHAPELEN":23582.765754949301,"Shape_Length":0.043387197695148524}},{"type":"Feature","id":59,"geometry":{"type":"LineString","coordinates":[[-74.142830825999965,4.5800300940000511],[-74.142932999999971,4.5799270000000547],[-74.142999999999972,4.5798510000000761],[-74.143020999999976,4.579827000000023],[-74.143038999999987,4.5798040000000242],[-74.143054999999947,4.579776000000038],[-74.143083999999988,4.5797200000000657],[-74.143113999999969,4.5796630000000391],[-74.143117999999959,4.5796550000000593],[-74.14314399999995,4.579618000000039],[-74.143195999999989,4.5795660000000566],[-74.143214999999941,4.5795590000000743],[-74.143230999999957,4.5795510000000377],[-74.14323799999994,4.5795460000000503],[-74.143249999999966,4.5795350000000212],[-74.14332799999994,4.579477000000054],[-74.143424999999979,4.5794160000000375],[-74.143502999999953,4.5793480000000386],[-74.14438599999994,4.5786950000000388],[-74.144591999999989,4.5785680000000752],[-74.144814999999937,4.5784760000000233],[-74.144998999999984,4.5784280000000308],[-74.145209999999963,4.5784010000000421],[-74.145430999999974,4.5784040000000346],[-74.145437999999956,4.5784040000000346],[-74.145637999999963,4.5784340000000725],[-74.145853999999986,4.5784980000000246],[-74.147183999999982,4.5790100000000393],[-74.149583999999948,4.5799630000000207],[-74.151095999999939,4.5805710000000204],[-74.151189999999986,4.5806080000000406],[-74.151214999999979,4.5806180000000722],[-74.151220999999964,4.5806220000000621],[-74.151419999999973,4.5807010000000332],[-74.151501999999937,4.5807350000000611],[-74.151509999999973,4.5807380000000535],[-74.151568999999938,4.5807510000000207],[-74.151573999999982,4.580752000000075],[-74.151643999999976,4.5807820000000561],[-74.151653999999951,4.5807900000000359],[-74.151666999999975,4.580801000000065],[-74.151674999999955,4.5808050000000549],[-74.151681999999937,4.5808090000000448],[-74.151723999999945,4.5808250000000612],[-74.152110999999934,4.5809750000000236],[-74.152398999999946,4.5810650000000237],[-74.152655999999979,4.5811240000000453],[-74.15300899999994,4.5811780000000226],[-74.153403999999966,4.5811910000000466],[-74.153739999999971,4.5811720000000378],[-74.153818999999942,4.581162000000063],[-74.153862999999944,4.5811560000000213],[-74.153953999999942,4.5811430000000541],[-74.154365999999982,4.5810730000000603],[-74.154506999999967,4.5810480000000666],[-74.154765999999938,4.5810050000000615],[-74.155092999999965,4.5809480000000349],[-74.155260999999939,4.5809180000000538],[-74.15533499999998,4.5809040000000323],[-74.155393999999944,4.5808900000000676],[-74.155431999999962,4.5808860000000209],[-74.155651999999975,4.5808500000000549],[-74.156113999999945,4.5807700000000295],[-74.156152999999961,4.5807640000000447],[-74.156610999999941,4.5806860000000711],[-74.156703999999934,4.5806670000000622],[-74.156833999999947,4.580641000000071],[-74.156852999999956,4.5806370000000243],[-74.157114999999976,4.5805930000000217],[-74.157239999999945,4.5805690000000254],[-74.157253999999966,4.5805670000000305],[-74.157304999999951,4.580564000000038],[-74.157362999999975,4.5805520000000683],[-74.157523999999967,4.5805350000000544],[-74.157476999999972,4.5804360000000202],[-74.157476999999972,4.5804350000000227],[-74.157472999999982,4.5804260000000454],[-74.157471999999984,4.580423000000053],[-74.157448999999986,4.5803640000000314],[-74.15731599999998,4.5801010000000701],[-74.157292999999981,4.580058000000065],[-74.157099999999957,4.5796990000000619],[-74.156856999999945,4.5792540000000486],[-74.156520999999941,4.5786530000000312],[-74.156489999999962,4.5785940000000664],[-74.156309999999962,4.5782540000000722],[-74.156278999999984,4.578200000000038],[-74.156252999999936,4.5781620000000203],[-74.156240999999966,4.5781410000000733],[-74.156233999999984,4.5781320000000392],[-74.156196999999963,4.5780590000000529],[-74.156173999999965,4.5780000000000314],[-74.156168999999977,4.5779840000000718],[-74.156155999999953,4.5779430000000616],[-74.156139999999937,4.5779000000000565],[-74.156116999999938,4.5778510000000665],[-74.156058999999971,4.5777390000000651],[-74.155973999999958,4.5775800000000686],[-74.155828999999983,4.5773090000000707],[-74.155496999999968,4.5766850000000545],[-74.15537299999994,4.5764550000000668],[-74.155331999999987,4.5763770000000363],[-74.155309999999986,4.5763340000000312],[-74.155155999999977,4.5760510000000636],[-74.154987999999946,4.5757610000000568],[-74.154948999999988,4.5756990000000428],[-74.154831999999942,4.5755160000000501],[-74.154665999999963,4.5752570000000219],[-74.154466999999954,4.5749880000000758],[-74.154282999999964,4.5747510000000489],[-74.153989999999965,4.5743880000000559],[-74.153632999999957,4.574004000000059],[-74.153160999999955,4.5735520000000633],[-74.153076999999939,4.5734770000000253],[-74.152863999999965,4.5732980000000225],[-74.152626999999939,4.57310700000005],[-74.152585999999985,4.5730750000000739],[-74.152437999999961,4.57296400000007],[-74.152403999999933,4.5729370000000245],[-74.152352999999948,4.5729010000000585],[-74.152198999999939,4.5727940000000444],[-74.152049999999974,4.5726940000000695],[-74.151936999999975,4.5726210000000265],[-74.151900999999953,4.5726000000000226],[-74.151834999999949,4.5725600000000668],[-74.15166499999998,4.5724450000000729],[-74.151515999999958,4.5723430000000462],[-74.151301999999987,4.572208000000046],[-74.151196999999968,4.5721410000000446],[-74.150224999999978,4.5714450000000397],[-74.149106999999958,4.5706780000000435],[-74.147906999999975,4.5698550000000751],[-74.147604999999942,4.5696490000000267],[-74.147557999999947,4.5696170000000507],[-74.147426999999936,4.5695250000000556],[-74.14739899999995,4.5695060000000467],[-74.147365999999977,4.5694840000000454],[-74.147326999999962,4.5694540000000643],[-74.147325999999964,4.5694540000000643],[-74.147316999999987,4.5694480000000226],[-74.147152999999946,4.5693360000000212],[-74.146932999999933,4.5691860000000588],[-74.14670499999994,4.5690310000000522],[-74.14647599999995,4.5688750000000482],[-74.146263999999974,4.5687290000000758],[-74.14600699999994,4.5685520000000679],[-74.145967999999982,4.5685270000000742],[-74.145690999999943,4.5683390000000372],[-74.145333999999934,4.568093000000033],[-74.145317999999975,4.5680830000000583],[-74.145243999999934,4.5680320000000734],[-74.145089999999982,4.5679250000000593],[-74.145044999999982,4.5678970000000731],[-74.145017999999936,4.5678790000000618],[-74.144942999999955,4.5678270000000225],[-74.14490399999994,4.5678010000000313],[-74.144998999999984,4.5677060000000438],[-74.14503499999995,4.5676750000000652],[-74.145058999999947,4.567651000000069],[-74.145070999999973,4.5676150000000462],[-74.145069999999976,4.5675790000000234],[-74.144987999999955,4.5674370000000408],[-74.144683999999984,4.5671180000000504],[-74.144334999999955,4.5667420000000334],[-74.144175999999959,4.5665700000000697],[-74.14402199999995,4.5663720000000581],[-74.14387899999997,4.5661900000000628],[-74.143728999999951,4.5659650000000624],[-74.143481999999949,4.5655630000000542],[-74.143254999999954,4.5652090000000385],[-74.143148999999937,4.5650320000000306],[-74.142986999999948,4.5647610000000327],[-74.142739999999947,4.564360000000022],[-74.142503999999974,4.563959000000068],[-74.142254999999977,4.5635580000000573],[-74.142083999999954,4.5633190000000354],[-74.141969999999958,4.563171000000068],[-74.142245999999943,4.5630590000000666],[-74.142549999999972,4.5629640000000222],[-74.142586999999935,4.5629540000000475],[-74.143277999999952,4.562748000000056],[-74.143341999999961,4.5627260000000547],[-74.143386999999962,4.5627100000000382],[-74.144286999999963,4.5624400000000378],[-74.14433699999995,4.5624240000000214],[-74.144384999999943,4.5624080000000617],[-74.145288999999934,4.5621370000000638],[-74.145334999999989,4.5621220000000449],[-74.145378999999934,4.5621080000000234],[-74.146293999999955,4.561834000000033],[-74.146333999999968,4.5618220000000633],[-74.146378999999968,4.5618070000000444],[-74.147324999999967,4.561518000000035],[-74.147383999999988,4.5615010000000211],[-74.14743999999996,4.5614850000000615],[-74.148357999999973,4.5612130000000661],[-74.148401999999976,4.5611990000000446],[-74.148449999999968,4.5611840000000257],[-74.14934999999997,4.5609170000000745],[-74.149399999999957,4.560901000000058],[-74.149381999999946,4.5608520000000681],[-74.149270999999942,4.5604590000000371],[-74.149146999999971,4.5604970000000549],[-74.149054999999976,4.5601870000000417],[-74.149008999999978,4.5601090000000681],[-74.149125999999967,4.5599760000000629],[-74.149196999999958,4.5598910000000501],[-74.149274999999989,4.559737000000041],[-74.149383999999941,4.5594040000000291],[-74.149419999999964,4.5593030000000567],[-74.149465999999961,4.5592080000000692],[-74.149723999999935,4.5588810000000421],[-74.150089999999977,4.5586050000000569],[-74.150179999999978,4.5585350000000631],[-74.150318999999968,4.5584660000000667],[-74.150381999999979,4.5584530000000427],[-74.150444999999934,4.5584340000000338],[-74.150568999999962,4.5583870000000388],[-74.150583999999981,4.5583730000000742],[-74.15074599999997,4.5582280000000424],[-74.150767999999971,4.558208000000036],[-74.150858999999969,4.5580910000000472],[-74.150950999999964,4.5578310000000215],[-74.151010999999983,4.5577220000000693],[-74.151301999999987,4.5572440000000256],[-74.151397999999972,4.5570340000000442],[-74.151403999999957,4.5568210000000704],[-74.151288999999963,4.5563030000000708],[-74.151312999999959,4.5559860000000754],[-74.151400999999964,4.5555030000000443],[-74.151485999999977,4.5552540000000477],[-74.151590999999939,4.5550270000000523],[-74.151630999999952,4.5549570000000585],[-74.151704999999936,4.5548780000000306],[-74.151921999999956,4.5547170000000392],[-74.152160999999978,4.5545870000000264],[-74.152239999999949,4.5545030000000679],[-74.152261999999951,4.5543890000000715],[-74.152148999999952,4.5542110000000662],[-74.152103999999952,4.554155000000037],[-74.151978999999983,4.554012000000057],[-74.151913999999977,4.5537530000000288],[-74.151882999999941,4.5534620000000245],[-74.151876999999956,4.5533400000000483],[-74.151850999999965,4.5531460000000266],[-74.151790999999946,4.5529070000000615],[-74.151723999999945,4.5525640000000749]]},"properties":{"OBJECTID":59,"OBJECTID_1":204,"RSPNRUTA":"ZP-126-2","RSPCDEFINI":"ZP-126","RSPDISTANC":36.847640990000002,"RSPDENOMIN":"VILLA GLORIA - VILLA GLADYS","RSPTRUTA":"PROVISIONAL","RSPORIGEN":"CIUDAD BOLIVAR","RSPDESTINO":"ENGATIVA","RSPIRUTA":291,"SHAPELEN":36244.221617853298,"Shape_Length":0.057675358162942308}},{"type":"Feature","id":60,"geometry":{"type":"MultiLineString","coordinates":[[[-74.120827265999935,4.5343825020000281],[-74.120825999999965,4.5343770000000632],[-74.120824302999949,4.5343738250000456]],[[-74.120394527999963,4.532750007000061],[-74.12041899999997,4.5327040000000238],[-74.12045999999998,4.5326350000000275],[-74.12046799999996,4.5326240000000553],[-74.120505999999978,4.5325730000000704],[-74.120578999999964,4.5324820000000727],[-74.120631999999944,4.5324200000000587],[-74.120665999999972,4.532382000000041],[-74.120691999999963,4.5323560000000498],[-74.120730999999978,4.5323210000000245],[-74.120787999999948,4.532273000000032],[-74.120822999999973,4.5322470000000408],[-74.12092199999995,4.5321780000000444],[-74.121060999999941,4.5320850000000519],[-74.121127999999942,4.5320370000000594],[-74.121176999999989,4.5319970000000467],[-74.121224999999981,4.5319470000000592],[-74.12124799999998,4.531921000000068],[-74.121265999999935,4.5318980000000693],[-74.121270999999979,4.5318910000000301],[-74.121299999999962,4.5318420000000401],[-74.121316999999976,4.5318080000000691],[-74.121328999999946,4.5317810000000236],[-74.12134599999996,4.5317400000000703],[-74.121360999999979,4.5316860000000361],[-74.12138299999998,4.5316040000000726],[-74.121403999999984,4.5315150000000699],[-74.121420999999941,4.5314310000000546],[-74.121433999999965,4.5313630000000558],[-74.12143999999995,4.5313070000000266],[-74.121446999999989,4.5312340000000404],[-74.121450999999979,4.5311890000000403],[-74.121452999999974,4.5311210000000415],[-74.121452999999974,4.5310810000000288],[-74.121450999999979,4.5310060000000476],[-74.121450999999979,4.5309420000000387],[-74.121450999999979,4.5307490000000712],[-74.121441999999945,4.5305380000000355],[-74.121436999999958,4.5301260000000525],[-74.121433999999965,4.5300520000000688],[-74.121432999999968,4.5299590000000762],[-74.12143199999997,4.5299110000000269],[-74.12143599999996,4.529651000000058],[-74.121433999999965,4.5295770000000743],[-74.121432999999968,4.5295530000000213],[-74.121424999999988,4.529495000000054],[-74.121421999999939,4.5294740000000502],[-74.121410999999966,4.5294220000000678],[-74.12139499999995,4.5293720000000235],[-74.121368999999959,4.5292990000000373],[-74.121348999999952,4.5292500000000473],[-74.121333999999933,4.5292140000000245],[-74.121069999999975,4.5286370000000602],[-74.121044999999981,4.5285760000000437],[-74.121048999999971,4.5285600000000272],[-74.121051999999963,4.5285410000000752],[-74.121051999999963,4.5285230000000638],[-74.121050999999966,4.5285150000000272],[-74.121046999999976,4.5285030000000575],[-74.120990999999947,4.5283870000000661],[-74.12083199999995,4.5280460000000744],[-74.120802999999967,4.5279900000000453],[-74.120487005999962,4.5276889470000583]]]},"properties":{"OBJECTID":60,"OBJECTID_1":231,"RSPNRUTA":"ZP-502-2","RSPCDEFINI":"ZP-502","RSPDISTANC":28.686319350000002,"RSPDENOMIN":"UVAL - LOS LACHES","RSPTRUTA":"PROVISIONAL","RSPORIGEN":"USME","RSPDESTINO":"NEUTRA","RSPIRUTA":319,"SHAPELEN":28069.763250914202,"Shape_Length":0.005752506939198908}},{"type":"Feature","id":61,"geometry":{"type":"LineString","coordinates":[[-74.162304178999989,4.5986563520000345],[-74.162305999999944,4.5986090000000672],[-74.162307999999939,4.5984430000000316],[-74.162302999999952,4.5982520000000591],[-74.162294999999972,4.5981100000000765],[-74.162293999999974,4.5980860000000234],[-74.16227699999996,4.5979110000000674],[-74.162272999999971,4.597876000000042],[-74.162236999999948,4.5975520000000643],[-74.162196999999935,4.5972230000000422],[-74.162185999999963,4.597088000000042],[-74.162177999999983,4.5970110000000659],[-74.162170999999944,4.5969310000000405],[-74.162176999999986,4.596851000000072],[-74.162187999999958,4.5967390000000705],[-74.162188999999955,4.5967260000000465],[-74.162193999999943,4.5967000000000553],[-74.162196999999935,4.5966880000000288],[-74.162204999999972,4.596663000000035],[-74.162225999999976,4.5966050000000678],[-74.162278999999955,4.5964670000000751],[-74.162304999999947,4.5963780000000725],[-74.162477999999965,4.5961940000000254],[-74.162537999999984,4.5960390000000757],[-74.162542999999971,4.5959720000000743],[-74.162552999999946,4.5958310000000324],[-74.162554999999941,4.5958060000000387],[-74.162542999999971,4.5957200000000284],[-74.162538999999981,4.5956840000000625],[-74.162513999999987,4.5956110000000763],[-74.162486999999942,4.5955310000000509],[-74.162447999999983,4.5954960000000256],[-74.162422999999933,4.5954250000000343],[-74.162360999999976,4.595356000000038],[-74.162324999999953,4.5953250000000594],[-74.162179999999978,4.5951680000000579],[-74.162113999999974,4.5950960000000691],[-74.162075999999956,4.5950420000000349],[-74.162038999999936,4.5949840000000677],[-74.162032999999951,4.5949730000000386],[-74.161979999999971,4.5948630000000321],[-74.161974999999984,4.5948530000000574],[-74.161970999999937,4.5948320000000535],[-74.161942999999951,4.5947400000000584],[-74.161936999999966,4.5947100000000205],[-74.161927999999989,4.5946590000000356],[-74.161922999999945,4.594615000000033],[-74.161925999999937,4.5945440000000417],[-74.161726999999985,4.5930300000000557],[-74.161629999999946,4.5921540000000505],[-74.16158699999994,4.5917180000000712],[-74.16154199999994,4.5912920000000668],[-74.16149699999994,4.5908510000000433],[-74.161490999999955,4.5908090000000357],[-74.161487999999963,4.5907770000000596],[-74.161476999999934,4.5907090000000608],[-74.161485999999968,4.5906960000000367],[-74.161490999999955,4.5906870000000595],[-74.161493999999948,4.5906770000000279],[-74.161494999999945,4.5906680000000506],[-74.161472999999944,4.5904570000000717],[-74.161472999999944,4.5904350000000704],[-74.161467999999957,4.5904140000000666],[-74.161441999999965,4.590139000000022],[-74.16143999999997,4.5901300000000447],[-74.161435999999981,4.5901220000000649],[-74.161431999999934,4.5901140000000282],[-74.161424999999952,4.5901060000000484],[-74.161417999999969,4.5900980000000686],[-74.161404999999945,4.590088000000037],[-74.161387999999988,4.5899260000000481],[-74.161377999999957,4.5897930000000429],[-74.161339999999939,4.5895060000000285],[-74.161336999999946,4.5894130000000359],[-74.161306999999965,4.5889870000000315],[-74.161260999999968,4.5885440000000699],[-74.161194999999964,4.5880630000000338],[-74.161106999999959,4.5877350000000661],[-74.160897999999975,4.5872400000000653],[-74.159749999999974,4.5848760000000652],[-74.158908999999937,4.5831140000000232],[-74.158692999999971,4.5826620000000275],[-74.158086999999966,4.5815410000000725],[-74.157829999999933,4.5811220000000503],[-74.157826999999941,4.5811190000000579],[-74.157526999999959,4.5805400000000418],[-74.157523999999967,4.5805350000000544],[-74.157476999999972,4.5804360000000202],[-74.157476999999972,4.5804350000000227],[-74.157472999999982,4.5804260000000454],[-74.157471999999984,4.580423000000053],[-74.157448999999986,4.5803640000000314],[-74.15731599999998,4.5801010000000701],[-74.157292999999981,4.580058000000065],[-74.157099999999957,4.5796990000000619],[-74.156856999999945,4.5792540000000486],[-74.156520999999941,4.5786530000000312],[-74.156489999999962,4.5785940000000664],[-74.156309999999962,4.5782540000000722],[-74.156278999999984,4.578200000000038],[-74.156252999999936,4.5781620000000203],[-74.156240999999966,4.5781410000000733],[-74.156233999999984,4.5781320000000392],[-74.156196999999963,4.5780590000000529],[-74.156173999999965,4.5780000000000314],[-74.156168999999977,4.5779840000000718],[-74.156155999999953,4.5779430000000616],[-74.156139999999937,4.5779000000000565],[-74.156116999999938,4.5778510000000665],[-74.156058999999971,4.5777390000000651],[-74.155973999999958,4.5775800000000686],[-74.155828999999983,4.5773090000000707],[-74.155496999999968,4.5766850000000545],[-74.15537299999994,4.5764550000000668],[-74.155331999999987,4.5763770000000363],[-74.155309999999986,4.5763340000000312],[-74.155155999999977,4.5760510000000636],[-74.154987999999946,4.5757610000000568],[-74.154948999999988,4.5756990000000428],[-74.154831999999942,4.5755160000000501],[-74.154665999999963,4.5752570000000219],[-74.154466999999954,4.5749880000000758],[-74.154282999999964,4.5747510000000489],[-74.153989999999965,4.5743880000000559],[-74.153632999999957,4.574004000000059],[-74.153160999999955,4.5735520000000633],[-74.153076999999939,4.5734770000000253],[-74.152863999999965,4.5732980000000225],[-74.152626999999939,4.57310700000005],[-74.152585999999985,4.5730750000000739],[-74.152437999999961,4.57296400000007],[-74.152403999999933,4.5729370000000245],[-74.152352999999948,4.5729010000000585],[-74.152198999999939,4.5727940000000444],[-74.152049999999974,4.5726940000000695],[-74.151936999999975,4.5726210000000265],[-74.151900999999953,4.5726000000000226],[-74.151834999999949,4.5725600000000668],[-74.15166499999998,4.5724450000000729],[-74.151515999999958,4.5723430000000462],[-74.151301999999987,4.572208000000046],[-74.151196999999968,4.5721410000000446],[-74.150224999999978,4.5714450000000397],[-74.149106999999958,4.5706780000000435],[-74.147906999999975,4.5698550000000751],[-74.147604999999942,4.5696490000000267],[-74.147557999999947,4.5696170000000507],[-74.147426999999936,4.5695250000000556],[-74.14739899999995,4.5695060000000467],[-74.147365999999977,4.5694840000000454],[-74.147326999999962,4.5694540000000643],[-74.147325999999964,4.5694540000000643],[-74.147316999999987,4.5694480000000226],[-74.147152999999946,4.5693360000000212],[-74.146932999999933,4.5691860000000588],[-74.14670499999994,4.5690310000000522],[-74.14647599999995,4.5688750000000482],[-74.146263999999974,4.5687290000000758],[-74.14600699999994,4.5685520000000679],[-74.145967999999982,4.5685270000000742],[-74.145690999999943,4.5683390000000372],[-74.145333999999934,4.568093000000033],[-74.145317999999975,4.5680830000000583],[-74.145243999999934,4.5680320000000734],[-74.145089999999982,4.5679250000000593],[-74.145044999999982,4.5678970000000731],[-74.145017999999936,4.5678790000000618],[-74.144942999999955,4.5678270000000225],[-74.14490399999994,4.5678010000000313],[-74.144998999999984,4.5677060000000438],[-74.14503499999995,4.5676750000000652],[-74.145058999999947,4.567651000000069],[-74.145070999999973,4.5676150000000462],[-74.145069999999976,4.5675790000000234],[-74.144987999999955,4.5674370000000408],[-74.144683999999984,4.5671180000000504],[-74.144334999999955,4.5667420000000334],[-74.144175999999959,4.5665700000000697],[-74.14402199999995,4.5663720000000581],[-74.14387899999997,4.5661900000000628],[-74.143728999999951,4.5659650000000624],[-74.143481999999949,4.5655630000000542],[-74.143254999999954,4.5652090000000385],[-74.143148999999937,4.5650320000000306],[-74.142986999999948,4.5647610000000327],[-74.142739999999947,4.564360000000022],[-74.142503999999974,4.563959000000068],[-74.142254999999977,4.5635580000000573],[-74.142083999999954,4.5633190000000354],[-74.141969999999958,4.563171000000068],[-74.141673999999966,4.5628700000000322],[-74.141404999999963,4.5626460000000293],[-74.141167999999936,4.562479000000053],[-74.140985999999941,4.5623750000000314],[-74.140519999999981,4.5620830000000296],[-74.140149999999949,4.5618840000000205],[-74.14002499999998,4.5618550000000369],[-74.139811999999949,4.5618440000000646],[-74.139541999999949,4.5618310000000406],[-74.139426999999955,4.5618090000000393],[-74.139386999999942,4.5617970000000696],[-74.139255999999989,4.5617500000000746],[-74.139143999999987,4.5617320000000632],[-74.139163999999937,4.5616230000000542],[-74.13919999999996,4.5613390000000322],[-74.139246999999955,4.5610250000000292],[-74.139265999999964,4.5608910000000265],[-74.139310999999964,4.5605710000000386],[-74.139335999999957,4.5603190000000495],[-74.139335999999957,4.5601370000000543],[-74.139329999999973,4.5599540000000616],[-74.139318999999944,4.5597750000000588],[-74.139298999999937,4.5596190000000547],[-74.139238999999975,4.5592690000000289],[-74.139172999999971,4.5590200000000323],[-74.139151999999967,4.5589570000000208],[-74.139117999999939,4.5588550000000509],[-74.139043999999956,4.5586430000000746],[-74.139002999999946,4.5585330000000681],[-74.13895999999994,4.5584090000000401],[-74.13892199999998,4.5583020000000261],[-74.138892999999939,4.5582410000000664],[-74.138829999999984,4.5580740000000333],[-74.138763999999981,4.5578910000000405],[-74.138746999999967,4.5578530000000228],[-74.138515999999981,4.5571690000000444],[-74.138450999999975,4.5569690000000378],[-74.138364999999965,4.556709000000069],[-74.138292999999976,4.5564940000000433],[-74.138166999999953,4.5560870000000477],[-74.138149999999939,4.5560320000000729],[-74.138045999999974,4.5556940000000736],[-74.137927999999988,4.5553240000000415],[-74.137936999999965,4.5552790000000414],[-74.13794299999995,4.5552480000000628],[-74.13794699999994,4.5552220000000716],[-74.137958999999967,4.5551890000000412],[-74.137970999999936,4.5551660000000425],[-74.137986999999953,4.5551400000000513],[-74.137999999999977,4.5551090000000727],[-74.138008999999954,4.5550860000000739],[-74.138015999999936,4.555054000000041],[-74.138253999999961,4.5547070000000645],[-74.138377999999989,4.5545500000000629],[-74.138683999999955,4.5544510000000287],[-74.139106999999967,4.5543140000000335],[-74.139457999999934,4.5542020000000321],[-74.139493999999956,4.5541870000000699],[-74.139548999999988,4.554172000000051],[-74.139786999999956,4.5540700000000243],[-74.139882999999941,4.5540300000000684],[-74.139927999999941,4.5540050000000747],[-74.139940999999965,4.5539870000000633],[-74.140132999999935,4.5538680000000227],[-74.140313999999989,4.5537440000000515],[-74.140331999999944,4.5537080000000287],[-74.14029899999997,4.5534200000000737],[-74.140303999999958,4.5533700000000294],[-74.140290999999934,4.5531330000000594],[-74.140299999999968,4.552944000000025],[-74.140307999999948,4.552579000000037],[-74.140329999999949,4.5521500000000401],[-74.140329999999949,4.5518120000000408],[-74.140322999999967,4.5517140000000609],[-74.140319999999974,4.5514030000000503],[-74.140320999999972,4.5512820000000715],[-74.140319999999974,4.5509740000000534],[-74.140317999999979,4.5508500000000254],[-74.140319999999974,4.5505530000000363],[-74.140321999999969,4.5503630000000612],[-74.140530999999953,4.5502880000000232],[-74.141163999999947,4.5500540000000456],[-74.141206999999952,4.5500340000000392],[-74.141133999999965,4.5495930000000726],[-74.141123999999934,4.5495400000000359],[-74.141059999999982,4.5491430000000719],[-74.141054999999938,4.5490860000000453],[-74.140986999999939,4.5486640000000307],[-74.140981999999951,4.5486170000000357],[-74.140921999999989,4.5481840000000489],[-74.140921999999989,4.5481270000000222],[-74.141019999999969,4.5481220000000349],[-74.141547999999943,4.5480170000000726],[-74.14201799999995,4.5479160000000434],[-74.142065999999943,4.5479060000000686],[-74.141994999999952,4.5474470000000338],[-74.141926999999953,4.5469780000000242],[-74.141879999999958,4.5466680000000679],[-74.141865999999936,4.5465680000000361],[-74.141838999999948,4.5464490000000524],[-74.141847999999982,4.546318000000042],[-74.141887999999938,4.546066000000053],[-74.141941999999972,4.5457350000000361],[-74.141929999999945,4.5456040000000257],[-74.141916999999978,4.545263000000034],[-74.14231499999994,4.5448080000000459],[-74.142348999999967,4.5447620000000484],[-74.142432999999983,4.544710000000066],[-74.142474999999934,4.5447010000000319],[-74.142542999999989,4.5446960000000445],[-74.142587999999989,4.5446920000000546],[-74.143100999999945,4.5446250000000532],[-74.143152999999984,4.5446190000000684],[-74.142950999999982,4.5439910000000623],[-74.142891999999961,4.5437830000000758],[-74.142783999999949,4.5434830000000375],[-74.143344999999954,4.5437780000000316],[-74.143787999999972,4.5439170000000217],[-74.144073999999989,4.5440420000000472],[-74.144082999999966,4.5439890000000673],[-74.144088999999951,4.5435870000000591],[-74.144093999999939,4.5432790000000409],[-74.144112999999948,4.5429040000000214],[-74.144137999999941,4.5428170000000705],[-74.144204999999943,4.5426860000000602],[-74.144253999999989,4.5423190000000204],[-74.144543999999939,4.542314000000033],[-74.144590999999934,4.5423030000000608],[-74.145284999999944,4.5421950000000493],[-74.145629999999983,4.5421450000000618],[-74.145718999999985,4.5421220000000631],[-74.14578199999994,4.5421060000000466],[-74.146075999999937,4.5420910000000276],[-74.146462999999983,4.542047000000025],[-74.146505999999988,4.5420460000000276],[-74.146509999999978,4.5416610000000333],[-74.146542999999951,4.5415850000000546],[-74.146573999999987,4.5413540000000694],[-74.146575999999982,4.5412600000000225],[-74.146507999999983,4.5411400000000413],[-74.146483999999987,4.541067000000055],[-74.146477999999945,4.5410340000000247],[-74.146518999999955,4.5406130000000644],[-74.146631999999954,4.5402570000000537],[-74.146445999999969,4.5401220000000535],[-74.14624699999996,4.5399380000000633],[-74.146183999999948,4.5398440000000733],[-74.145880999999974,4.5397360000000617],[-74.145950999999968,4.5393260000000737],[-74.145994999999971,4.5391390000000342],[-74.146326999999985,4.5392440000000533],[-74.146461999999985,4.5392880000000559],[-74.146539999999959,4.5393170000000396],[-74.146627999999964,4.5393490000000725],[-74.146934999999985,4.5394490000000474],[-74.147273999999982,4.5395830000000501],[-74.147321999999974,4.5395980000000691],[-74.147597999999959,4.5397550000000706],[-74.147849999999949,4.5399000000000456],[-74.14787199999995,4.539918000000057],[-74.147911999999963,4.5399710000000368],[-74.147940999999946,4.5400200000000268],[-74.148028999999951,4.540155000000027],[-74.14897499999995,4.5389580000000365],[-74.149012999999968,4.538908000000049],[-74.148931999999945,4.5387710000000538],[-74.148878999999965,4.5387200000000689],[-74.148722999999961,4.5384990000000585],[-74.148539999999969,4.5382240000000706],[-74.148513999999977,4.5381990000000201],[-74.148478999999952,4.5381420000000503],[-74.148359999999968,4.5379330000000664],[-74.148279999999943,4.5377880000000346],[-74.148259999999937,4.5377270000000749],[-74.148221999999976,4.5376200000000608],[-74.14819099999994,4.537537000000043],[-74.148104999999987,4.5373110000000452],[-74.148052999999948,4.5371650000000727],[-74.147923999999989,4.5369420000000673],[-74.147837999999979,4.5368700000000217],[-74.147283999999956,4.5362460000000624],[-74.147193999999956,4.536215000000027],[-74.147196999999949,4.5359540000000607],[-74.147186999999974,4.5357910000000743],[-74.147181999999987,4.5355500000000575],[-74.147164999999973,4.5353460000000609],[-74.147153999999944,4.5349920000000452],[-74.147135999999989,4.5345400000000495],[-74.147152999999946,4.5342570000000251],[-74.147190999999964,4.5339750000000549],[-74.147202999999934,4.5337240000000634],[-74.147198999999944,4.5336560000000645],[-74.146733999999981,4.5331780000000208],[-74.146672999999964,4.5330720000000611],[-74.146631999999954,4.532952000000023],[-74.146611999999948,4.5328500000000531],[-74.146591999999941,4.532743000000039]]},"properties":{"OBJECTID":61,"OBJECTID_1":142,"RSPNRUTA":"ZP-P41-2","RSPCDEFINI":"ZP-P41","RSPDISTANC":23.524929050000001,"RSPDENOMIN":"ARABIA - PUERTA DE TEJA","RSPTRUTA":"PROVISIONAL","RSPORIGEN":"CIUDAD BOLIVAR","RSPDESTINO":"FONTIBON","RSPIRUTA":211,"SHAPELEN":23697.4497798841,"Shape_Length":0.088828810829523625}},{"type":"Feature","id":62,"geometry":{"type":"MultiLineString","coordinates":[[[-74.138860060999946,4.5734680900000626],[-74.139403999999956,4.5732600000000616],[-74.139490999999964,4.5732270000000312],[-74.139605999999958,4.5731600000000299],[-74.139729999999986,4.5731280000000538],[-74.139600999999971,4.5726080000000593],[-74.139463999999975,4.5720460000000571],[-74.139414999999985,4.5719640000000368],[-74.139354999999966,4.5716980000000262],[-74.139083999999968,4.570523000000037],[-74.138904999999966,4.5697100000000432],[-74.138887999999952,4.5696350000000621],[-74.138867999999945,4.5695530000000417],[-74.138808999999981,4.5693490000000452],[-74.138725999999963,4.5690730000000599],[-74.138557999999989,4.568377000000055],[-74.138521999999966,4.5681950000000597],[-74.138491999999985,4.5680720000000292],[-74.138475999999969,4.5679960000000506],[-74.138440999999943,4.5677870000000667],[-74.138428999999974,4.5677250000000527],[-74.138424999999984,4.5676990000000615],[-74.138405999999975,4.5675030000000447],[-74.138400999999988,4.5674460000000749],[-74.138383999999974,4.5672770000000469],[-74.138392999999951,4.5671310000000744],[-74.138396999999941,4.5670720000000529],[-74.13840799999997,4.566880000000026],[-74.138406999999972,4.566784000000041],[-74.138405999999975,4.5667760000000612],[-74.138406999999972,4.5667300000000637],[-74.13841599999995,4.5665180000000305],[-74.138427999999976,4.5663170000000264],[-74.138430999999969,4.5662810000000604],[-74.138440999999943,4.5661790000000337],[-74.138443999999936,4.5661310000000412],[-74.138476999999966,4.5658630000000358],[-74.138514999999984,4.5655560000000719],[-74.138588999999968,4.5650530000000344],[-74.138792999999964,4.5640870000000291],[-74.138846999999942,4.5637480000000323],[-74.138871999999935,4.5636120000000346],[-74.138886999999954,4.5634840000000736],[-74.138923999999975,4.5632740000000354],[-74.138939999999934,4.5631870000000276],[-74.138968999999975,4.5630050000000324],[-74.138976999999954,4.5629560000000424],[-74.139023999999949,4.5626870000000395],[-74.139036999999973,4.5625830000000747],[-74.139058999999975,4.5624090000000592],[-74.139089999999953,4.5621350000000689],[-74.139120999999989,4.5618770000000382],[-74.139143999999987,4.5617320000000632],[-74.139163999999937,4.5616230000000542],[-74.13919999999996,4.5613390000000322],[-74.139246999999955,4.5610250000000292],[-74.139265999999964,4.5608910000000265],[-74.139310999999964,4.5605710000000386],[-74.139335999999957,4.5603190000000495],[-74.139335999999957,4.5601370000000543],[-74.139329999999973,4.5599540000000616],[-74.139318999999944,4.5597750000000588],[-74.139298999999937,4.5596190000000547],[-74.139238999999975,4.5592690000000289],[-74.139172999999971,4.5590200000000323],[-74.139151999999967,4.5589570000000208],[-74.139117999999939,4.5588550000000509],[-74.139043999999956,4.5586430000000746],[-74.139002999999946,4.5585330000000681],[-74.13895999999994,4.5584090000000401],[-74.13892199999998,4.5583020000000261],[-74.138892999999939,4.5582410000000664],[-74.138829999999984,4.5580740000000333],[-74.138763999999981,4.5578910000000405],[-74.138746999999967,4.5578530000000228],[-74.138515999999981,4.5571690000000444],[-74.138450999999975,4.5569690000000378],[-74.138364999999965,4.556709000000069],[-74.138292999999976,4.5564940000000433],[-74.138166999999953,4.5560870000000477],[-74.138149999999939,4.5560320000000729],[-74.138045999999974,4.5556940000000736],[-74.137927999999988,4.5553240000000415],[-74.137877999999944,4.555165000000045],[-74.137833999999941,4.5550400000000764],[-74.137651999999946,4.5545170000000326],[-74.137429999999938,4.5538800000000492],[-74.137306999999964,4.5535160000000587],[-74.137220999999954,4.5532660000000647],[-74.137028999999984,4.5527010000000701],[-74.136993999999959,4.5526010000000383],[-74.136971999999957,4.5525390000000243],[-74.136893999999984,4.5523100000000341],[-74.13687699999997,4.5522660000000315],[-74.136772999999948,4.5519560000000752],[-74.136681999999951,4.5516500000000519],[-74.136622999999986,4.5513030000000754],[-74.136610999999959,4.5508880000000431],[-74.136654999999962,4.5505240000000526],[-74.136712999999986,4.5502270000000635],[-74.137001999999939,4.5490230000000338],[-74.137133999999946,4.5484830000000329],[-74.137197999999955,4.5481420000000412],[-74.137227999999936,4.5476320000000214],[-74.137204999999938,4.5473610000000235],[-74.137088999999946,4.5468330000000492],[-74.136890999999935,4.5463510000000724],[-74.136641999999938,4.5458400000000552],[-74.136454999999955,4.5455130000000281],[-74.136288999999977,4.5451910000000453],[-74.136146999999937,4.5449180000000524],[-74.135980999999958,4.544599000000062],[-74.135842999999966,4.5443330000000515],[-74.135785999999939,4.5442240000000425],[-74.134622999999976,4.5419820000000755],[-74.133938999999941,4.5406670000000418],[-74.133784999999989,4.5404050000000211],[-74.133617999999956,4.5401810000000751],[-74.133534999999938,4.5400510000000622],[-74.133461999999952,4.539950000000033],[-74.133403999999985,4.5398780000000443],[-74.133321999999964,4.5397830000000567],[-74.133246999999983,4.539698000000044],[-74.133209999999963,4.5396580000000313],[-74.133171999999945,4.5396200000000704],[-74.133142999999961,4.5395940000000223],[-74.133055999999954,4.5395090000000664],[-74.132972999999936,4.539431000000036],[-74.132859999999937,4.5393300000000636],[-74.131733999999938,4.538451000000066],[-74.130706999999973,4.5376490000000445],[-74.129106999999976,4.5363920000000348],[-74.128819999999962,4.5361240000000294],[-74.128588999999977,4.5358680000000504],[-74.12834799999996,4.5355460000000676],[-74.128161999999975,4.5352480000000241],[-74.127977999999985,4.5348830000000362],[-74.127814999999941,4.5344660000000658],[-74.127719999999954,4.5341230000000223],[-74.127652999999952,4.5337690000000634],[-74.127560999999957,4.5331820000000675],[-74.127252999999939,4.5307860000000346],[-74.127130999999963,4.5298500000000672],[-74.126956999999948,4.5285350000000335],[-74.126783999999986,4.5272160000000667],[-74.126711999999941,4.5266650000000368],[-74.126665999999943,4.5263060000000337],[-74.126651999999979,4.5262050000000613],[-74.126598999999942,4.5258470000000557],[-74.126572999999951,4.5256800000000226],[-74.126545999999962,4.5255670000000237],[-74.126512999999989,4.525431000000026],[-74.126464999999939,4.5252780000000712],[-74.126413999999954,4.5251270000000545],[-74.126377999999988,4.5250270000000228],[-74.126342999999963,4.5249300000000403],[-74.126263999999935,4.5247390000000678],[-74.12620499999997,4.5246120000000474],[-74.126151999999934,4.5245020000000409],[-74.126058999999941,4.5243310000000747],[-74.125994999999989,4.5242200000000707],[-74.125964999999951,4.5241730000000757],[-74.12593899999996,4.5241360000000554],[-74.125783999999953,4.5239010000000235],[-74.125541999999939,4.5235890000000722],[-74.125246999999945,4.5232610000000477],[-74.124409999999955,4.5223300000000677],[-74.124278999999945,4.5221850000000359],[-74.124100999999939,4.5219830000000343],[-74.123924999999986,4.5217860000000201],[-74.123743999999988,4.5215860000000703],[-74.12356699999998,4.5213890000000561],[-74.123373999999956,4.5211740000000304],[-74.123197999999945,4.5209770000000731],[-74.123008999999968,4.5207520000000727],[-74.122957734999943,4.5206813460000603]],[[-74.124812673999941,4.523329100000069],[-74.125017999999955,4.5235560000000419],[-74.125192999999967,4.5237510000000611],[-74.125336999999945,4.5239170000000399],[-74.125478999999984,4.5240850000000705],[-74.125571999999977,4.5242040000000543],[-74.125606999999945,4.5242540000000417],[-74.125634999999988,4.5242990000000418],[-74.125651999999945,4.5243210000000431],[-74.125910999999974,4.5248050000000717],[-74.126078999999947,4.5252200000000471],[-74.126178999999979,4.5255920000000742],[-74.126189999999951,4.5256610000000705],[-74.126255999999955,4.5260680000000661],[-74.126295999999968,4.5263130000000729],[-74.126350999999943,4.526719000000071],[-74.126423999999986,4.5272680000000491],[-74.126594999999952,4.528585000000021],[-74.12676799999997,4.5298900000000231],[-74.126892999999939,4.5308350000000246],[-74.127219999999966,4.5332130000000461],[-74.127286999999967,4.5338250000000357],[-74.127367999999933,4.5342290000000389],[-74.12746999999996,4.5345770000000698],[-74.127640999999983,4.5350320000000579],[-74.127818999999988,4.5353840000000218],[-74.128080999999952,4.5357930000000692],[-74.128318999999976,4.5360970000000407],[-74.12838499999998,4.5361760000000686],[-74.128640999999959,4.5364490000000615],[-74.128866999999957,4.5366520000000605],[-74.12904199999997,4.5367970000000355],[-74.129171999999983,4.5369030000000521],[-74.129756999999984,4.5373620000000301],[-74.129953999999941,4.5375130000000468],[-74.130276999999978,4.5377590000000509],[-74.13048699999996,4.537930000000074],[-74.131493999999975,4.5387120000000323],[-74.132220999999959,4.5392960000000357],[-74.132380999999953,4.5394030000000498],[-74.132629999999949,4.5396050000000514],[-74.132663999999977,4.5396330000000376],[-74.13275699999997,4.5397130000000629],[-74.13280199999997,4.5397540000000731],[-74.132877999999948,4.5398270000000593],[-74.132987999999955,4.5399390000000608],[-74.133080999999947,4.5400420000000281],[-74.133129999999937,4.5400980000000573],[-74.133197999999936,4.5401800000000208],[-74.13324799999998,4.5402450000000272],[-74.13324799999998,4.5402460000000247],[-74.133293999999978,4.5403080000000386],[-74.133355999999935,4.5403930000000514],[-74.133388999999966,4.5404410000000439],[-74.133413999999959,4.5404770000000667],[-74.133710999999948,4.5409990000000562],[-74.134298999999942,4.5421270000000504],[-74.134629999999959,4.5427550000000565],[-74.134757999999977,4.5429960000000733],[-74.134841999999935,4.5431570000000647],[-74.134885999999938,4.543228000000056],[-74.135018999999943,4.5434430000000248],[-74.135236999999961,4.543796000000043],[-74.13529699999998,4.5439340000000357],[-74.135467999999946,4.5443260000000691],[-74.135534999999948,4.5444730000000391],[-74.135653999999988,4.5447480000000269],[-74.135813999999982,4.5450560000000451],[-74.135964999999942,4.5453500000000417],[-74.136130999999978,4.5456650000000423],[-74.136347999999941,4.5460900000000493],[-74.136659999999949,4.546711000000073],[-74.136763999999971,4.5470070000000646],[-74.136848999999984,4.5474080000000754],[-74.136869999999988,4.5476510000000303],[-74.136854999999969,4.5479830000000447],[-74.136814999999956,4.5482530000000452],[-74.136650999999972,4.5489560000000324],[-74.136360999999965,4.550151000000028],[-74.136266999999975,4.5506680000000301],[-74.136248999999964,4.5509920000000648],[-74.136261999999988,4.5513370000000464],[-74.136318999999958,4.5517180000000508],[-74.136410999999953,4.5520690000000741],[-74.136525999999947,4.5523980000000392],[-74.136542999999961,4.5524440000000368],[-74.136623999999983,4.552675000000022],[-74.136664999999937,4.5527870000000235],[-74.136679999999956,4.5528320000000235],[-74.136874999999975,4.5533720000000244],[-74.136957999999936,4.5536240000000703],[-74.137088999999946,4.5539780000000292],[-74.137243999999953,4.5544410000000539],[-74.137523999999985,4.5552350000000388],[-74.13770599999998,4.5557750000000397],[-74.137810999999942,4.5560850000000528],[-74.137841999999978,4.5561760000000504],[-74.137980999999968,4.5565800000000536],[-74.138053999999954,4.5567970000000741],[-74.138145999999949,4.5570620000000304],[-74.138216999999941,4.5572600000000421],[-74.138455999999962,4.5579490000000646],[-74.138856999999973,4.5590970000000652],[-74.138939999999934,4.5594190000000481],[-74.138980999999944,4.5596710000000371],[-74.138994999999966,4.5597960000000626],[-74.138998999999956,4.559955000000059],[-74.139000999999951,4.560115000000053],[-74.138999999999953,4.5602870000000735],[-74.138973999999962,4.5604970000000549],[-74.138923999999975,4.5608470000000239],[-74.138900999999976,4.5609790000000316],[-74.138898999999981,4.5609910000000582],[-74.138856999999973,4.561281000000065],[-74.138815999999963,4.5615430000000288],[-74.13877599999995,4.5618160000000216],[-74.138739999999984,4.5620870000000764],[-74.138697999999977,4.5623490000000402],[-74.138686999999948,4.562430000000063],[-74.138672999999983,4.5625480000000493],[-74.138663999999949,4.5626290000000722],[-74.138629999999978,4.5628350000000637],[-74.138611999999966,4.5629460000000677],[-74.138566999999966,4.5632270000000403],[-74.138523999999961,4.563474000000042],[-74.138475999999969,4.5637980000000766],[-74.13844899999998,4.5639890000000491],[-74.138441999999941,4.5640330000000517],[-74.138205999999968,4.5656070000000568],[-74.138156999999978,4.565998000000036],[-74.138104999999939,4.5663190000000213],[-74.138090999999974,4.5664110000000733],[-74.138078999999948,4.5664960000000292],[-74.138068999999973,4.566579000000047],[-74.138055999999949,4.5666660000000547],[-74.138042999999982,4.5667650000000322],[-74.138025999999968,4.5668730000000437],[-74.138024999999971,4.566895000000045],[-74.138024999999971,4.5670770000000402],[-74.138024999999971,4.5671370000000593],[-74.138025999999968,4.5673240000000419],[-74.138033999999948,4.5674530000000573],[-74.13803699999994,4.5675040000000422],[-74.138045999999974,4.5676460000000247],[-74.138049999999964,4.5677260000000501],[-74.138064999999983,4.567841000000044],[-74.138093999999967,4.5680080000000203],[-74.138107999999988,4.5680830000000583],[-74.138127999999938,4.5681860000000256],[-74.138146999999947,4.5682730000000333],[-74.138185999999962,4.5684320000000298],[-74.138240999999937,4.5686360000000263],[-74.138259999999946,4.5686950000000479],[-74.138281999999947,4.5687600000000543],[-74.138299999999958,4.5688200000000734],[-74.138323999999955,4.5689020000000369],[-74.138379999999984,4.5691050000000359],[-74.138495999999975,4.5696150000000557],[-74.138508999999942,4.5696570000000634],[-74.138523999999961,4.5697700000000623],[-74.138735999999938,4.5706230000000687],[-74.139214999999979,4.5724200000000224],[-74.139247999999952,4.572573000000034],[-74.139126241999975,4.5728715980000629]],[[-74.123321646999955,4.5216422740000439],[-74.12348899999995,4.5218320000000745],[-74.12367299999994,4.5220380000000659],[-74.123849999999948,4.5222370000000751],[-74.124022999999966,4.5224370000000249],[-74.124156999999968,4.5225940000000264],[-74.124484999999936,4.5229620000000637],[-74.124566288999972,4.5230534110000349]]]},"properties":{"OBJECTID":62,"OBJECTID_1":114,"RSPNRUTA":"ZP-743-3","RSPCDEFINI":"ZP-743","RSPDISTANC":86.687911990000003,"RSPDENOMIN":"ALFONSO LOPEZ - VILLA CINDY","RSPTRUTA":"PROVISIONAL","RSPORIGEN":"USME","RSPDESTINO":"FONTIBIN","RSPIRUTA":177,"SHAPELEN":87308.671480148594,"Shape_Length":0.11498762034738046}},{"type":"Feature","id":63,"geometry":{"type":"LineString","coordinates":[[-74.178006815999936,4.5996699500000204],[-74.177987999999971,4.5996300000000474],[-74.177779999999984,4.5991880000000265],[-74.177624999999978,4.5988530000000765],[-74.177548999999942,4.5986360000000559],[-74.177503999999942,4.5984200000000328],[-74.17748899999998,4.5981870000000526],[-74.177518999999961,4.5977530000000684],[-74.17753799999997,4.5975120000000516],[-74.177569999999946,4.5971110000000408],[-74.177570999999944,4.5970150000000558],[-74.177571999999941,4.5968940000000202],[-74.177573999999936,4.5967880000000605],[-74.177490999999975,4.5967850000000681],[-74.177393999999936,4.5967810000000213],[-74.17569199999997,4.59661600000004],[-74.175367999999935,4.5965760000000273],[-74.174607999999978,4.5964590000000385],[-74.171374999999955,4.5959880000000339],[-74.169781999999941,4.5957590000000437],[-74.169357999999988,4.5957010000000764],[-74.16886599999998,4.5956610000000637],[-74.167578999999989,4.5956440000000498],[-74.167270999999971,4.5956390000000624],[-74.16728999999998,4.594156000000055],[-74.167294999999967,4.5928820000000314],[-74.167299999999955,4.5916090000000622],[-74.167303999999945,4.5912820000000352],[-74.167302999999947,4.5911240000000362],[-74.167303999999945,4.5904470000000401],[-74.167304999999942,4.5903960000000552],[-74.16730599999994,4.5897150000000693],[-74.16730599999994,4.589665000000025],[-74.16730599999994,4.5895920000000388],[-74.167303999999945,4.5894940000000588],[-74.167308999999989,4.5890490000000455],[-74.167308999999989,4.5889740000000643],[-74.167307999999935,4.5888440000000514],[-74.167275999999958,4.5884080000000722],[-74.167251999999962,4.5883130000000278],[-74.167214999999942,4.5881760000000327],[-74.167173999999989,4.5880350000000476],[-74.167134999999973,4.5879010000000449],[-74.167085999999983,4.5877680000000396],[-74.166938999999957,4.5872810000000754],[-74.166923999999938,4.5872280000000387],[-74.166185999999982,4.5874600000000214],[-74.165151999999978,4.5877680000000396],[-74.165101999999933,4.587786000000051],[-74.165045999999961,4.5878060000000573],[-74.164158999999984,4.5880850000000351],[-74.164016999999944,4.5881190000000629],[-74.163248999999951,4.5883480000000532],[-74.163233999999989,4.5883910000000583],[-74.163212999999985,4.5884600000000546],[-74.163137999999947,4.5886960000000272],[-74.163088999999957,4.5888540000000262],[-74.163071999999943,4.5889230000000225],[-74.163087999999959,4.5889960000000656],[-74.162170999999944,4.5892810000000281],[-74.161339999999939,4.5895060000000285],[-74.161336999999946,4.5894130000000359],[-74.161306999999965,4.5889870000000315],[-74.161260999999968,4.5885440000000699],[-74.161194999999964,4.5880630000000338],[-74.161106999999959,4.5877350000000661],[-74.160897999999975,4.5872400000000653],[-74.159749999999974,4.5848760000000652],[-74.158908999999937,4.5831140000000232],[-74.158692999999971,4.5826620000000275],[-74.158086999999966,4.5815410000000725],[-74.157829999999933,4.5811220000000503],[-74.157821999999953,4.5809580000000665],[-74.157817999999963,4.5808710000000588],[-74.157816999999966,4.5808520000000499],[-74.157814999999971,4.5808090000000448],[-74.157815999999968,4.58079900000007],[-74.157817999999963,4.5807820000000561],[-74.157823999999948,4.5807530000000725],[-74.157836999999972,4.5807120000000623],[-74.15784199999996,4.5807000000000357],[-74.157855999999981,4.5806690000000572],[-74.157866999999953,4.5806500000000483],[-74.15788299999997,4.5806240000000571],[-74.157892999999945,4.5806100000000356],[-74.157908999999961,4.5805900000000292],[-74.157922999999982,4.5805740000000696],[-74.157944999999984,4.5805530000000658],[-74.157964999999933,4.5805370000000494],[-74.157987999999989,4.5805200000000355],[-74.158036999999979,4.5804790000000253],[-74.158089999999959,4.5804350000000227],[-74.158228999999949,4.5804110000000264],[-74.158566999999948,4.5803560000000516],[-74.158763999999962,4.5803190000000313],[-74.159211999999968,4.5802410000000577],[-74.159585999999933,4.5801780000000463],[-74.15964299999996,4.5801650000000222],[-74.159712999999954,4.5801510000000576],[-74.159774999999968,4.5801440000000753],[-74.159860999999978,4.5801280000000588],[-74.15996599999994,4.5801180000000272],[-74.160039999999981,4.5801090000000499],[-74.160125999999934,4.5801010000000701],[-74.160219999999981,4.5801100000000474],[-74.16034499999995,4.5801400000000285],[-74.160425999999973,4.580167000000074],[-74.160486999999989,4.5801940000000627],[-74.160580999999979,4.5802450000000476],[-74.160690999999986,4.5803330000000528],[-74.160819999999944,4.5804990000000316],[-74.161205999999936,4.581164000000058],[-74.161291999999946,4.5812800000000493],[-74.161414999999977,4.5814090000000647],[-74.16154899999998,4.5815180000000737],[-74.161700999999937,4.5816120000000637],[-74.162268999999981,4.5818720000000326],[-74.162558999999987,4.5820090000000278],[-74.162719999999979,4.5821460000000229],[-74.162840999999958,4.5822930000000497],[-74.162926999999968,4.5824570000000335],[-74.162977999999953,4.5826220000000717],[-74.162996999999962,4.5828530000000569],[-74.162944999999979,4.5836000000000467],[-74.162948999999969,4.5836910000000444],[-74.162972999999965,4.5837880000000268],[-74.163043999999957,4.5838980000000333],[-74.163142999999934,4.5839710000000764],[-74.163244999999961,4.5840060000000449],[-74.163366999999937,4.5840260000000512],[-74.163508999999976,4.5840130000000272],[-74.163658999999939,4.5839610000000448],[-74.163888999999983,4.5838620000000674],[-74.164107999999942,4.5837720000000672],[-74.16436699999997,4.5836540000000241],[-74.164506999999958,4.5835710000000631],[-74.164625999999942,4.5834700000000339],[-74.164728999999966,4.5833740000000489],[-74.164809999999989,4.583274000000074],[-74.164908999999966,4.5831140000000232],[-74.165115999999955,4.582644000000073],[-74.165400999999974,4.5819080000000554],[-74.165529999999933,4.5814480000000231],[-74.165922999999964,4.5794240000000741],[-74.165971999999954,4.5792050000000586],[-74.166038999999955,4.579003000000057],[-74.166091999999935,4.5789150000000518],[-74.16623199999998,4.5787420000000338],[-74.166492999999946,4.5784590000000662],[-74.166702999999984,4.5782260000000292],[-74.166861999999981,4.5780130000000554],[-74.166957999999966,4.5777710000000411],[-74.166987999999947,4.5775940000000332],[-74.166992999999934,4.577487000000076],[-74.167000999999971,4.5773460000000341],[-74.166962999999953,4.5771720000000755],[-74.166876999999943,4.5769510000000651],[-74.166798999999969,4.5768300000000295],[-74.166735999999958,4.5767360000000394],[-74.166399999999953,4.5764050000000225],[-74.166282999999964,4.5762920000000236],[-74.166058999999962,4.5760670000000232],[-74.165912999999989,4.5759140000000684],[-74.165692999999976,4.5756270000000541],[-74.165540999999962,4.5754120000000285],[-74.165371999999934,4.5751750000000584],[-74.165225999999961,4.5749760000000492],[-74.165039999999976,4.5747180000000753],[-74.16497899999996,4.5746930000000248],[-74.165575999999987,4.5741380000000618],[-74.165854999999965,4.573897000000045],[-74.166209999999978,4.573579000000052],[-74.166354999999953,4.5734640000000581],[-74.166904999999986,4.5729580000000283],[-74.167037999999934,4.5729150000000232],[-74.167470999999978,4.5724890000000755],[-74.167628999999977,4.572353000000021],[-74.167682999999954,4.5722920000000613],[-74.167655999999965,4.5722580000000335],[-74.167471999999975,4.5720640000000685],[-74.168042999999955,4.5715350000000399],[-74.168145999999979,4.5714410000000498],[-74.168327999999974,4.5712830000000508],[-74.168362999999943,4.571249000000023],[-74.168254999999988,4.5710920000000215],[-74.168131999999957,4.5709440000000541]]},"properties":{"OBJECTID":63,"OBJECTID_1":67,"RSPNRUTA":"ZP-C9-2","RSPCDEFINI":"ZP-C9","RSPDISTANC":31.253660199999999,"RSPDENOMIN":"JERUSAL","RSPTRUTA":"PROVISIONAL","RSPORIGEN":"PERDOMO","RSPDESTINO":"CALLE 80","RSPIRUTA":117,"SHAPELEN":31461.523418198201,"Shape_Length":0.062863529472334423}},{"type":"Feature","id":64,"geometry":{"type":"LineString","coordinates":[[-74.156677999999943,4.5916400000000408],[-74.156846999999971,4.5916150000000471],[-74.157486999999946,4.5915530000000331],[-74.157557999999938,4.591583000000071],[-74.157669999999939,4.5915820000000735],[-74.157628999999986,4.5911540000000741],[-74.157618999999954,4.5910700000000588],[-74.157575999999949,4.5906540000000291],[-74.157533999999941,4.5902090000000726],[-74.157528999999954,4.5901330000000371],[-74.157485999999949,4.5897840000000656],[-74.157444999999939,4.5893730000000232],[-74.157373999999948,4.5893210000000408],[-74.157422999999937,4.5892280000000483],[-74.157375999999942,4.5889670000000251],[-74.157211999999959,4.5885200000000737],[-74.156821999999977,4.5873150000000464],[-74.155088999999975,4.5879560000000765],[-74.15468199999998,4.5878860000000259],[-74.154020999999943,4.5883920000000558],[-74.15329399999996,4.5889120000000503],[-74.152568999999971,4.5894540000000461],[-74.151843999999983,4.5899840000000722],[-74.15176699999995,4.5900420000000395],[-74.151492999999959,4.590246000000036],[-74.15143999999998,4.5901420000000712],[-74.151382999999953,4.5894720000000575],[-74.151363999999944,4.5892410000000723],[-74.151339999999948,4.5891880000000356],[-74.151302999999984,4.5891500000000747],[-74.150985999999989,4.5889360000000465],[-74.150922999999977,4.5888990000000263],[-74.150781999999936,4.5887820000000374],[-74.150583999999981,4.5885530000000472],[-74.150293999999974,4.5887150000000361],[-74.149993999999936,4.5889110000000528],[-74.149252999999987,4.5893280000000232],[-74.148771999999951,4.5896080000000552],[-74.148454520999962,4.5897949180000523]]},"properties":{"OBJECTID":64,"OBJECTID_1":205,"RSPNRUTA":"ZP-140-1","RSPCDEFINI":"ZP-140","RSPDISTANC":17.910570140000001,"RSPDENOMIN":"ISLA DEL SOL - PALOQUEMAO","RSPTRUTA":"PROVISIONAL","RSPORIGEN":"PERDOMO","RSPDESTINO":"NEUTRA","RSPIRUTA":292,"SHAPELEN":18444.998917198001,"Shape_Length":0.016192185724999818}},{"type":"Feature","id":65,"geometry":{"type":"LineString","coordinates":[[-74.135360999999989,4.5382710000000657],[-74.135689999999954,4.538263000000029],[-74.136070999999959,4.5382800000000429],[-74.136149999999986,4.5382690000000707],[-74.136240999999984,4.5382300000000555],[-74.136288999999977,4.538180000000068],[-74.136322999999948,4.5381090000000199],[-74.136333999999977,4.538058000000035],[-74.136377999999979,4.5380040000000577],[-74.136429999999962,4.5379570000000626],[-74.136504999999943,4.5379110000000651],[-74.136757999999986,4.5376840000000698],[-74.136828999999977,4.5376310000000331],[-74.136852999999974,4.5375980000000595],[-74.136828999999977,4.5376310000000331],[-74.136757999999986,4.5376840000000698],[-74.136809999999969,4.5377050000000736],[-74.137181999999939,4.5377980000000662],[-74.137375999999961,4.5378440000000637],[-74.137479999999982,4.5378700000000549],[-74.137759999999957,4.5379350000000613],[-74.137798999999973,4.5377860000000396],[-74.13784099999998,4.5375850000000355],[-74.137859999999989,4.5375070000000619],[-74.137916999999959,4.537270000000035],[-74.137929999999983,4.5372110000000703],[-74.138424999999984,4.5373310000000515],[-74.138687999999945,4.5374000000000478],[-74.138762999999983,4.5371000000000663],[-74.138805999999988,4.5369060000000445],[-74.138825999999938,4.5368200000000343],[-74.138881999999967,4.5365820000000667],[-74.138887999999952,4.5365370000000667],[-74.138925999999969,4.5362570000000346],[-74.139377999999965,4.5364640000000236],[-74.139499999999941,4.5364990000000489],[-74.140206999999975,4.5367760000000317],[-74.140273999999977,4.5368000000000279],[-74.140164999999968,4.5370850000000473],[-74.140059999999949,4.5373530000000528],[-74.140018999999938,4.5374650000000543],[-74.140008999999964,4.537490000000048],[-74.139908999999989,4.5376940000000445],[-74.139766999999949,4.5379170000000499],[-74.139712999999972,4.5380010000000652],[-74.139623999999969,4.5381640000000516],[-74.139503999999988,4.5383410000000595],[-74.139361999999949,4.5385580000000232],[-74.139220999999964,4.5387920000000577],[-74.139098999999987,4.5389860000000226],[-74.138947999999971,4.5392200000000571],[-74.138823999999943,4.5394220000000587],[-74.13868599999995,4.5396540000000414],[-74.138547999999957,4.5398770000000468],[-74.138405999999975,4.5401070000000345],[-74.138170999999943,4.5404810000000566],[-74.138085999999987,4.5406150000000594],[-74.137899999999945,4.5409070000000611],[-74.137711999999965,4.5412110000000325],[-74.137686999999971,4.5412820000000238],[-74.13767699999994,4.5413800000000606],[-74.137826999999959,4.5416660000000206],[-74.137980999999968,4.5419540000000325],[-74.138072999999963,4.5422290000000203],[-74.13813399999998,4.5425110000000473],[-74.138144999999952,4.5426110000000222],[-74.138124999999945,4.5427450000000249],[-74.138118999999961,4.5427690000000212],[-74.138016999999934,4.5430530000000431],[-74.137939999999958,4.5432510000000548],[-74.137887999999975,4.5433970000000272],[-74.137831999999946,4.5435370000000717],[-74.137723999999935,4.5438120000000595],[-74.137651999999946,4.5440540000000738],[-74.137639999999976,4.5442980000000261],[-74.137630999999942,4.5446090000000368],[-74.137629999999945,4.5446940000000495],[-74.137628999999947,4.5450370000000362],[-74.13762799999995,4.5452150000000415],[-74.137628999999947,4.5453640000000632],[-74.13762799999995,4.5457230000000663],[-74.137625999999955,4.5460830000000669],[-74.137626999999952,4.5463310000000661],[-74.137652999999943,4.5464960000000474],[-74.137665999999967,4.54663400000004],[-74.137648999999954,4.5467510000000289],[-74.137548999999979,4.546999000000028],[-74.137514999999951,4.5470660000000294],[-74.137466999999958,4.5471360000000232],[-74.137352999999962,4.5473100000000386],[-74.137299999999982,4.5473470000000589],[-74.137243999999953,4.5473550000000387],[-74.137204999999938,4.5473610000000235],[-74.137088999999946,4.5468330000000492],[-74.136890999999935,4.5463510000000724],[-74.136641999999938,4.5458400000000552],[-74.136454999999955,4.5455130000000281],[-74.136288999999977,4.5451910000000453],[-74.136146999999937,4.5449180000000524],[-74.135980999999958,4.544599000000062],[-74.135842999999966,4.5443330000000515],[-74.135785999999939,4.5442240000000425],[-74.135652999999934,4.5441530000000512],[-74.135581999999943,4.5441630000000259],[-74.13552599999997,4.5442050000000336],[-74.135467999999946,4.5443260000000691],[-74.135534999999948,4.5444730000000391],[-74.135653999999988,4.5447480000000269],[-74.135813999999982,4.5450560000000451],[-74.135964999999942,4.5453500000000417],[-74.136130999999978,4.5456650000000423],[-74.136347999999941,4.5460900000000493],[-74.136659999999949,4.546711000000073],[-74.136763999999971,4.5470070000000646],[-74.136848999999984,4.5474080000000754],[-74.136869999999988,4.5476510000000303],[-74.136854999999969,4.5479830000000447],[-74.136814999999956,4.5482530000000452],[-74.136650999999972,4.5489560000000324],[-74.136360999999965,4.550151000000028],[-74.136266999999975,4.5506680000000301],[-74.136248999999964,4.5509920000000648],[-74.136261999999988,4.5513370000000464],[-74.136318999999958,4.5517180000000508],[-74.136410999999953,4.5520690000000741],[-74.136525999999947,4.5523980000000392],[-74.136542999999961,4.5524440000000368],[-74.136623999999983,4.552675000000022],[-74.136664999999937,4.5527870000000235],[-74.136679999999956,4.5528320000000235],[-74.136874999999975,4.5533720000000244],[-74.136957999999936,4.5536240000000703],[-74.137088999999946,4.5539780000000292],[-74.137243999999953,4.5544410000000539],[-74.137523999999985,4.5552350000000388],[-74.13770599999998,4.5557750000000397],[-74.137810999999942,4.5560850000000528],[-74.137841999999978,4.5561760000000504],[-74.137980999999968,4.5565800000000536],[-74.138053999999954,4.5567970000000741],[-74.138145999999949,4.5570620000000304],[-74.138216999999941,4.5572600000000421],[-74.138455999999962,4.5579490000000646],[-74.138856999999973,4.5590970000000652],[-74.138939999999934,4.5594190000000481],[-74.138980999999944,4.5596710000000371],[-74.138994999999966,4.5597960000000626],[-74.138998999999956,4.559955000000059],[-74.139000999999951,4.560115000000053],[-74.138999999999953,4.5602870000000735],[-74.138973999999962,4.5604970000000549],[-74.138923999999975,4.5608470000000239],[-74.138900999999976,4.5609790000000316],[-74.138898999999981,4.5609910000000582],[-74.138856999999973,4.561281000000065],[-74.138815999999963,4.5615430000000288],[-74.13877599999995,4.5618160000000216],[-74.138739999999984,4.5620870000000764],[-74.138697999999977,4.5623490000000402],[-74.138686999999948,4.562430000000063],[-74.138672999999983,4.5625480000000493],[-74.138663999999949,4.5626290000000722],[-74.138629999999978,4.5628350000000637],[-74.138611999999966,4.5629460000000677],[-74.138566999999966,4.5632270000000403],[-74.138523999999961,4.563474000000042],[-74.138475999999969,4.5637980000000766],[-74.13844899999998,4.5639890000000491],[-74.138441999999941,4.5640330000000517],[-74.138205999999968,4.5656070000000568],[-74.138156999999978,4.565998000000036],[-74.138104999999939,4.5663190000000213],[-74.138090999999974,4.5664110000000733],[-74.138078999999948,4.5664960000000292],[-74.138068999999973,4.566579000000047],[-74.138055999999949,4.5666660000000547],[-74.138042999999982,4.5667650000000322],[-74.138025999999968,4.5668730000000437],[-74.138024999999971,4.566895000000045],[-74.138024999999971,4.5670770000000402],[-74.138024999999971,4.5671370000000593],[-74.138025999999968,4.5673240000000419],[-74.138033999999948,4.5674530000000573],[-74.13803699999994,4.5675040000000422],[-74.138045999999974,4.5676460000000247],[-74.138049999999964,4.5677260000000501],[-74.138064999999983,4.567841000000044],[-74.138093999999967,4.5680080000000203],[-74.138107999999988,4.5680830000000583],[-74.138127999999938,4.5681860000000256],[-74.138146999999947,4.5682730000000333],[-74.138185999999962,4.5684320000000298],[-74.138240999999937,4.5686360000000263],[-74.138259999999946,4.5686950000000479],[-74.138281999999947,4.5687600000000543],[-74.138299999999958,4.5688200000000734],[-74.138323999999955,4.5689020000000369],[-74.138379999999984,4.5691050000000359],[-74.138495999999975,4.5696150000000557],[-74.138508999999942,4.5696570000000634],[-74.138523999999961,4.5697700000000623],[-74.138735999999938,4.5706230000000687],[-74.139214999999979,4.5724200000000224],[-74.139247999999952,4.572573000000034],[-74.139126241999975,4.5728715980000629]]},"properties":{"OBJECTID":65,"OBJECTID_1":167,"RSPNRUTA":"ZP-T109-1","RSPCDEFINI":"ZP-T109","RSPDISTANC":34.350399019999998,"RSPDENOMIN":"CORPAS - ACAPULCO","RSPTRUTA":"PROVISIONAL","RSPORIGEN":"SUBA CENTRO","RSPDESTINO":"CIUDAD BOLIVAR","RSPIRUTA":238,"SHAPELEN":34612.155760688103,"Shape_Length":0.052237196733341679}},{"type":"Feature","id":66,"geometry":{"type":"LineString","coordinates":[[-74.142434957999967,4.5800623920000589],[-74.142371999999966,4.579900000000066],[-74.142334999999946,4.5798090000000684],[-74.142259999999965,4.5796240000000239],[-74.142152999999951,4.5793430000000512],[-74.142016999999953,4.5789920000000279],[-74.141810999999961,4.5784550000000763],[-74.141609999999957,4.578008000000068],[-74.141426999999965,4.5776700000000687],[-74.141158999999959,4.5771230000000287],[-74.140853999999933,4.576526000000058],[-74.140371999999957,4.5755380000000514],[-74.140235999999959,4.5751480000000697],[-74.140101999999956,4.5746520000000714],[-74.139872999999966,4.5737010000000282],[-74.139729999999986,4.5731280000000538],[-74.139600999999971,4.5726080000000593],[-74.139463999999975,4.5720460000000571],[-74.139414999999985,4.5719640000000368],[-74.139354999999966,4.5716980000000262],[-74.139083999999968,4.570523000000037],[-74.138904999999966,4.5697100000000432],[-74.138887999999952,4.5696350000000621],[-74.138867999999945,4.5695530000000417],[-74.138808999999981,4.5693490000000452],[-74.138725999999963,4.5690730000000599],[-74.138557999999989,4.568377000000055],[-74.138521999999966,4.5681950000000597],[-74.138491999999985,4.5680720000000292],[-74.138475999999969,4.5679960000000506],[-74.138440999999943,4.5677870000000667],[-74.138428999999974,4.5677250000000527],[-74.138424999999984,4.5676990000000615],[-74.138405999999975,4.5675030000000447],[-74.138400999999988,4.5674460000000749],[-74.138383999999974,4.5672770000000469],[-74.138392999999951,4.5671310000000744],[-74.138396999999941,4.5670720000000529],[-74.13840799999997,4.566880000000026],[-74.138406999999972,4.566784000000041],[-74.138405999999975,4.5667760000000612],[-74.138406999999972,4.5667300000000637],[-74.13841599999995,4.5665180000000305],[-74.138427999999976,4.5663170000000264],[-74.138430999999969,4.5662810000000604],[-74.138440999999943,4.5661790000000337],[-74.138443999999936,4.5661310000000412],[-74.138476999999966,4.5658630000000358],[-74.138514999999984,4.5655560000000719],[-74.138588999999968,4.5650530000000344],[-74.138792999999964,4.5640870000000291],[-74.138846999999942,4.5637480000000323],[-74.138871999999935,4.5636120000000346],[-74.138886999999954,4.5634840000000736],[-74.138923999999975,4.5632740000000354],[-74.138939999999934,4.5631870000000276],[-74.138968999999975,4.5630050000000324],[-74.138976999999954,4.5629560000000424],[-74.139023999999949,4.5626870000000395],[-74.139036999999973,4.5625830000000747],[-74.139058999999975,4.5624090000000592],[-74.139089999999953,4.5621350000000689],[-74.139120999999989,4.5618770000000382],[-74.139143999999987,4.5617320000000632],[-74.139163999999937,4.5616230000000542],[-74.13919999999996,4.5613390000000322],[-74.139246999999955,4.5610250000000292],[-74.139265999999964,4.5608910000000265],[-74.139310999999964,4.5605710000000386],[-74.139335999999957,4.5603190000000495],[-74.139335999999957,4.5601370000000543],[-74.139329999999973,4.5599540000000616],[-74.139318999999944,4.5597750000000588],[-74.139298999999937,4.5596190000000547],[-74.139238999999975,4.5592690000000289],[-74.139172999999971,4.5590200000000323],[-74.139151999999967,4.5589570000000208],[-74.139117999999939,4.5588550000000509],[-74.139043999999956,4.5586430000000746],[-74.139002999999946,4.5585330000000681],[-74.13895999999994,4.5584090000000401],[-74.13892199999998,4.5583020000000261],[-74.138892999999939,4.5582410000000664],[-74.138829999999984,4.5580740000000333],[-74.138763999999981,4.5578910000000405],[-74.138746999999967,4.5578530000000228],[-74.138515999999981,4.5571690000000444],[-74.138450999999975,4.5569690000000378],[-74.138364999999965,4.556709000000069],[-74.138292999999976,4.5564940000000433],[-74.138166999999953,4.5560870000000477],[-74.138149999999939,4.5560320000000729],[-74.138045999999974,4.5556940000000736],[-74.137927999999988,4.5553240000000415],[-74.137877999999944,4.555165000000045],[-74.137833999999941,4.5550400000000764],[-74.137651999999946,4.5545170000000326],[-74.137429999999938,4.5538800000000492],[-74.137306999999964,4.5535160000000587],[-74.137220999999954,4.5532660000000647],[-74.137028999999984,4.5527010000000701],[-74.136993999999959,4.5526010000000383],[-74.136971999999957,4.5525390000000243],[-74.136893999999984,4.5523100000000341],[-74.13687699999997,4.5522660000000315],[-74.136772999999948,4.5519560000000752],[-74.136681999999951,4.5516500000000519],[-74.136622999999986,4.5513030000000754],[-74.136610999999959,4.5508880000000431],[-74.136654999999962,4.5505240000000526],[-74.136712999999986,4.5502270000000635],[-74.137001999999939,4.5490230000000338],[-74.137133999999946,4.5484830000000329],[-74.137197999999955,4.5481420000000412],[-74.137227999999936,4.5476320000000214],[-74.137204999999938,4.5473610000000235],[-74.137088999999946,4.5468330000000492],[-74.136890999999935,4.5463510000000724],[-74.136641999999938,4.5458400000000552],[-74.136454999999955,4.5455130000000281],[-74.136288999999977,4.5451910000000453],[-74.136146999999937,4.5449180000000524],[-74.135980999999958,4.544599000000062],[-74.135842999999966,4.5443330000000515],[-74.135785999999939,4.5442240000000425],[-74.134622999999976,4.5419820000000755],[-74.133938999999941,4.5406670000000418],[-74.133784999999989,4.5404050000000211],[-74.133617999999956,4.5401810000000751],[-74.133534999999938,4.5400510000000622],[-74.133461999999952,4.539950000000033],[-74.133403999999985,4.5398780000000443],[-74.133321999999964,4.5397830000000567],[-74.133246999999983,4.539698000000044],[-74.133209999999963,4.5396580000000313],[-74.133171999999945,4.5396200000000704],[-74.133142999999961,4.5395940000000223],[-74.133055999999954,4.5395090000000664],[-74.132972999999936,4.539431000000036],[-74.132859999999937,4.5393300000000636],[-74.131733999999938,4.538451000000066],[-74.130706999999973,4.5376490000000445],[-74.129106999999976,4.5363920000000348],[-74.128819999999962,4.5361240000000294],[-74.128588999999977,4.5358680000000504],[-74.12834799999996,4.5355460000000676],[-74.128161999999975,4.5352480000000241],[-74.127977999999985,4.5348830000000362],[-74.127814999999941,4.5344660000000658],[-74.127719999999954,4.5341230000000223],[-74.127652999999952,4.5337690000000634],[-74.127560999999957,4.5331820000000675],[-74.127252999999939,4.5307860000000346],[-74.127130999999963,4.5298500000000672],[-74.126956999999948,4.5285350000000335],[-74.126783999999986,4.5272160000000667],[-74.126711999999941,4.5266650000000368],[-74.126665999999943,4.5263060000000337],[-74.126651999999979,4.5262050000000613],[-74.126598999999942,4.5258470000000557],[-74.126572999999951,4.5256800000000226],[-74.126545999999962,4.5255670000000237],[-74.126512999999989,4.525431000000026],[-74.126464999999939,4.5252780000000712],[-74.126413999999954,4.5251270000000545],[-74.126377999999988,4.5250270000000228],[-74.126342999999963,4.5249300000000403],[-74.126263999999935,4.5247390000000678],[-74.12620499999997,4.5246120000000474],[-74.126151999999934,4.5245020000000409],[-74.126058999999941,4.5243310000000747],[-74.125994999999989,4.5242200000000707],[-74.125964999999951,4.5241730000000757],[-74.12593899999996,4.5241360000000554],[-74.125783999999953,4.5239010000000235],[-74.125541999999939,4.5235890000000722],[-74.125246999999945,4.5232610000000477],[-74.124409999999955,4.5223300000000677],[-74.124278999999945,4.5221850000000359],[-74.124100999999939,4.5219830000000343],[-74.123924999999986,4.5217860000000201],[-74.123743999999988,4.5215860000000703],[-74.12356699999998,4.5213890000000561],[-74.123373999999956,4.5211740000000304],[-74.123197999999945,4.5209770000000731],[-74.123008999999968,4.5207520000000727],[-74.122957734999943,4.5206813460000603]]},"properties":{"OBJECTID":66,"OBJECTID_1":153,"RSPNRUTA":"ZP-P64-2","RSPCDEFINI":"ZP-P64","RSPDISTANC":33.769760130000002,"RSPDENOMIN":"EL UVAL - EL REFUGIO","RSPTRUTA":"PROVISIONAL","RSPORIGEN":"USME","RSPDESTINO":"FONTIBON","RSPIRUTA":223,"SHAPELEN":34017.885875227301,"Shape_Length":0.065404736923670201}},{"type":"Feature","id":67,"geometry":{"type":"LineString","coordinates":[[-74.138797257999954,4.5735514430000421],[-74.138810999999976,4.5735510000000659],[-74.139013999999975,4.5735440000000267],[-74.139165999999989,4.5735750000000621],[-74.139344999999935,4.5736760000000345],[-74.13947799999994,4.5738160000000221],[-74.139540999999952,4.573882000000026],[-74.139820999999984,4.5750030000000379],[-74.139985999999965,4.5755470000000287],[-74.140170999999953,4.5759740000000306],[-74.140534999999943,4.576684000000057],[-74.140798999999959,4.5772030000000541],[-74.140836999999976,4.5772760000000403],[-74.140921999999989,4.5774320000000444],[-74.141272999999956,4.5781560000000354],[-74.141293999999959,4.5781930000000557],[-74.141309999999976,4.5782250000000317],[-74.141350999999986,4.5783150000000319],[-74.141414999999938,4.5784590000000662],[-74.141484999999989,4.5786280000000374],[-74.141572999999937,4.5788340000000289],[-74.141673999999966,4.579099000000042],[-74.141821999999934,4.5794690000000742],[-74.141861999999946,4.5795560000000251],[-74.14192399999996,4.5797470000000544],[-74.142024999999933,4.5800160000000574],[-74.142040717999976,4.5800561070000754]]},"properties":{"OBJECTID":67,"OBJECTID_1":138,"RSPNRUTA":"ZP-P27-1","RSPCDEFINI":"ZP-P27","RSPDISTANC":24.219430920000001,"RSPDENOMIN":"BELLA VISTA - TERMINAL DE TRANSPORTE","RSPTRUTA":"PROVISIONAL","RSPORIGEN":"USME","RSPDESTINO":"FONTIBON","RSPIRUTA":206,"SHAPELEN":24417.181031848901,"Shape_Length":0.0075466537820531397}},{"type":"Feature","id":68,"geometry":{"type":"LineString","coordinates":[[-74.142830825999965,4.5800300940000511],[-74.142932999999971,4.5799270000000547],[-74.142999999999972,4.5798510000000761],[-74.143020999999976,4.579827000000023],[-74.143038999999987,4.5798040000000242],[-74.143054999999947,4.579776000000038],[-74.143083999999988,4.5797200000000657],[-74.143113999999969,4.5796630000000391],[-74.143117999999959,4.5796550000000593],[-74.14314399999995,4.579618000000039],[-74.143195999999989,4.5795660000000566],[-74.143214999999941,4.5795590000000743],[-74.143230999999957,4.5795510000000377],[-74.14323799999994,4.5795460000000503],[-74.143249999999966,4.5795350000000212],[-74.14332799999994,4.579477000000054],[-74.143424999999979,4.5794160000000375],[-74.143502999999953,4.5793480000000386],[-74.14438599999994,4.5786950000000388],[-74.144591999999989,4.5785680000000752],[-74.144814999999937,4.5784760000000233],[-74.144998999999984,4.5784280000000308],[-74.145209999999963,4.5784010000000421],[-74.145430999999974,4.5784040000000346],[-74.145437999999956,4.5784040000000346],[-74.145637999999963,4.5784340000000725],[-74.145853999999986,4.5784980000000246],[-74.147183999999982,4.5790100000000393],[-74.149583999999948,4.5799630000000207],[-74.151095999999939,4.5805710000000204],[-74.151189999999986,4.5806080000000406],[-74.151214999999979,4.5806180000000722],[-74.151220999999964,4.5806220000000621],[-74.151419999999973,4.5807010000000332],[-74.151501999999937,4.5807350000000611],[-74.151509999999973,4.5807380000000535],[-74.151568999999938,4.5807510000000207],[-74.151573999999982,4.580752000000075],[-74.151643999999976,4.5807820000000561],[-74.151653999999951,4.5807900000000359],[-74.151666999999975,4.580801000000065],[-74.151674999999955,4.5808050000000549],[-74.151681999999937,4.5808090000000448],[-74.151723999999945,4.5808250000000612],[-74.152110999999934,4.5809750000000236],[-74.152398999999946,4.5810650000000237],[-74.152655999999979,4.5811240000000453],[-74.15300899999994,4.5811780000000226],[-74.153403999999966,4.5811910000000466],[-74.153739999999971,4.5811720000000378],[-74.153818999999942,4.581162000000063],[-74.153862999999944,4.5811560000000213],[-74.153953999999942,4.5811430000000541],[-74.154365999999982,4.5810730000000603],[-74.154506999999967,4.5810480000000666],[-74.154765999999938,4.5810050000000615],[-74.155092999999965,4.5809480000000349],[-74.155260999999939,4.5809180000000538],[-74.15533499999998,4.5809040000000323],[-74.155393999999944,4.5808900000000676],[-74.155431999999962,4.5808860000000209],[-74.155651999999975,4.5808500000000549],[-74.156113999999945,4.5807700000000295],[-74.156152999999961,4.5807640000000447],[-74.156610999999941,4.5806860000000711],[-74.156703999999934,4.5806670000000622],[-74.156833999999947,4.580641000000071],[-74.156852999999956,4.5806370000000243],[-74.157114999999976,4.5805930000000217],[-74.157239999999945,4.5805690000000254],[-74.157253999999966,4.5805670000000305],[-74.157304999999951,4.580564000000038],[-74.157362999999975,4.5805520000000683],[-74.157523999999967,4.5805350000000544],[-74.157476999999972,4.5804360000000202],[-74.157476999999972,4.5804350000000227],[-74.157472999999982,4.5804260000000454],[-74.157471999999984,4.580423000000053],[-74.157448999999986,4.5803640000000314],[-74.15731599999998,4.5801010000000701],[-74.157292999999981,4.580058000000065],[-74.157099999999957,4.5796990000000619],[-74.156856999999945,4.5792540000000486],[-74.156520999999941,4.5786530000000312],[-74.156489999999962,4.5785940000000664],[-74.156309999999962,4.5782540000000722],[-74.156278999999984,4.578200000000038],[-74.156252999999936,4.5781620000000203],[-74.156240999999966,4.5781410000000733],[-74.156233999999984,4.5781320000000392],[-74.156196999999963,4.5780590000000529],[-74.156173999999965,4.5780000000000314],[-74.156168999999977,4.5779840000000718],[-74.156155999999953,4.5779430000000616],[-74.156139999999937,4.5779000000000565],[-74.156116999999938,4.5778510000000665],[-74.156058999999971,4.5777390000000651],[-74.155973999999958,4.5775800000000686],[-74.155828999999983,4.5773090000000707],[-74.155496999999968,4.5766850000000545],[-74.15537299999994,4.5764550000000668],[-74.155331999999987,4.5763770000000363],[-74.155309999999986,4.5763340000000312],[-74.155155999999977,4.5760510000000636],[-74.154987999999946,4.5757610000000568],[-74.154948999999988,4.5756990000000428],[-74.154831999999942,4.5755160000000501],[-74.154665999999963,4.5752570000000219],[-74.154466999999954,4.5749880000000758],[-74.154282999999964,4.5747510000000489],[-74.153989999999965,4.5743880000000559],[-74.153632999999957,4.574004000000059],[-74.153160999999955,4.5735520000000633],[-74.153076999999939,4.5734770000000253],[-74.152863999999965,4.5732980000000225],[-74.152626999999939,4.57310700000005],[-74.152585999999985,4.5730750000000739],[-74.152437999999961,4.57296400000007],[-74.152403999999933,4.5729370000000245],[-74.152352999999948,4.5729010000000585],[-74.152198999999939,4.5727940000000444],[-74.152049999999974,4.5726940000000695],[-74.151936999999975,4.5726210000000265],[-74.151900999999953,4.5726000000000226],[-74.151834999999949,4.5725600000000668],[-74.15166499999998,4.5724450000000729],[-74.151515999999958,4.5723430000000462],[-74.151301999999987,4.572208000000046],[-74.151196999999968,4.5721410000000446],[-74.150224999999978,4.5714450000000397],[-74.149106999999958,4.5706780000000435],[-74.147906999999975,4.5698550000000751],[-74.147604999999942,4.5696490000000267],[-74.147557999999947,4.5696170000000507],[-74.147426999999936,4.5695250000000556],[-74.14739899999995,4.5695060000000467],[-74.147365999999977,4.5694840000000454],[-74.147326999999962,4.5694540000000643],[-74.147325999999964,4.5694540000000643],[-74.147316999999987,4.5694480000000226],[-74.147152999999946,4.5693360000000212],[-74.146932999999933,4.5691860000000588],[-74.14670499999994,4.5690310000000522],[-74.14647599999995,4.5688750000000482],[-74.146263999999974,4.5687290000000758],[-74.14600699999994,4.5685520000000679],[-74.145967999999982,4.5685270000000742],[-74.145690999999943,4.5683390000000372],[-74.145333999999934,4.568093000000033],[-74.145317999999975,4.5680830000000583],[-74.145243999999934,4.5680320000000734],[-74.145089999999982,4.5679250000000593],[-74.145044999999982,4.5678970000000731],[-74.145017999999936,4.5678790000000618],[-74.144942999999955,4.5678270000000225],[-74.14490399999994,4.5678010000000313],[-74.144998999999984,4.5677060000000438],[-74.14503499999995,4.5676750000000652],[-74.145058999999947,4.567651000000069],[-74.145070999999973,4.5676150000000462],[-74.145069999999976,4.5675790000000234],[-74.145134999999982,4.5675910000000499],[-74.145175999999935,4.5675910000000499],[-74.145213999999953,4.5675920000000474],[-74.14536499999997,4.5675200000000586],[-74.145389999999963,4.5675060000000371],[-74.14549599999998,4.5674570000000472],[-74.145802999999944,4.5673150000000646],[-74.145962999999938,4.5672530000000506],[-74.14629999999994,4.5670860000000744],[-74.14641899999998,4.56704000000002],[-74.146748999999943,4.5668890000000602],[-74.146644999999978,4.5664930000000368],[-74.146631999999954,4.5664450000000443],[-74.146517999999958,4.5660560000000601],[-74.146503999999936,4.566009000000065],[-74.146386999999947,4.5656160000000341],[-74.146372999999983,4.565571000000034],[-74.146257999999989,4.565176000000065],[-74.146243999999967,4.5651330000000598],[-74.146121999999934,4.5647410000000264],[-74.14610799999997,4.5646970000000238],[-74.145989999999983,4.5643070000000421],[-74.145970999999975,4.5642600000000471],[-74.145852999999988,4.5638730000000578],[-74.145841999999959,4.5638270000000603],[-74.145727999999963,4.5634320000000343],[-74.145713999999941,4.5633910000000242],[-74.145596999999952,4.5629970000000526],[-74.145583999999985,4.5629570000000399],[-74.14546299999995,4.5625590000000216],[-74.145449999999983,4.5625140000000215],[-74.145334999999989,4.5621220000000449],[-74.145378999999934,4.5621080000000234],[-74.146293999999955,4.561834000000033],[-74.146333999999968,4.5618220000000633],[-74.146321999999941,4.5617830000000481],[-74.14620199999996,4.5613830000000348],[-74.146071999999947,4.5609540000000379],[-74.145973999999967,4.5609860000000708],[-74.146003999999948,4.5607330000000275],[-74.146034999999983,4.5605170000000612]]},"properties":{"OBJECTID":68,"OBJECTID_1":14,"RSPNRUTA":"ZP-141-2","RSPCDEFINI":"ZP-141","RSPDISTANC":28.339170459999998,"RSPDENOMIN":"SAN FRANCISCO - UNICENTRO","RSPTRUTA":"PROVISIONAL","RSPORIGEN":"CIUDAD BOLIVAR","RSPDESTINO":"USAQUDN","RSPIRUTA":25,"SHAPELEN":28537.642398352098,"Shape_Length":0.043814231395236082}},{"type":"Feature","id":69,"geometry":{"type":"LineString","coordinates":[[-74.167041999999981,4.5792580000000385],[-74.166817999999978,4.579148000000032],[-74.16650999999996,4.5791310000000749],[-74.16642399999995,4.5790080000000444],[-74.16623199999998,4.5787420000000338],[-74.166181999999935,4.5786750000000325],[-74.166033999999968,4.5788590000000227],[-74.165974999999946,4.5789650000000393],[-74.165895999999975,4.5791970000000219],[-74.165450999999962,4.5814830000000484],[-74.165336999999965,4.5818830000000617],[-74.165168999999935,4.5823460000000296],[-74.165050999999949,4.5826280000000565],[-74.164846999999952,4.5830810000000497],[-74.164765999999986,4.5832110000000625],[-74.164663999999959,4.5833270000000539],[-74.164571999999964,4.5834210000000439],[-74.164444999999944,4.5835210000000757],[-74.164335999999935,4.5835860000000253],[-74.164079999999956,4.583701000000076],[-74.16386099999994,4.5837920000000736],[-74.163629999999955,4.583891000000051],[-74.163468999999964,4.5839450000000284],[-74.163369999999986,4.5839510000000701],[-74.163275999999939,4.583940000000041],[-74.163170999999977,4.583904000000075],[-74.163093999999944,4.5838460000000509],[-74.163035999999977,4.5837650000000281],[-74.163016999999968,4.5836790000000747],[-74.163018999999963,4.5835270000000605],[-74.163066999999955,4.582849000000067],[-74.163037999999972,4.5825580000000627],[-74.162976999999955,4.5823900000000322],[-74.162887999999953,4.5822300000000382],[-74.162772999999959,4.5820910000000481],[-74.162646999999936,4.5819760000000542],[-74.162533999999937,4.5819060000000604],[-74.162303999999949,4.5818040000000337],[-74.161710999999968,4.5815190000000712],[-74.161515999999949,4.5813660000000596],[-74.161334999999951,4.5811500000000365],[-74.160915999999986,4.5804360000000202],[-74.160828999999978,4.580312000000049],[-74.160731999999939,4.5802170000000615],[-74.16065999999995,4.5801600000000349],[-74.160450999999966,4.5800410000000511],[-74.160368999999946,4.5800140000000624],[-74.160206999999957,4.5799840000000245],[-74.160109999999975,4.5799820000000295],[-74.160023999999964,4.5799940000000561],[-74.159949999999981,4.5800020000000359],[-74.159843999999964,4.5800130000000649],[-74.159753999999964,4.5800320000000738],[-74.158439999999985,4.5802590000000691],[-74.157945999999981,4.5803550000000541],[-74.157761999999934,4.5803880000000277],[-74.157745999999975,4.5803910000000201],[-74.157661999999959,4.5804050000000416],[-74.15760199999994,4.5804160000000707],[-74.157538999999986,4.5804250000000479],[-74.157476999999972,4.5804360000000202],[-74.157322999999963,4.5804560000000265],[-74.157362999999975,4.5805520000000683],[-74.157411999999965,4.5806730000000471],[-74.15755699999994,4.5809490000000324],[-74.157647999999938,4.5811300000000301],[-74.157924999999977,4.5816200000000435],[-74.158613999999943,4.582932000000028],[-74.15964699999995,4.5850670000000378],[-74.160734999999988,4.5873130000000515],[-74.160754999999938,4.5873540000000617],[-74.160935999999936,4.5877950000000283],[-74.160946999999965,4.587820000000022],[-74.161026999999933,4.5881250000000477],[-74.161084999999957,4.5885580000000346],[-74.161133999999947,4.589001000000053],[-74.161138999999935,4.5890770000000316],[-74.161146999999971,4.5891780000000608],[-74.161167999999975,4.5893410000000472],[-74.161174999999957,4.5893820000000574],[-74.161194999999964,4.5896530000000553],[-74.161212999999975,4.5897700000000441],[-74.161223999999947,4.5899340000000279],[-74.161240999999961,4.5900590000000534],[-74.161254999999983,4.5901980000000435],[-74.161276999999984,4.5904050000000325],[-74.161281999999972,4.59045100000003],[-74.161322999999982,4.5908680000000572],[-74.161367999999982,4.5913090000000238],[-74.161412999999982,4.5917330000000334],[-74.161457999999982,4.5921730000000593],[-74.161562999999944,4.5930460000000721],[-74.161717999999951,4.5946240000000671],[-74.161752999999976,4.5948090000000548],[-74.161754999999971,4.5948610000000372],[-74.161752999999976,4.5948870000000284],[-74.161743999999942,4.5949610000000689],[-74.161735999999962,4.5949950000000399],[-74.161722999999938,4.5950350000000526],[-74.161717999999951,4.5950500000000716],[-74.161664999999971,4.5951720000000478],[-74.161649999999952,4.5952530000000706],[-74.161529999999971,4.5953130000000328],[-74.161422999999957,4.5954420000000482],[-74.161354999999958,4.5955600000000345],[-74.161326999999972,4.5956610000000637],[-74.161323999999979,4.5956900000000473],[-74.161315999999943,4.595766000000026],[-74.161324999999977,4.5958800000000224],[-74.161326999999972,4.5959060000000704],[-74.161347999999975,4.5960180000000719],[-74.161371999999972,4.5960810000000265],[-74.161392999999975,4.5961360000000582],[-74.161474999999939,4.596266000000071],[-74.161526999999978,4.5963280000000282],[-74.161570999999981,4.596364000000051],[-74.161675999999943,4.5964350000000422],[-74.161789999999939,4.5965400000000614],[-74.161850999999956,4.5966050000000678],[-74.161899999999946,4.5966600000000426],[-74.161910999999975,4.5966730000000666],[-74.16195799999997,4.5967460000000528],[-74.16196199999996,4.5967540000000326],[-74.161999999999978,4.5968450000000303],[-74.162011999999947,4.5968790000000581],[-74.162025999999969,4.5969310000000405],[-74.162027999999964,4.5969390000000203],[-74.162029999999959,4.5969650000000684],[-74.162090999999975,4.5975120000000516],[-74.162122999999951,4.5977730000000747],[-74.162138999999968,4.5979110000000674],[-74.162143999999955,4.5979560000000674],[-74.162159999999972,4.5981550000000766],[-74.162165999999957,4.5982870000000275],[-74.162169999999946,4.5983950000000391],[-74.162169999999946,4.5985610000000747],[-74.162167999999951,4.5986260000000243],[-74.16216768299995,4.5986810800000626]]},"properties":{"OBJECTID":69,"OBJECTID_1":103,"RSPNRUTA":"ZP-C106-1","RSPCDEFINI":"ZP-C106","RSPDISTANC":26.265649799999998,"RSPDENOMIN":"SIERRA MORENA - NOGALES","RSPTRUTA":"PROVISIONAL","RSPORIGEN":"SUBA CENTRO","RSPDESTINO":"PERDOMO","RSPIRUTA":163,"SHAPELEN":26458.276030521902,"Shape_Length":0.035586187339309232}},{"type":"Feature","id":70,"geometry":{"type":"MultiLineString","coordinates":[[[-74.120827265999935,4.5343825020000281],[-74.120825999999965,4.5343770000000632],[-74.120824302999949,4.5343738250000456]],[[-74.120394527999963,4.532750007000061],[-74.12041899999997,4.5327040000000238],[-74.12045999999998,4.5326350000000275],[-74.12046799999996,4.5326240000000553],[-74.120505999999978,4.5325730000000704],[-74.120578999999964,4.5324820000000727],[-74.120631999999944,4.5324200000000587],[-74.120665999999972,4.532382000000041],[-74.120691999999963,4.5323560000000498],[-74.120730999999978,4.5323210000000245],[-74.120787999999948,4.532273000000032],[-74.120822999999973,4.5322470000000408],[-74.12092199999995,4.5321780000000444],[-74.121060999999941,4.5320850000000519],[-74.121127999999942,4.5320370000000594],[-74.121176999999989,4.5319970000000467],[-74.121224999999981,4.5319470000000592],[-74.12124799999998,4.531921000000068],[-74.121265999999935,4.5318980000000693],[-74.121270999999979,4.5318910000000301],[-74.121299999999962,4.5318420000000401],[-74.121316999999976,4.5318080000000691],[-74.121328999999946,4.5317810000000236],[-74.12134599999996,4.5317400000000703],[-74.121360999999979,4.5316860000000361],[-74.12138299999998,4.5316040000000726],[-74.121403999999984,4.5315150000000699],[-74.121420999999941,4.5314310000000546],[-74.121433999999965,4.5313630000000558],[-74.12143999999995,4.5313070000000266],[-74.121446999999989,4.5312340000000404],[-74.121450999999979,4.5311890000000403],[-74.121452999999974,4.5311210000000415],[-74.121452999999974,4.5310810000000288],[-74.121450999999979,4.5310060000000476],[-74.121450999999979,4.5309420000000387],[-74.121450999999979,4.5307490000000712],[-74.121441999999945,4.5305380000000355],[-74.121436999999958,4.5301260000000525],[-74.121433999999965,4.5300520000000688],[-74.121432999999968,4.5299590000000762],[-74.12143199999997,4.5299110000000269],[-74.12143599999996,4.529651000000058],[-74.121433999999965,4.5295770000000743],[-74.121432999999968,4.5295530000000213],[-74.121424999999988,4.529495000000054],[-74.121421999999939,4.5294740000000502],[-74.121410999999966,4.5294220000000678],[-74.12139499999995,4.5293720000000235],[-74.121368999999959,4.5292990000000373],[-74.121348999999952,4.5292500000000473],[-74.121333999999933,4.5292140000000245],[-74.121069999999975,4.5286370000000602],[-74.121044999999981,4.5285760000000437],[-74.121048999999971,4.5285600000000272],[-74.121051999999963,4.5285410000000752],[-74.121051999999963,4.5285230000000638],[-74.121050999999966,4.5285150000000272],[-74.121046999999976,4.5285030000000575],[-74.120990999999947,4.5283870000000661],[-74.12083199999995,4.5280460000000744],[-74.120802999999967,4.5279900000000453],[-74.120487005999962,4.5276889470000583]]]},"properties":{"OBJECTID":70,"OBJECTID_1":223,"RSPNRUTA":"ZP-E48-3","RSPCDEFINI":"ZP-E48","RSPDISTANC":39.930381769999997,"RSPDENOMIN":"PUERTA AL LLANO - GERMANIA","RSPTRUTA":"PROVISIONAL","RSPORIGEN":"USME","RSPDESTINO":"NEUTRA","RSPIRUTA":311,"SHAPELEN":39350.540032483499,"Shape_Length":0.005752506939198908}},{"type":"Feature","id":71,"geometry":{"type":"LineString","coordinates":[[-74.166694999999947,4.5665370000000394],[-74.166472999999939,4.5671080000000757],[-74.166483999999969,4.5671730000000252],[-74.166973999999982,4.5674260000000686],[-74.167663999999945,4.567380000000071],[-74.16799199999997,4.5673310000000242],[-74.168320999999935,4.5671590000000606],[-74.168416999999977,4.5670920000000592],[-74.168562999999949,4.5669340000000602],[-74.168735999999967,4.5667100000000573],[-74.168940999999961,4.5665070000000583],[-74.169031999999959,4.5664160000000606],[-74.169169999999951,4.5663700000000631],[-74.169223999999986,4.5662830000000554],[-74.169171999999946,4.5660350000000562],[-74.169145999999955,4.5659040000000459],[-74.169071999999971,4.5655960000000277],[-74.168964999999957,4.5653100000000677],[-74.168898999999954,4.5650130000000217],[-74.168819999999982,4.5648670000000493],[-74.168809999999951,4.5648500000000354],[-74.168819999999982,4.5648670000000493],[-74.168708999999978,4.5648680000000468],[-74.168485999999973,4.564939000000038],[-74.168256999999983,4.5649750000000608],[-74.168119999999988,4.5649950000000672],[-74.16789799999998,4.5648690000000443],[-74.16766599999994,4.5647290000000567],[-74.167425999999978,4.5645940000000564],[-74.167264999999986,4.5645030000000588],[-74.167192999999941,4.5644580000000587],[-74.166955999999971,4.5643170000000737],[-74.166727999999978,4.5641910000000507],[-74.166545999999983,4.5642840000000433],[-74.166163999999981,4.5646770000000743],[-74.166051999999979,4.564674000000025],[-74.165694999999971,4.5646100000000729],[-74.165414999999939,4.5645340000000374],[-74.165128999999979,4.5644660000000385],[-74.164887999999962,4.564469000000031],[-74.164723999999978,4.5648280000000341],[-74.164471999999989,4.5654540000000452],[-74.164641999999958,4.5656220000000758],[-74.164841999999965,4.5658240000000205],[-74.165174999999977,4.5661420000000703],[-74.165278999999941,4.5663180000000239],[-74.165330999999981,4.5663990000000467],[-74.165369999999939,4.5665670000000205],[-74.165398999999979,4.566784000000041],[-74.165382999999963,4.5669040000000223],[-74.165335999999968,4.5670470000000591],[-74.165318999999954,4.5670790000000352],[-74.165294999999958,4.5671180000000504],[-74.165272999999956,4.5671480000000315],[-74.16524899999996,4.5671760000000745],[-74.165226999999959,4.5671970000000215],[-74.165183999999954,4.5672280000000569],[-74.165135999999961,4.5672660000000747],[-74.164681999999971,4.5675950000000398],[-74.164306999999951,4.5678870000000416],[-74.163969999999949,4.5679660000000695],[-74.163385999999946,4.5681960000000572],[-74.163111999999956,4.5682840000000624],[-74.162966999999981,4.5683340000000499],[-74.162759999999935,4.5683940000000689],[-74.162443999999937,4.568439000000069],[-74.162046999999973,4.5684930000000463],[-74.16173299999997,4.5685400000000413],[-74.16112099999998,4.5686260000000516],[-74.160379999999975,4.5686570000000302],[-74.159709999999961,4.568678000000034],[-74.159235999999964,4.568629000000044],[-74.159097999999972,4.5686110000000326],[-74.158950999999945,4.5686250000000541],[-74.158810999999957,4.5686800000000289],[-74.158737999999971,4.5687670000000367],[-74.158686999999986,4.568834000000038],[-74.158513999999968,4.5692130000000475],[-74.158494999999959,4.5692810000000463],[-74.158460999999988,4.5696130000000608],[-74.158435999999938,4.5700250000000437],[-74.158395999999982,4.5702850000000694],[-74.158348999999987,4.5704910000000609],[-74.158093999999949,4.5700560000000223],[-74.158020999999962,4.5698820000000637],[-74.157951999999966,4.5696660000000406],[-74.157724999999971,4.5691260000000398],[-74.157620999999949,4.5689970000000244],[-74.15745099999998,4.5687450000000354],[-74.157346999999959,4.5685560000000578],[-74.157336999999984,4.5684870000000615],[-74.15733199999994,4.5683660000000259],[-74.157336999999984,4.5682590000000687],[-74.157361999999978,4.5681340000000432],[-74.157396999999946,4.5679880000000708],[-74.157446999999934,4.5677100000000337],[-74.157423999999935,4.5676130000000512],[-74.157427999999982,4.5675430000000574],[-74.157367999999963,4.5673030000000381],[-74.157084999999938,4.5669700000000262],[-74.156650999999954,4.5666080000000306],[-74.156320999999934,4.5663550000000441],[-74.156198999999958,4.5661130000000298],[-74.156112999999948,4.5658320000000572],[-74.15606699999995,4.5656680000000733],[-74.156027999999935,4.5655380000000605],[-74.155987999999979,4.5655010000000402],[-74.155663999999945,4.5653690000000324],[-74.155386999999962,4.5652890000000639],[-74.155131999999981,4.5652090000000385],[-74.154884999999979,4.5651250000000232],[-74.154620999999963,4.5650360000000205],[-74.154370999999969,4.564954000000057],[-74.154318999999987,4.5648030000000404],[-74.154195999999956,4.5646180000000527],[-74.154038999999955,4.5643490000000497],[-74.154004999999984,4.5642650000000344],[-74.153935999999987,4.5641560000000254],[-74.153764999999964,4.563805000000059],[-74.153613999999948,4.5633530000000633],[-74.153558999999973,4.5632500000000391],[-74.15338399999996,4.5629960000000551],[-74.15329799999995,4.5629580000000374],[-74.153136999999958,4.5628810000000612],[-74.152890999999954,4.5627720000000522],[-74.152655999999979,4.5626510000000735],[-74.152539999999988,4.5625910000000545],[-74.152378999999939,4.562543000000062],[-74.152268999999933,4.562577000000033],[-74.151940999999965,4.5626780000000622],[-74.151821999999981,4.5627130000000307],[-74.151727999999935,4.5627000000000635],[-74.151604999999961,4.5626420000000394],[-74.151558999999963,4.5626230000000305],[-74.151413999999988,4.5625570000000266],[-74.15119999999996,4.5624450000000252],[-74.151039999999966,4.562372000000039],[-74.150902999999971,4.5623420000000579],[-74.150657999999964,4.5624070000000643],[-74.150588999999968,4.5624450000000252],[-74.150525999999957,4.5624530000000618],[-74.150347999999951,4.5624970000000644],[-74.150293999999974,4.5625180000000682],[-74.150127999999938,4.5625870000000646],[-74.149971999999934,4.5626330000000621],[-74.148967999999968,4.5629270000000588],[-74.148926999999958,4.562938000000031],[-74.148862999999949,4.5629550000000449],[-74.147976999999969,4.5632260000000429],[-74.147882999999979,4.5632550000000265],[-74.147795999999971,4.563282000000072],[-74.146898999999962,4.5635500000000206],[-74.146849999999972,4.563570000000027],[-74.146795999999938,4.5635860000000434],[-74.145899999999983,4.5638590000000363],[-74.145852999999988,4.5638730000000578],[-74.145970999999975,4.5642600000000471],[-74.145989999999983,4.5643070000000421],[-74.14610799999997,4.5646970000000238],[-74.146121999999934,4.5647410000000264],[-74.146243999999967,4.5651330000000598],[-74.146257999999989,4.565176000000065],[-74.146372999999983,4.565571000000034],[-74.146386999999947,4.5656160000000341],[-74.146503999999936,4.566009000000065],[-74.146517999999958,4.5660560000000601],[-74.146631999999954,4.5664450000000443],[-74.146644999999978,4.5664930000000368],[-74.146748999999943,4.5668890000000602],[-74.146775999999988,4.5669760000000679],[-74.147174999999947,4.5672490000000607],[-74.147350999999958,4.5673660000000496],[-74.147526999999968,4.5674870000000283],[-74.147706999999969,4.5676110000000563],[-74.147879999999986,4.5677350000000274],[-74.148154999999974,4.5679210000000694],[-74.148299999999949,4.5680220000000418],[-74.148605999999972,4.5682270000000358],[-74.148627999999974,4.5682420000000548],[-74.148935999999935,4.5684530000000336],[-74.149020999999948,4.5685150000000476],[-74.149370999999974,4.568753000000072],[-74.149527999999975,4.5688550000000419],[-74.149861999999985,4.5690910000000713],[-74.149906999999985,4.5691300000000297],[-74.150109999999984,4.5692500000000678],[-74.150448999999981,4.5694930000000227],[-74.150625999999988,4.5696150000000557],[-74.15098299999994,4.56985700000007],[-74.151163999999937,4.5699860000000285],[-74.151536999999962,4.5702340000000277],[-74.151708999999983,4.5703480000000241],[-74.152059999999949,4.5705960000000232],[-74.152281999999957,4.5707650000000513],[-74.152217999999948,4.5708460000000741],[-74.15212299999996,4.5709680000000503],[-74.151878999999951,4.5713210000000686],[-74.15177099999994,4.5715060000000562],[-74.151634999999942,4.5717060000000629],[-74.151497999999947,4.5719080000000645],[-74.151301999999987,4.572208000000046],[-74.151167999999984,4.5723000000000411],[-74.15124499999996,4.5723540000000753],[-74.151395999999977,4.5724720000000616],[-74.151463999999976,4.5725180000000591],[-74.151559999999961,4.5725820000000681],[-74.151886999999988,4.5728170000000432],[-74.15198399999997,4.5728850000000421],[-74.152211999999963,4.5730440000000385],[-74.152442999999948,4.573216000000059],[-74.152696999999989,4.5734130000000732],[-74.153009999999938,4.5736620000000698],[-74.153046999999958,4.573688000000061],[-74.153082999999981,4.5737250000000245],[-74.153309999999976,4.5739380000000551],[-74.153527999999937,4.5741500000000315],[-74.153577999999982,4.5742060000000606],[-74.153648999999973,4.5742840000000342],[-74.153682999999944,4.5743190000000595],[-74.153734999999983,4.5743780000000243],[-74.153816999999947,4.5744710000000737],[-74.153847999999982,4.5745050000000447],[-74.15413499999994,4.5748500000000263],[-74.154324999999972,4.575095000000033],[-74.154500999999982,4.5753450000000271],[-74.154653999999937,4.5755710000000249],[-74.154789999999934,4.5757860000000505],[-74.15483299999994,4.5758550000000469],[-74.154993999999988,4.5761370000000738],[-74.155144999999948,4.5764180000000465],[-74.155168999999944,4.5764620000000491],[-74.155286999999987,4.5766810000000646],[-74.155528999999945,4.5771390000000451],[-74.155664999999942,4.5773910000000342],[-74.155695999999978,4.577442000000076],[-74.15578899999997,4.5776050000000623],[-74.155861999999956,4.5777370000000701],[-74.155977999999948,4.5779540000000338],[-74.155990999999972,4.5779770000000326],[-74.156016999999963,4.5780180000000428],[-74.156081999999969,4.5781230000000619],[-74.156143999999983,4.5782480000000305],[-74.156164999999987,4.578296000000023],[-74.156208999999933,4.578388000000075],[-74.156352999999967,4.578689000000054],[-74.156373999999971,4.5787270000000717],[-74.156702999999936,4.5793380000000639],[-74.156928999999934,4.5797870000000671],[-74.156966999999952,4.5798440000000369],[-74.157012999999949,4.5799170000000231],[-74.157052999999962,4.5799690000000624],[-74.157027999999968,4.58006000000006],[-74.157015999999942,4.58010500000006],[-74.157014999999944,4.5801130000000398],[-74.157014999999944,4.5801370000000361],[-74.157011999999952,4.5801640000000248],[-74.157005999999967,4.58020300000004],[-74.15700499999997,4.5802120000000741],[-74.156990999999948,4.5802590000000691],[-74.156972999999937,4.5803040000000692],[-74.156946999999946,4.5803510000000642],[-74.156918999999959,4.5803910000000201],[-74.156884999999988,4.5804260000000454],[-74.156871999999964,4.580438000000072],[-74.156845999999973,4.5804600000000733],[-74.156839999999988,4.5804660000000581],[-74.156811999999945,4.5805080000000657],[-74.156786999999952,4.5805440000000317],[-74.155371999999943,4.580786000000046],[-74.153727999999944,4.5810610000000338],[-74.153371999999933,4.5810810000000401],[-74.15301999999997,4.581068000000073],[-74.152931999999964,4.5810550000000489],[-74.152790999999979,4.5810350000000426],[-74.152729999999963,4.5810250000000678],[-74.152686999999958,4.5810160000000337],[-74.152565999999979,4.5809920000000375],[-74.152500999999972,4.580976000000021],[-74.152434999999969,4.580959000000064],[-74.152358999999933,4.5809370000000627],[-74.152280999999959,4.5809130000000664],[-74.152179999999987,4.5808790000000386],[-74.15199199999995,4.5808100000000422],[-74.151909999999987,4.5807780000000662],[-74.151882999999941,4.5807660000000396],[-74.151798999999983,4.5807330000000661],[-74.151763999999957,4.5807190000000446],[-74.151718999999957,4.5807030000000282],[-74.151606999999956,4.580660000000023],[-74.151598999999976,4.5806570000000306],[-74.151451999999949,4.5805990000000634],[-74.151266999999962,4.5805290000000696],[-74.151167999999984,4.5804900000000544],[-74.151130999999964,4.5804780000000278],[-74.14961599999998,4.579887000000042],[-74.147986999999944,4.5792270000000599],[-74.147190999999964,4.5789190000000417],[-74.146228999999948,4.5785120000000461],[-74.145726999999965,4.5783380000000307],[-74.145438999999953,4.5782910000000356],[-74.145111999999983,4.578296000000023],[-74.144787999999949,4.5783670000000711],[-74.144614999999988,4.578433000000075],[-74.144464999999968,4.5785110000000486],[-74.144183999999939,4.5787020000000211],[-74.143386999999962,4.5792910000000688],[-74.143348999999944,4.57931700000006],[-74.143265999999983,4.579381000000069],[-74.143206999999961,4.5794260000000691],[-74.143191999999942,4.5794390000000362],[-74.143177999999978,4.5794520000000603],[-74.143166999999949,4.57946400000003],[-74.143073999999956,4.5795480000000452],[-74.143030999999951,4.5795940000000428],[-74.143002999999965,4.5796280000000706],[-74.142928999999981,4.5797350000000279],[-74.142880999999988,4.5798000000000343],[-74.14280599999995,4.5798980000000711],[-74.142794999999978,4.5799120000000357],[-74.142698999999936,4.5800250000000347],[-74.142677037999988,4.5800494020000428]]},"properties":{"OBJECTID":71,"OBJECTID_1":164,"RSPNRUTA":"ZP-SE8-1","RSPCDEFINI":"ZP-SE8","RSPDISTANC":37.961341859999997,"RSPDENOMIN":"ORQUIDEAS - ARBORIZADORA ALTA","RSPTRUTA":"PROVISIONAL","RSPORIGEN":"SUBA CENTRO","RSPDESTINO":"CIUDAD BOLIVAR","RSPIRUTA":235,"SHAPELEN":38223.344396369605,"Shape_Length":0.076966401998367323}},{"type":"Feature","id":72,"geometry":{"type":"LineString","coordinates":[[-74.151564999999948,4.5516060000000493],[-74.151572999999985,4.5516340000000355],[-74.151589999999942,4.551806000000056],[-74.151605999999958,4.5519060000000309],[-74.151620999999977,4.5520760000000564],[-74.151636999999937,4.5521290000000363],[-74.151670999999965,4.5523430000000644],[-74.151723999999945,4.5525640000000749],[-74.151790999999946,4.5529070000000615],[-74.151850999999965,4.5531460000000266],[-74.151876999999956,4.5533400000000483],[-74.151882999999941,4.5534620000000245],[-74.151913999999977,4.5537530000000288],[-74.151978999999983,4.554012000000057],[-74.152103999999952,4.554155000000037],[-74.152148999999952,4.5542110000000662],[-74.152261999999951,4.5543890000000715],[-74.152239999999949,4.5545030000000679],[-74.152160999999978,4.5545870000000264],[-74.151921999999956,4.5547170000000392],[-74.151704999999936,4.5548780000000306],[-74.151630999999952,4.5549570000000585],[-74.151590999999939,4.5550270000000523],[-74.151485999999977,4.5552540000000477],[-74.151400999999964,4.5555030000000443],[-74.151312999999959,4.5559860000000754],[-74.151288999999963,4.5563030000000708],[-74.151403999999957,4.5568210000000704],[-74.151397999999972,4.5570340000000442],[-74.151301999999987,4.5572440000000256],[-74.151010999999983,4.5577220000000693],[-74.150950999999964,4.5578310000000215],[-74.150858999999969,4.5580910000000472],[-74.150767999999971,4.558208000000036],[-74.15074599999997,4.5582280000000424],[-74.150583999999981,4.5583730000000742],[-74.150568999999962,4.5583870000000388],[-74.150444999999934,4.5584340000000338],[-74.150381999999979,4.5584530000000427],[-74.150318999999968,4.5584660000000667],[-74.150179999999978,4.5585350000000631],[-74.150089999999977,4.5586050000000569],[-74.149723999999935,4.5588810000000421],[-74.149465999999961,4.5592080000000692],[-74.149419999999964,4.5593030000000567],[-74.149383999999941,4.5594040000000291],[-74.149274999999989,4.559737000000041],[-74.149196999999958,4.5598910000000501],[-74.149125999999967,4.5599760000000629],[-74.149008999999978,4.5601090000000681],[-74.148953999999947,4.5601200000000404],[-74.148738999999978,4.5601830000000518],[-74.148676999999964,4.5602060000000506],[-74.148380999999972,4.560286000000076],[-74.148281999999938,4.5603120000000672],[-74.148146999999938,4.5603370000000609],[-74.148041999999975,4.5603610000000572],[-74.147816999999975,4.5604230000000712],[-74.147702999999979,4.5604570000000422],[-74.147608999999989,4.5604870000000233],[-74.147346999999968,4.5605650000000537],[-74.147213999999963,4.5606090000000563],[-74.147130999999945,4.5606380000000399],[-74.147046999999986,4.5606620000000362],[-74.14690399999995,4.5607030000000464],[-74.146871999999973,4.5607100000000287],[-74.14647599999995,4.56082600000002],[-74.146351999999979,4.5608650000000353],[-74.146071999999947,4.5609540000000379],[-74.145973999999967,4.5609860000000708],[-74.145965999999987,4.5609880000000658],[-74.145424999999989,4.5611510000000521],[-74.145398999999941,4.5611600000000294],[-74.145080999999948,4.5612570000000687],[-74.144966999999951,4.5612920000000372],[-74.14485899999994,4.5613270000000625],[-74.144727999999986,4.5613610000000335],[-74.144575999999972,4.5614070000000311],[-74.144368999999983,4.5614700000000425],[-74.144075999999984,4.5615520000000629],[-74.143959999999936,4.5615850000000364],[-74.143926999999962,4.5615940000000705],[-74.143612999999959,4.5616920000000505],[-74.143259999999941,4.5617950000000747],[-74.143080999999938,4.5618530000000419],[-74.142317999999989,4.5620850000000246],[-74.142280999999969,4.5620950000000562],[-74.141981999999985,4.5621870000000513],[-74.141950999999949,4.562197000000026],[-74.141533999999979,4.5623190000000591],[-74.14122999999995,4.5624410000000353],[-74.141167999999936,4.562479000000053],[-74.141404999999963,4.5626460000000293],[-74.141673999999966,4.5628700000000322],[-74.141969999999958,4.563171000000068],[-74.142083999999954,4.5633190000000354],[-74.142254999999977,4.5635580000000573],[-74.142503999999974,4.563959000000068],[-74.142739999999947,4.564360000000022],[-74.142986999999948,4.5647610000000327],[-74.143148999999937,4.5650320000000306],[-74.143254999999954,4.5652090000000385],[-74.143481999999949,4.5655630000000542],[-74.143728999999951,4.5659650000000624],[-74.14387899999997,4.5661900000000628],[-74.14402199999995,4.5663720000000581],[-74.144175999999959,4.5665700000000697],[-74.144334999999955,4.5667420000000334],[-74.144683999999984,4.5671180000000504],[-74.144987999999955,4.5674370000000408],[-74.145069999999976,4.5675790000000234],[-74.145070999999973,4.5676150000000462],[-74.145058999999947,4.567651000000069],[-74.14503499999995,4.5676750000000652],[-74.144998999999984,4.5677060000000438],[-74.14490399999994,4.5678010000000313],[-74.14480599999996,4.5679550000000404],[-74.145911999999953,4.5687090000000694],[-74.146165999999937,4.5688810000000331],[-74.14638199999996,4.5690300000000548],[-74.146608999999955,4.5691820000000689],[-74.146833999999956,4.569338000000073],[-74.146873999999968,4.5693650000000616],[-74.147013999999956,4.5694610000000466],[-74.147054999999966,4.5694920000000252],[-74.147224999999935,4.5696090000000709],[-74.147299999999973,4.5696600000000558],[-74.14731299999994,4.5696660000000406],[-74.147318999999982,4.5696700000000305],[-74.14734599999997,4.5696890000000394],[-74.147468999999944,4.5697750000000497],[-74.147507999999959,4.5698020000000383],[-74.147712999999953,4.5699410000000285],[-74.148067999999967,4.5701740000000655],[-74.148236999999938,4.5702810000000227],[-74.149009999999976,4.5708270000000653],[-74.150127999999938,4.571593000000064],[-74.150949999999966,4.5721510000000762],[-74.151167999999984,4.5723000000000411],[-74.15124499999996,4.5723540000000753],[-74.151395999999977,4.5724720000000616],[-74.151463999999976,4.5725180000000591],[-74.151559999999961,4.5725820000000681],[-74.151886999999988,4.5728170000000432],[-74.15198399999997,4.5728850000000421],[-74.152211999999963,4.5730440000000385],[-74.152442999999948,4.573216000000059],[-74.152696999999989,4.5734130000000732],[-74.153009999999938,4.5736620000000698],[-74.153046999999958,4.573688000000061],[-74.153082999999981,4.5737250000000245],[-74.153309999999976,4.5739380000000551],[-74.153527999999937,4.5741500000000315],[-74.153577999999982,4.5742060000000606],[-74.153648999999973,4.5742840000000342],[-74.153682999999944,4.5743190000000595],[-74.153734999999983,4.5743780000000243],[-74.153816999999947,4.5744710000000737],[-74.153847999999982,4.5745050000000447],[-74.15413499999994,4.5748500000000263],[-74.154324999999972,4.575095000000033],[-74.154500999999982,4.5753450000000271],[-74.154653999999937,4.5755710000000249],[-74.154789999999934,4.5757860000000505],[-74.15483299999994,4.5758550000000469],[-74.154993999999988,4.5761370000000738],[-74.155144999999948,4.5764180000000465],[-74.155168999999944,4.5764620000000491],[-74.155286999999987,4.5766810000000646],[-74.155528999999945,4.5771390000000451],[-74.155664999999942,4.5773910000000342],[-74.155695999999978,4.577442000000076],[-74.15578899999997,4.5776050000000623],[-74.155861999999956,4.5777370000000701],[-74.155977999999948,4.5779540000000338],[-74.155990999999972,4.5779770000000326],[-74.156016999999963,4.5780180000000428],[-74.156081999999969,4.5781230000000619],[-74.156143999999983,4.5782480000000305],[-74.156164999999987,4.578296000000023],[-74.156208999999933,4.578388000000075],[-74.156352999999967,4.578689000000054],[-74.156373999999971,4.5787270000000717],[-74.156702999999936,4.5793380000000639],[-74.156928999999934,4.5797870000000671],[-74.156966999999952,4.5798440000000369],[-74.157012999999949,4.5799170000000231],[-74.157052999999962,4.5799690000000624],[-74.157027999999968,4.58006000000006],[-74.157015999999942,4.58010500000006],[-74.157014999999944,4.5801130000000398],[-74.157014999999944,4.5801370000000361],[-74.157011999999952,4.5801640000000248],[-74.157005999999967,4.58020300000004],[-74.15700499999997,4.5802120000000741],[-74.156990999999948,4.5802590000000691],[-74.156972999999937,4.5803040000000692],[-74.156946999999946,4.5803510000000642],[-74.156918999999959,4.5803910000000201],[-74.156884999999988,4.5804260000000454],[-74.156871999999964,4.580438000000072],[-74.156845999999973,4.5804600000000733],[-74.156839999999988,4.5804660000000581],[-74.156811999999945,4.5805080000000657],[-74.156786999999952,4.5805440000000317],[-74.155371999999943,4.580786000000046],[-74.153727999999944,4.5810610000000338],[-74.153371999999933,4.5810810000000401],[-74.15301999999997,4.581068000000073],[-74.152931999999964,4.5810550000000489],[-74.152790999999979,4.5810350000000426],[-74.152729999999963,4.5810250000000678],[-74.152686999999958,4.5810160000000337],[-74.152565999999979,4.5809920000000375],[-74.152500999999972,4.580976000000021],[-74.152434999999969,4.580959000000064],[-74.152358999999933,4.5809370000000627],[-74.152280999999959,4.5809130000000664],[-74.152179999999987,4.5808790000000386],[-74.15199199999995,4.5808100000000422],[-74.151909999999987,4.5807780000000662],[-74.151882999999941,4.5807660000000396],[-74.151798999999983,4.5807330000000661],[-74.151763999999957,4.5807190000000446],[-74.151718999999957,4.5807030000000282],[-74.151606999999956,4.580660000000023],[-74.151598999999976,4.5806570000000306],[-74.151451999999949,4.5805990000000634],[-74.151266999999962,4.5805290000000696],[-74.151167999999984,4.5804900000000544],[-74.151130999999964,4.5804780000000278],[-74.14961599999998,4.579887000000042],[-74.147986999999944,4.5792270000000599],[-74.147190999999964,4.5789190000000417],[-74.146228999999948,4.5785120000000461],[-74.145726999999965,4.5783380000000307],[-74.145438999999953,4.5782910000000356],[-74.145111999999983,4.578296000000023],[-74.144787999999949,4.5783670000000711],[-74.144614999999988,4.578433000000075],[-74.144464999999968,4.5785110000000486],[-74.144183999999939,4.5787020000000211],[-74.143386999999962,4.5792910000000688],[-74.143348999999944,4.57931700000006],[-74.143265999999983,4.579381000000069],[-74.143206999999961,4.5794260000000691],[-74.143191999999942,4.5794390000000362],[-74.143177999999978,4.5794520000000603],[-74.143166999999949,4.57946400000003],[-74.143073999999956,4.5795480000000452],[-74.143030999999951,4.5795940000000428],[-74.143002999999965,4.5796280000000706],[-74.142928999999981,4.5797350000000279],[-74.142880999999988,4.5798000000000343],[-74.14280599999995,4.5798980000000711],[-74.142794999999978,4.5799120000000357],[-74.142698999999936,4.5800250000000347],[-74.142677037999988,4.5800494020000428]]},"properties":{"OBJECTID":72,"OBJECTID_1":189,"RSPNRUTA":"ZP-E56-1","RSPCDEFINI":"ZP-E56","RSPDISTANC":34.706970210000001,"RSPDENOMIN":"VILLA GLORIA - TIBAUYES","RSPTRUTA":"PROVISIONAL","RSPORIGEN":"SUBA CENTRO","RSPDESTINO":"CIUDAD BOLIVAR","RSPIRUTA":275,"SHAPELEN":34952.953262355804,"Shape_Length":0.058605998760290573}},{"type":"Feature","id":73,"geometry":{"type":"LineString","coordinates":[[-74.142830825999965,4.5800300940000511],[-74.142932999999971,4.5799270000000547],[-74.142999999999972,4.5798510000000761],[-74.143020999999976,4.579827000000023],[-74.143038999999987,4.5798040000000242],[-74.143054999999947,4.579776000000038],[-74.143083999999988,4.5797200000000657],[-74.143113999999969,4.5796630000000391],[-74.143117999999959,4.5796550000000593],[-74.14314399999995,4.579618000000039],[-74.143195999999989,4.5795660000000566],[-74.143214999999941,4.5795590000000743],[-74.143230999999957,4.5795510000000377],[-74.14323799999994,4.5795460000000503],[-74.143249999999966,4.5795350000000212],[-74.14332799999994,4.579477000000054],[-74.143424999999979,4.5794160000000375],[-74.143502999999953,4.5793480000000386],[-74.14438599999994,4.5786950000000388],[-74.144591999999989,4.5785680000000752],[-74.144814999999937,4.5784760000000233],[-74.144998999999984,4.5784280000000308],[-74.145209999999963,4.5784010000000421],[-74.145430999999974,4.5784040000000346],[-74.145437999999956,4.5784040000000346],[-74.145637999999963,4.5784340000000725],[-74.145853999999986,4.5784980000000246],[-74.147183999999982,4.5790100000000393],[-74.149583999999948,4.5799630000000207],[-74.151095999999939,4.5805710000000204],[-74.151189999999986,4.5806080000000406],[-74.151214999999979,4.5806180000000722],[-74.151220999999964,4.5806220000000621],[-74.151419999999973,4.5807010000000332],[-74.151501999999937,4.5807350000000611],[-74.151509999999973,4.5807380000000535],[-74.151568999999938,4.5807510000000207],[-74.151573999999982,4.580752000000075],[-74.151643999999976,4.5807820000000561],[-74.151653999999951,4.5807900000000359],[-74.151666999999975,4.580801000000065],[-74.151674999999955,4.5808050000000549],[-74.151681999999937,4.5808090000000448],[-74.151723999999945,4.5808250000000612],[-74.152110999999934,4.5809750000000236],[-74.152398999999946,4.5810650000000237],[-74.152655999999979,4.5811240000000453],[-74.15300899999994,4.5811780000000226],[-74.153403999999966,4.5811910000000466],[-74.153739999999971,4.5811720000000378],[-74.153818999999942,4.581162000000063],[-74.153862999999944,4.5811560000000213],[-74.153953999999942,4.5811430000000541],[-74.154365999999982,4.5810730000000603],[-74.154506999999967,4.5810480000000666],[-74.154765999999938,4.5810050000000615],[-74.155092999999965,4.5809480000000349],[-74.155260999999939,4.5809180000000538],[-74.15533499999998,4.5809040000000323],[-74.155393999999944,4.5808900000000676],[-74.155431999999962,4.5808860000000209],[-74.155651999999975,4.5808500000000549],[-74.156113999999945,4.5807700000000295],[-74.156152999999961,4.5807640000000447],[-74.156610999999941,4.5806860000000711],[-74.156703999999934,4.5806670000000622],[-74.156833999999947,4.580641000000071],[-74.156852999999956,4.5806370000000243],[-74.157114999999976,4.5805930000000217],[-74.157239999999945,4.5805690000000254],[-74.157253999999966,4.5805670000000305],[-74.157304999999951,4.580564000000038],[-74.157362999999975,4.5805520000000683],[-74.157523999999967,4.5805350000000544],[-74.157476999999972,4.5804360000000202],[-74.157476999999972,4.5804350000000227],[-74.157472999999982,4.5804260000000454],[-74.157471999999984,4.580423000000053],[-74.157448999999986,4.5803640000000314],[-74.15731599999998,4.5801010000000701],[-74.157292999999981,4.580058000000065],[-74.157099999999957,4.5796990000000619],[-74.156856999999945,4.5792540000000486],[-74.156520999999941,4.5786530000000312],[-74.156489999999962,4.5785940000000664],[-74.156309999999962,4.5782540000000722],[-74.156278999999984,4.578200000000038],[-74.156252999999936,4.5781620000000203],[-74.156240999999966,4.5781410000000733],[-74.156233999999984,4.5781320000000392],[-74.156196999999963,4.5780590000000529],[-74.156173999999965,4.5780000000000314],[-74.156168999999977,4.5779840000000718],[-74.156155999999953,4.5779430000000616],[-74.156139999999937,4.5779000000000565],[-74.156116999999938,4.5778510000000665],[-74.156058999999971,4.5777390000000651],[-74.155973999999958,4.5775800000000686],[-74.155828999999983,4.5773090000000707],[-74.155496999999968,4.5766850000000545],[-74.15537299999994,4.5764550000000668],[-74.155331999999987,4.5763770000000363],[-74.155309999999986,4.5763340000000312],[-74.155155999999977,4.5760510000000636],[-74.154987999999946,4.5757610000000568],[-74.154948999999988,4.5756990000000428],[-74.154831999999942,4.5755160000000501],[-74.154665999999963,4.5752570000000219],[-74.154466999999954,4.5749880000000758],[-74.154282999999964,4.5747510000000489],[-74.153989999999965,4.5743880000000559],[-74.153632999999957,4.574004000000059],[-74.153160999999955,4.5735520000000633],[-74.153076999999939,4.5734770000000253],[-74.152863999999965,4.5732980000000225],[-74.152626999999939,4.57310700000005],[-74.152585999999985,4.5730750000000739],[-74.152437999999961,4.57296400000007],[-74.152403999999933,4.5729370000000245],[-74.152352999999948,4.5729010000000585],[-74.152198999999939,4.5727940000000444],[-74.152049999999974,4.5726940000000695],[-74.151936999999975,4.5726210000000265],[-74.151900999999953,4.5726000000000226],[-74.151834999999949,4.5725600000000668],[-74.15166499999998,4.5724450000000729],[-74.151515999999958,4.5723430000000462],[-74.151301999999987,4.572208000000046],[-74.151497999999947,4.5719080000000645],[-74.151634999999942,4.5717060000000629],[-74.15177099999994,4.5715060000000562],[-74.151878999999951,4.5713210000000686],[-74.15212299999996,4.5709680000000503],[-74.152217999999948,4.5708460000000741],[-74.152281999999957,4.5707650000000513],[-74.152059999999949,4.5705960000000232],[-74.151708999999983,4.5703480000000241],[-74.151536999999962,4.5702340000000277],[-74.151163999999937,4.5699860000000285],[-74.15098299999994,4.56985700000007],[-74.150625999999988,4.5696150000000557],[-74.150448999999981,4.5694930000000227],[-74.150109999999984,4.5692500000000678],[-74.149906999999985,4.5691300000000297],[-74.149861999999985,4.5690910000000713],[-74.149527999999975,4.5688550000000419],[-74.149370999999974,4.568753000000072],[-74.149020999999948,4.5685150000000476],[-74.148935999999935,4.5684530000000336],[-74.148627999999974,4.5682420000000548],[-74.148605999999972,4.5682270000000358],[-74.148299999999949,4.5680220000000418],[-74.148154999999974,4.5679210000000694],[-74.147879999999986,4.5677350000000274],[-74.147706999999969,4.5676110000000563],[-74.147526999999968,4.5674870000000283],[-74.147350999999958,4.5673660000000496],[-74.147174999999947,4.5672490000000607],[-74.146775999999988,4.5669760000000679],[-74.146748999999943,4.5668890000000602],[-74.146644999999978,4.5664930000000368],[-74.146631999999954,4.5664450000000443],[-74.146517999999958,4.5660560000000601],[-74.146503999999936,4.566009000000065],[-74.146386999999947,4.5656160000000341],[-74.146372999999983,4.565571000000034],[-74.146257999999989,4.565176000000065],[-74.146243999999967,4.5651330000000598],[-74.146121999999934,4.5647410000000264],[-74.14610799999997,4.5646970000000238],[-74.145989999999983,4.5643070000000421],[-74.145970999999975,4.5642600000000471],[-74.145852999999988,4.5638730000000578],[-74.145899999999983,4.5638590000000363],[-74.146795999999938,4.5635860000000434],[-74.146849999999972,4.563570000000027],[-74.146898999999962,4.5635500000000206],[-74.147795999999971,4.563282000000072],[-74.147882999999979,4.5632550000000265],[-74.147976999999969,4.5632260000000429],[-74.148862999999949,4.5629550000000449],[-74.148926999999958,4.562938000000031],[-74.148967999999968,4.5629270000000588],[-74.149971999999934,4.5626330000000621],[-74.150127999999938,4.5625870000000646],[-74.150293999999974,4.5625180000000682],[-74.150347999999951,4.5624970000000644],[-74.150525999999957,4.5624530000000618],[-74.150588999999968,4.5624450000000252],[-74.150657999999964,4.5624070000000643],[-74.150902999999971,4.5623420000000579],[-74.151039999999966,4.562372000000039],[-74.15119999999996,4.5624450000000252],[-74.151413999999988,4.5625570000000266],[-74.151558999999963,4.5626230000000305],[-74.151604999999961,4.5626420000000394],[-74.151727999999935,4.5627000000000635],[-74.151821999999981,4.5627130000000307],[-74.151940999999965,4.5626780000000622],[-74.152268999999933,4.562577000000033],[-74.152378999999939,4.562543000000062],[-74.152539999999988,4.5625910000000545],[-74.152655999999979,4.5626510000000735],[-74.152890999999954,4.5627720000000522],[-74.153136999999958,4.5628810000000612],[-74.15329799999995,4.5629580000000374],[-74.15338399999996,4.5629960000000551],[-74.153558999999973,4.5632500000000391],[-74.153613999999948,4.5633530000000633],[-74.153764999999964,4.563805000000059],[-74.153935999999987,4.5641560000000254],[-74.154004999999984,4.5642650000000344],[-74.154038999999955,4.5643490000000497],[-74.154195999999956,4.5646180000000527],[-74.154318999999987,4.5648030000000404],[-74.154370999999969,4.564954000000057],[-74.154620999999963,4.5650360000000205],[-74.154884999999979,4.5651250000000232],[-74.155131999999981,4.5652090000000385],[-74.155386999999962,4.5652890000000639],[-74.155663999999945,4.5653690000000324],[-74.155987999999979,4.5655010000000402],[-74.155982999999935,4.5655490000000327],[-74.156034999999974,4.5657350000000747],[-74.156063999999958,4.5658410000000345],[-74.156135999999947,4.5661230000000614],[-74.156193999999971,4.5662350000000629],[-74.156276999999989,4.5663930000000619],[-74.156596999999977,4.5666570000000206],[-74.157037999999943,4.5670210000000679],[-74.15728699999994,4.5673210000000495],[-74.157375999999942,4.5675760000000309],[-74.157423999999935,4.5676130000000512],[-74.15737699999994,4.5676950000000716],[-74.15732799999995,4.5679760000000442],[-74.157310999999936,4.5680500000000279],[-74.15727499999997,4.5681830000000332],[-74.157265999999936,4.5682440000000497],[-74.157260999999949,4.5683910000000765],[-74.157262999999944,4.5684430000000589],[-74.157259999999951,4.5685150000000476],[-74.157262999999944,4.5685720000000742],[-74.15728699999994,4.5686330000000339],[-74.157390999999961,4.5688220000000683],[-74.157555999999943,4.5690460000000712],[-74.157676999999978,4.5691860000000588],[-74.157901999999979,4.5697540000000458],[-74.158057999999983,4.5701680000000238],[-74.158172999999977,4.570363000000043],[-74.158267999999964,4.5705000000000382],[-74.158302999999989,4.5706160000000295],[-74.158333999999968,4.5706620000000271],[-74.158351999999979,4.5706240000000662],[-74.158373999999981,4.570583000000056],[-74.158405999999957,4.5704920000000584],[-74.158470999999963,4.5701120000000515],[-74.158477999999945,4.5700370000000703],[-74.158491999999967,4.5699520000000575],[-74.158515999999963,4.5696290000000204],[-74.158556999999973,4.5692900000000236],[-74.158571999999936,4.5692420000000311],[-74.158737999999971,4.5688560000000393],[-74.158767999999952,4.5688050000000544],[-74.158840999999939,4.5687190000000442],[-74.15893699999998,4.5686750000000416],[-74.159059999999954,4.5686490000000504],[-74.159214999999961,4.5686680000000592],[-74.159706999999969,4.5687140000000568],[-74.160382999999968,4.568693000000053],[-74.161123999999973,4.5686640000000693],[-74.161745999999937,4.5685750000000667],[-74.162048999999968,4.5685370000000489],[-74.162472999999977,4.5684830000000716],[-74.162778999999944,4.5684340000000248],[-74.162810999999977,4.5685020000000236],[-74.162883999999963,4.5685470000000237],[-74.162965999999983,4.5685640000000376],[-74.163043999999957,4.5685410000000388],[-74.163102999999978,4.5684690000000501],[-74.163122999999985,4.56837500000006],[-74.163123999999982,4.568328000000065],[-74.163403999999957,4.568234000000075],[-74.163453999999945,4.5682120000000737],[-74.163972999999942,4.5680150000000594],[-74.164309999999944,4.5679350000000341],[-74.164306999999951,4.5678870000000416],[-74.164681999999971,4.5675950000000398],[-74.165135999999961,4.5672660000000747],[-74.165183999999954,4.5672280000000569],[-74.165226999999959,4.5671970000000215],[-74.16524899999996,4.5671760000000745],[-74.165272999999956,4.5671480000000315],[-74.165294999999958,4.5671180000000504],[-74.165318999999954,4.5670790000000352],[-74.165335999999968,4.5670470000000591],[-74.165382999999963,4.5669040000000223],[-74.165398999999979,4.566784000000041],[-74.165369999999939,4.5665670000000205],[-74.165330999999981,4.5663990000000467],[-74.165278999999941,4.5663180000000239],[-74.165174999999977,4.5661420000000703],[-74.164841999999965,4.5658240000000205],[-74.164641999999958,4.5656220000000758],[-74.164471999999989,4.5654540000000452],[-74.164723999999978,4.5648280000000341],[-74.164887999999962,4.564469000000031],[-74.165128999999979,4.5644660000000385],[-74.165414999999939,4.5645340000000374],[-74.165694999999971,4.5646100000000729],[-74.166051999999979,4.564674000000025],[-74.166163999999981,4.5646770000000743],[-74.166545999999983,4.5642840000000433],[-74.166727999999978,4.5641910000000507],[-74.166955999999971,4.5643170000000737],[-74.167192999999941,4.5644580000000587],[-74.167264999999986,4.5645030000000588],[-74.167425999999978,4.5645940000000564],[-74.16766599999994,4.5647290000000567],[-74.16789799999998,4.5648690000000443],[-74.168119999999988,4.5649950000000672],[-74.168256999999983,4.5649750000000608],[-74.168485999999973,4.564939000000038],[-74.168708999999978,4.5648680000000468],[-74.168819999999982,4.5648670000000493],[-74.168809999999951,4.5648500000000354],[-74.168819999999982,4.5648670000000493],[-74.168898999999954,4.5650130000000217],[-74.168964999999957,4.5653100000000677],[-74.169071999999971,4.5655960000000277],[-74.169145999999955,4.5659040000000459],[-74.169171999999946,4.5660350000000562],[-74.169223999999986,4.5662830000000554],[-74.16914399999996,4.566278000000068],[-74.169001999999978,4.566327000000058],[-74.16888199999994,4.5664530000000241],[-74.168678999999941,4.5666560000000231],[-74.168515999999954,4.5668700000000513],[-74.168422999999962,4.5669770000000653],[-74.168317999999942,4.5670620000000213],[-74.16825799999998,4.5671090000000731],[-74.167980999999941,4.5672660000000747],[-74.16765399999997,4.5673150000000646],[-74.167140999999958,4.5673490000000356],[-74.167016999999987,4.5673500000000331],[-74.166950999999983,4.5673410000000558],[-74.166589999999985,4.5671600000000581],[-74.166472999999939,4.5671080000000757],[-74.166694999999947,4.5665370000000394]]},"properties":{"OBJECTID":73,"OBJECTID_1":165,"RSPNRUTA":"ZP-SE8-2","RSPCDEFINI":"ZP-SE8","RSPDISTANC":40.240268710000002,"RSPDENOMIN":"ORQUIDEAS - ARBORIZADORA ALTA","RSPTRUTA":"PROVISIONAL","RSPORIGEN":"SUBA CENTRO","RSPDESTINO":"CIUDAD BOLIVAR","RSPIRUTA":236,"SHAPELEN":40515.586408028699,"Shape_Length":0.077906573561332779}},{"type":"Feature","id":74,"geometry":{"type":"LineString","coordinates":[[-74.138860060999946,4.5734680900000626],[-74.139403999999956,4.5732600000000616],[-74.139490999999964,4.5732270000000312],[-74.139605999999958,4.5731600000000299],[-74.139729999999986,4.5731280000000538],[-74.139600999999971,4.5726080000000593],[-74.139463999999975,4.5720460000000571],[-74.139414999999985,4.5719640000000368],[-74.139354999999966,4.5716980000000262],[-74.139083999999968,4.570523000000037],[-74.138904999999966,4.5697100000000432],[-74.138887999999952,4.5696350000000621],[-74.138867999999945,4.5695530000000417],[-74.138808999999981,4.5693490000000452],[-74.138725999999963,4.5690730000000599],[-74.138557999999989,4.568377000000055],[-74.138521999999966,4.5681950000000597],[-74.138491999999985,4.5680720000000292],[-74.138475999999969,4.5679960000000506],[-74.138440999999943,4.5677870000000667],[-74.138428999999974,4.5677250000000527],[-74.138424999999984,4.5676990000000615],[-74.138405999999975,4.5675030000000447],[-74.138400999999988,4.5674460000000749],[-74.138383999999974,4.5672770000000469],[-74.138392999999951,4.5671310000000744],[-74.138396999999941,4.5670720000000529],[-74.13840799999997,4.566880000000026],[-74.138406999999972,4.566784000000041],[-74.138405999999975,4.5667760000000612],[-74.138406999999972,4.5667300000000637],[-74.13841599999995,4.5665180000000305],[-74.138427999999976,4.5663170000000264],[-74.138430999999969,4.5662810000000604],[-74.138440999999943,4.5661790000000337],[-74.138443999999936,4.5661310000000412],[-74.138476999999966,4.5658630000000358],[-74.138514999999984,4.5655560000000719],[-74.138588999999968,4.5650530000000344],[-74.138792999999964,4.5640870000000291],[-74.138846999999942,4.5637480000000323],[-74.138871999999935,4.5636120000000346],[-74.138886999999954,4.5634840000000736],[-74.138923999999975,4.5632740000000354],[-74.138939999999934,4.5631870000000276],[-74.138968999999975,4.5630050000000324],[-74.138976999999954,4.5629560000000424],[-74.139023999999949,4.5626870000000395],[-74.139036999999973,4.5625830000000747],[-74.139058999999975,4.5624090000000592],[-74.139089999999953,4.5621350000000689],[-74.139120999999989,4.5618770000000382],[-74.139143999999987,4.5617320000000632],[-74.139163999999937,4.5616230000000542],[-74.13919999999996,4.5613390000000322],[-74.139246999999955,4.5610250000000292],[-74.139265999999964,4.5608910000000265],[-74.139310999999964,4.5605710000000386],[-74.139335999999957,4.5603190000000495],[-74.139335999999957,4.5601370000000543],[-74.139329999999973,4.5599540000000616],[-74.139318999999944,4.5597750000000588],[-74.139298999999937,4.5596190000000547],[-74.139238999999975,4.5592690000000289],[-74.139172999999971,4.5590200000000323],[-74.139151999999967,4.5589570000000208],[-74.139117999999939,4.5588550000000509],[-74.139043999999956,4.5586430000000746],[-74.139002999999946,4.5585330000000681],[-74.13895999999994,4.5584090000000401],[-74.13892199999998,4.5583020000000261],[-74.138892999999939,4.5582410000000664],[-74.138829999999984,4.5580740000000333],[-74.138763999999981,4.5578910000000405],[-74.138746999999967,4.5578530000000228],[-74.138515999999981,4.5571690000000444],[-74.138450999999975,4.5569690000000378],[-74.138364999999965,4.556709000000069],[-74.138292999999976,4.5564940000000433],[-74.138166999999953,4.5560870000000477],[-74.138149999999939,4.5560320000000729],[-74.138045999999974,4.5556940000000736],[-74.137927999999988,4.5553240000000415],[-74.137936999999965,4.5552790000000414],[-74.13794299999995,4.5552480000000628],[-74.13794699999994,4.5552220000000716],[-74.137958999999967,4.5551890000000412],[-74.137970999999936,4.5551660000000425],[-74.137986999999953,4.5551400000000513],[-74.137999999999977,4.5551090000000727],[-74.138008999999954,4.5550860000000739],[-74.138015999999936,4.555054000000041],[-74.138253999999961,4.5547070000000645],[-74.138377999999989,4.5545500000000629],[-74.138683999999955,4.5544510000000287],[-74.139106999999967,4.5543140000000335],[-74.139457999999934,4.5542020000000321],[-74.139493999999956,4.5541870000000699],[-74.139548999999988,4.554172000000051],[-74.139786999999956,4.5540700000000243],[-74.139882999999941,4.5540300000000684],[-74.139927999999941,4.5540050000000747],[-74.139940999999965,4.5539870000000633],[-74.140132999999935,4.5538680000000227],[-74.140313999999989,4.5537440000000515],[-74.140331999999944,4.5537080000000287],[-74.140768999999977,4.5537800000000743],[-74.140899999999988,4.553747000000044],[-74.141003999999953,4.55368500000003],[-74.141260999999986,4.5534240000000636],[-74.141390999999942,4.5533380000000534],[-74.141373999999985,4.5532750000000419],[-74.141498999999953,4.553019000000063],[-74.141568999999947,4.5528730000000337],[-74.141613999999947,4.5527820000000361],[-74.141675999999961,4.5526420000000485],[-74.141713999999979,4.5525550000000408],[-74.141760999999974,4.5524660000000381],[-74.141781999999978,4.5524290000000747],[-74.141826999999978,4.5523640000000682],[-74.141868999999986,4.5523310000000379],[-74.141918999999973,4.5522830000000454],[-74.141948999999954,4.5522490000000744],[-74.141960999999981,4.552231000000063],[-74.141998999999942,4.5521700000000465],[-74.142006999999978,4.5521530000000325],[-74.142016999999953,4.5521190000000615],[-74.142027999999982,4.5520740000000615],[-74.142035999999962,4.5520020000000727],[-74.142043999999942,4.5519410000000562],[-74.142104999999958,4.5515490000000227],[-74.142108999999948,4.5515030000000252],[-74.142115999999987,4.5513080000000627],[-74.142067999999938,4.5510810000000674],[-74.142004999999983,4.550843000000043],[-74.141980999999987,4.5507150000000252],[-74.141868999999986,4.5502760000000535],[-74.141848999999979,4.5502040000000648],[-74.141777999999988,4.5499020000000314],[-74.141805999999974,4.5498410000000717],[-74.141838999999948,4.5497790000000577],[-74.141781999999978,4.5494530000000282],[-74.141766999999959,4.5494060000000331],[-74.14175199999994,4.5493570000000432],[-74.14169499999997,4.5489490000000501],[-74.141627999999969,4.5485270000000355],[-74.141621999999984,4.5484820000000354],[-74.142092999999988,4.5483840000000555],[-74.142137999999989,4.5483740000000239],[-74.142100999999968,4.5481350000000589],[-74.142065999999943,4.5479060000000686],[-74.141994999999952,4.5474470000000338],[-74.141926999999953,4.5469780000000242],[-74.141879999999958,4.5466680000000679],[-74.141865999999936,4.5465680000000361],[-74.141838999999948,4.5464490000000524],[-74.141847999999982,4.546318000000042],[-74.141887999999938,4.546066000000053],[-74.141941999999972,4.5457350000000361],[-74.141929999999945,4.5456040000000257],[-74.141916999999978,4.545263000000034],[-74.14231499999994,4.5448080000000459],[-74.142348999999967,4.5447620000000484],[-74.142432999999983,4.544710000000066],[-74.142474999999934,4.5447010000000319],[-74.142542999999989,4.5446960000000445],[-74.142587999999989,4.5446920000000546],[-74.143100999999945,4.5446250000000532],[-74.143152999999984,4.5446190000000684],[-74.143480999999952,4.5445760000000632],[-74.143560999999977,4.5445670000000291],[-74.143689999999935,4.5445580000000518],[-74.143779999999936,4.5445580000000518],[-74.143966999999975,4.5445620000000417],[-74.14405499999998,4.5445690000000241],[-74.14407099999994,4.5445170000000417],[-74.144075999999984,4.5442820000000665],[-74.144073999999989,4.5440420000000472],[-74.144082999999966,4.5439890000000673],[-74.144088999999951,4.5435870000000591],[-74.144093999999939,4.5432790000000409],[-74.144112999999948,4.5429040000000214],[-74.144137999999941,4.5428170000000705],[-74.144204999999943,4.5426860000000602],[-74.144253999999989,4.5423190000000204],[-74.144543999999939,4.542314000000033],[-74.144590999999934,4.5423030000000608],[-74.145284999999944,4.5421950000000493],[-74.145629999999983,4.5421450000000618],[-74.145718999999985,4.5421220000000631],[-74.14578199999994,4.5421060000000466],[-74.146075999999937,4.5420910000000276],[-74.146462999999983,4.542047000000025],[-74.146505999999988,4.5420460000000276],[-74.146509999999978,4.5416610000000333],[-74.146542999999951,4.5415850000000546],[-74.146573999999987,4.5413540000000694],[-74.146575999999982,4.5412600000000225],[-74.146507999999983,4.5411400000000413],[-74.146483999999987,4.541067000000055],[-74.146477999999945,4.5410340000000247],[-74.146518999999955,4.5406130000000644],[-74.146631999999954,4.5402570000000537],[-74.146445999999969,4.5401220000000535],[-74.14624699999996,4.5399380000000633],[-74.146183999999948,4.5398440000000733],[-74.146140999999943,4.5396870000000717],[-74.145994999999971,4.5391390000000342],[-74.146326999999985,4.5392440000000533],[-74.146461999999985,4.5392880000000559],[-74.146539999999959,4.5393170000000396],[-74.146627999999964,4.5393490000000725],[-74.146934999999985,4.5394490000000474],[-74.147273999999982,4.5395830000000501],[-74.147321999999974,4.5395980000000691],[-74.147597999999959,4.5397550000000706],[-74.147849999999949,4.5399000000000456],[-74.14787199999995,4.539918000000057],[-74.147911999999963,4.5399710000000368],[-74.147940999999946,4.5400200000000268],[-74.148028999999951,4.540155000000027],[-74.14897499999995,4.5389580000000365],[-74.149012999999968,4.538908000000049],[-74.148931999999945,4.5387710000000538],[-74.148878999999965,4.5387200000000689],[-74.148722999999961,4.5384990000000585],[-74.148539999999969,4.5382240000000706],[-74.148513999999977,4.5381990000000201],[-74.148478999999952,4.5381420000000503],[-74.148359999999968,4.5379330000000664],[-74.148279999999943,4.5377880000000346],[-74.148259999999937,4.5377270000000749],[-74.148221999999976,4.5376200000000608],[-74.14819099999994,4.537537000000043],[-74.148104999999987,4.5373110000000452],[-74.148052999999948,4.5371650000000727],[-74.147923999999989,4.5369420000000673],[-74.147837999999979,4.5368700000000217],[-74.147283999999956,4.5362460000000624],[-74.147193999999956,4.536215000000027],[-74.147196999999949,4.5359540000000607],[-74.147186999999974,4.5357910000000743],[-74.147181999999987,4.5355500000000575],[-74.147164999999973,4.5353460000000609],[-74.147153999999944,4.5349920000000452],[-74.147135999999989,4.5345400000000495],[-74.147152999999946,4.5342570000000251],[-74.147190999999964,4.5339750000000549],[-74.147202999999934,4.5337240000000634],[-74.147198999999944,4.5336560000000645],[-74.146733999999981,4.5331780000000208],[-74.146672999999964,4.5330720000000611],[-74.146631999999954,4.532952000000023],[-74.146611999999948,4.5328500000000531],[-74.146591999999941,4.532743000000039]]},"properties":{"OBJECTID":74,"OBJECTID_1":51,"RSPNRUTA":"ZP-728A-2","RSPCDEFINI":"ZP-728A","RSPDISTANC":39.336219790000001,"RSPDENOMIN":"ARABIA - CANTALEJO","RSPTRUTA":"PROVISIONAL","RSPORIGEN":"CIUDAD BOLIVAR","RSPDESTINO":"SUBA ORIENTAL","RSPIRUTA":91,"SHAPELEN":39622.185231437099,"Shape_Length":0.053305215903773608}},{"type":"Feature","id":75,"geometry":{"type":"LineString","coordinates":[[-74.142434957999967,4.5800623920000589],[-74.142371999999966,4.579900000000066],[-74.142334999999946,4.5798090000000684],[-74.142259999999965,4.5796240000000239],[-74.142152999999951,4.5793430000000512],[-74.142016999999953,4.5789920000000279],[-74.141810999999961,4.5784550000000763],[-74.141609999999957,4.578008000000068],[-74.141426999999965,4.5776700000000687],[-74.141158999999959,4.5771230000000287],[-74.140853999999933,4.576526000000058],[-74.140371999999957,4.5755380000000514],[-74.140235999999959,4.5751480000000697],[-74.140101999999956,4.5746520000000714],[-74.139872999999966,4.5737010000000282],[-74.139729999999986,4.5731280000000538],[-74.139600999999971,4.5726080000000593],[-74.139463999999975,4.5720460000000571],[-74.139414999999985,4.5719640000000368],[-74.139354999999966,4.5716980000000262],[-74.139083999999968,4.570523000000037],[-74.138904999999966,4.5697100000000432],[-74.138887999999952,4.5696350000000621],[-74.138867999999945,4.5695530000000417],[-74.138808999999981,4.5693490000000452],[-74.138725999999963,4.5690730000000599],[-74.138557999999989,4.568377000000055],[-74.138521999999966,4.5681950000000597],[-74.138491999999985,4.5680720000000292],[-74.138475999999969,4.5679960000000506],[-74.138440999999943,4.5677870000000667],[-74.138428999999974,4.5677250000000527],[-74.138424999999984,4.5676990000000615],[-74.138405999999975,4.5675030000000447],[-74.138400999999988,4.5674460000000749],[-74.138383999999974,4.5672770000000469],[-74.138392999999951,4.5671310000000744],[-74.138396999999941,4.5670720000000529],[-74.13840799999997,4.566880000000026],[-74.138406999999972,4.566784000000041],[-74.138405999999975,4.5667760000000612],[-74.138406999999972,4.5667300000000637],[-74.13841599999995,4.5665180000000305],[-74.138427999999976,4.5663170000000264],[-74.138430999999969,4.5662810000000604],[-74.138440999999943,4.5661790000000337],[-74.138443999999936,4.5661310000000412],[-74.138476999999966,4.5658630000000358],[-74.138514999999984,4.5655560000000719],[-74.138588999999968,4.5650530000000344],[-74.138792999999964,4.5640870000000291],[-74.138846999999942,4.5637480000000323],[-74.138871999999935,4.5636120000000346],[-74.138886999999954,4.5634840000000736],[-74.138923999999975,4.5632740000000354],[-74.138939999999934,4.5631870000000276],[-74.138968999999975,4.5630050000000324],[-74.138976999999954,4.5629560000000424],[-74.139023999999949,4.5626870000000395],[-74.139036999999973,4.5625830000000747],[-74.139058999999975,4.5624090000000592],[-74.139089999999953,4.5621350000000689],[-74.139120999999989,4.5618770000000382],[-74.139143999999987,4.5617320000000632],[-74.139163999999937,4.5616230000000542],[-74.13919999999996,4.5613390000000322],[-74.139246999999955,4.5610250000000292],[-74.139265999999964,4.5608910000000265],[-74.139310999999964,4.5605710000000386],[-74.139335999999957,4.5603190000000495],[-74.139335999999957,4.5601370000000543],[-74.139329999999973,4.5599540000000616],[-74.139318999999944,4.5597750000000588],[-74.139298999999937,4.5596190000000547],[-74.139238999999975,4.5592690000000289],[-74.139172999999971,4.5590200000000323],[-74.139151999999967,4.5589570000000208],[-74.139117999999939,4.5588550000000509],[-74.139043999999956,4.5586430000000746],[-74.139002999999946,4.5585330000000681],[-74.13895999999994,4.5584090000000401],[-74.13892199999998,4.5583020000000261],[-74.138892999999939,4.5582410000000664],[-74.138829999999984,4.5580740000000333],[-74.138763999999981,4.5578910000000405],[-74.138746999999967,4.5578530000000228],[-74.138515999999981,4.5571690000000444],[-74.138450999999975,4.5569690000000378],[-74.138364999999965,4.556709000000069],[-74.138292999999976,4.5564940000000433],[-74.138166999999953,4.5560870000000477],[-74.138149999999939,4.5560320000000729],[-74.138045999999974,4.5556940000000736],[-74.137927999999988,4.5553240000000415],[-74.137877999999944,4.555165000000045],[-74.137833999999941,4.5550400000000764],[-74.137651999999946,4.5545170000000326],[-74.137429999999938,4.5538800000000492],[-74.137306999999964,4.5535160000000587],[-74.137220999999954,4.5532660000000647],[-74.137028999999984,4.5527010000000701],[-74.136993999999959,4.5526010000000383],[-74.136971999999957,4.5525390000000243],[-74.136893999999984,4.5523100000000341],[-74.13687699999997,4.5522660000000315],[-74.136772999999948,4.5519560000000752],[-74.136681999999951,4.5516500000000519],[-74.136622999999986,4.5513030000000754],[-74.136610999999959,4.5508880000000431],[-74.136654999999962,4.5505240000000526],[-74.136712999999986,4.5502270000000635],[-74.137001999999939,4.5490230000000338],[-74.137133999999946,4.5484830000000329],[-74.137197999999955,4.5481420000000412],[-74.137227999999936,4.5476320000000214],[-74.137204999999938,4.5473610000000235],[-74.137088999999946,4.5468330000000492],[-74.136890999999935,4.5463510000000724],[-74.136641999999938,4.5458400000000552],[-74.136454999999955,4.5455130000000281],[-74.136288999999977,4.5451910000000453],[-74.136146999999937,4.5449180000000524],[-74.135980999999958,4.544599000000062],[-74.135842999999966,4.5443330000000515],[-74.135785999999939,4.5442240000000425],[-74.134622999999976,4.5419820000000755],[-74.133938999999941,4.5406670000000418],[-74.133784999999989,4.5404050000000211],[-74.133617999999956,4.5401810000000751],[-74.133534999999938,4.5400510000000622],[-74.133461999999952,4.539950000000033],[-74.133403999999985,4.5398780000000443],[-74.133321999999964,4.5397830000000567],[-74.133246999999983,4.539698000000044],[-74.133209999999963,4.5396580000000313],[-74.133171999999945,4.5396200000000704],[-74.133142999999961,4.5395940000000223],[-74.133055999999954,4.5395090000000664],[-74.132972999999936,4.539431000000036],[-74.132859999999937,4.5393300000000636],[-74.131733999999938,4.538451000000066],[-74.130706999999973,4.5376490000000445],[-74.129106999999976,4.5363920000000348],[-74.128819999999962,4.5361240000000294],[-74.128588999999977,4.5358680000000504],[-74.12834799999996,4.5355460000000676],[-74.128161999999975,4.5352480000000241],[-74.127977999999985,4.5348830000000362],[-74.127814999999941,4.5344660000000658],[-74.127719999999954,4.5341230000000223],[-74.127652999999952,4.5337690000000634],[-74.127560999999957,4.5331820000000675],[-74.127252999999939,4.5307860000000346],[-74.127130999999963,4.5298500000000672],[-74.126956999999948,4.5285350000000335],[-74.126783999999986,4.5272160000000667],[-74.126711999999941,4.5266650000000368],[-74.126665999999943,4.5263060000000337],[-74.126651999999979,4.5262050000000613],[-74.126598999999942,4.5258470000000557],[-74.126572999999951,4.5256800000000226],[-74.126545999999962,4.5255670000000237],[-74.126512999999989,4.525431000000026],[-74.126464999999939,4.5252780000000712],[-74.126413999999954,4.5251270000000545],[-74.126377999999988,4.5250270000000228],[-74.126342999999963,4.5249300000000403],[-74.126263999999935,4.5247390000000678],[-74.12620499999997,4.5246120000000474],[-74.126151999999934,4.5245020000000409],[-74.126058999999941,4.5243310000000747],[-74.125994999999989,4.5242200000000707],[-74.125964999999951,4.5241730000000757],[-74.12593899999996,4.5241360000000554],[-74.125783999999953,4.5239010000000235],[-74.125541999999939,4.5235890000000722],[-74.125246999999945,4.5232610000000477],[-74.124409999999955,4.5223300000000677],[-74.124278999999945,4.5221850000000359],[-74.124100999999939,4.5219830000000343],[-74.123924999999986,4.5217860000000201],[-74.123743999999988,4.5215860000000703],[-74.12356699999998,4.5213890000000561],[-74.123373999999956,4.5211740000000304],[-74.123197999999945,4.5209770000000731],[-74.123008999999968,4.5207520000000727],[-74.122957734999943,4.5206813460000603]]},"properties":{"OBJECTID":75,"OBJECTID_1":155,"RSPNRUTA":"ZP-P81-2","RSPCDEFINI":"ZP-P81","RSPDISTANC":28.71207047,"RSPDENOMIN":"EL TUNO - PUENTE GRANDE","RSPTRUTA":"PROVISIONAL","RSPORIGEN":"FONTIBON","RSPDESTINO":"USME","RSPIRUTA":225,"SHAPELEN":28943.850899707104,"Shape_Length":0.065404736923670201}},{"type":"Feature","id":76,"geometry":{"type":"LineString","coordinates":[[-74.151670999999965,4.5523430000000644],[-74.151723999999945,4.5525640000000749],[-74.151790999999946,4.5529070000000615],[-74.151850999999965,4.5531460000000266],[-74.151876999999956,4.5533400000000483],[-74.151882999999941,4.5534620000000245],[-74.151913999999977,4.5537530000000288],[-74.151978999999983,4.554012000000057],[-74.152103999999952,4.554155000000037],[-74.152148999999952,4.5542110000000662],[-74.152261999999951,4.5543890000000715],[-74.152239999999949,4.5545030000000679],[-74.152160999999978,4.5545870000000264],[-74.151921999999956,4.5547170000000392],[-74.151704999999936,4.5548780000000306],[-74.151630999999952,4.5549570000000585],[-74.151590999999939,4.5550270000000523],[-74.151485999999977,4.5552540000000477],[-74.151400999999964,4.5555030000000443],[-74.151312999999959,4.5559860000000754],[-74.151288999999963,4.5563030000000708],[-74.151403999999957,4.5568210000000704],[-74.151397999999972,4.5570340000000442],[-74.151301999999987,4.5572440000000256],[-74.151010999999983,4.5577220000000693],[-74.150950999999964,4.5578310000000215],[-74.150858999999969,4.5580910000000472],[-74.150767999999971,4.558208000000036],[-74.15074599999997,4.5582280000000424],[-74.150583999999981,4.5583730000000742],[-74.150568999999962,4.5583870000000388],[-74.150444999999934,4.5584340000000338],[-74.150381999999979,4.5584530000000427],[-74.150318999999968,4.5584660000000667],[-74.150179999999978,4.5585350000000631],[-74.150089999999977,4.5586050000000569],[-74.149723999999935,4.5588810000000421],[-74.149465999999961,4.5592080000000692],[-74.149419999999964,4.5593030000000567],[-74.149383999999941,4.5594040000000291],[-74.149274999999989,4.559737000000041],[-74.149196999999958,4.5598910000000501],[-74.149125999999967,4.5599760000000629],[-74.149008999999978,4.5601090000000681],[-74.148953999999947,4.5601200000000404],[-74.148738999999978,4.5601830000000518],[-74.148676999999964,4.5602060000000506],[-74.148380999999972,4.560286000000076],[-74.148281999999938,4.5603120000000672],[-74.148146999999938,4.5603370000000609],[-74.148041999999975,4.5603610000000572],[-74.147816999999975,4.5604230000000712],[-74.147702999999979,4.5604570000000422],[-74.147608999999989,4.5604870000000233],[-74.147346999999968,4.5605650000000537],[-74.147213999999963,4.5606090000000563],[-74.147130999999945,4.5606380000000399],[-74.147046999999986,4.5606620000000362],[-74.14690399999995,4.5607030000000464],[-74.146871999999973,4.5607100000000287],[-74.14647599999995,4.56082600000002],[-74.146351999999979,4.5608650000000353],[-74.146071999999947,4.5609540000000379],[-74.145973999999967,4.5609860000000708],[-74.145965999999987,4.5609880000000658],[-74.145424999999989,4.5611510000000521],[-74.145398999999941,4.5611600000000294],[-74.145080999999948,4.5612570000000687],[-74.144966999999951,4.5612920000000372],[-74.14485899999994,4.5613270000000625],[-74.144727999999986,4.5613610000000335],[-74.144575999999972,4.5614070000000311],[-74.144368999999983,4.5614700000000425],[-74.144075999999984,4.5615520000000629],[-74.143959999999936,4.5615850000000364],[-74.143926999999962,4.5615940000000705],[-74.143612999999959,4.5616920000000505],[-74.143259999999941,4.5617950000000747],[-74.143080999999938,4.5618530000000419],[-74.142317999999989,4.5620850000000246],[-74.142280999999969,4.5620950000000562],[-74.141981999999985,4.5621870000000513],[-74.141950999999949,4.562197000000026],[-74.141533999999979,4.5623190000000591],[-74.14122999999995,4.5624410000000353],[-74.141167999999936,4.562479000000053],[-74.141404999999963,4.5626460000000293],[-74.141673999999966,4.5628700000000322],[-74.141969999999958,4.563171000000068],[-74.142083999999954,4.5633190000000354],[-74.142254999999977,4.5635580000000573],[-74.142503999999974,4.563959000000068],[-74.142739999999947,4.564360000000022],[-74.142986999999948,4.5647610000000327],[-74.143148999999937,4.5650320000000306],[-74.143254999999954,4.5652090000000385],[-74.143481999999949,4.5655630000000542],[-74.143728999999951,4.5659650000000624],[-74.14387899999997,4.5661900000000628],[-74.14402199999995,4.5663720000000581],[-74.144175999999959,4.5665700000000697],[-74.144334999999955,4.5667420000000334],[-74.144683999999984,4.5671180000000504],[-74.144987999999955,4.5674370000000408],[-74.145069999999976,4.5675790000000234],[-74.145070999999973,4.5676150000000462],[-74.145058999999947,4.567651000000069],[-74.14503499999995,4.5676750000000652],[-74.144998999999984,4.5677060000000438],[-74.14490399999994,4.5678010000000313],[-74.14480599999996,4.5679550000000404],[-74.145911999999953,4.5687090000000694],[-74.146165999999937,4.5688810000000331],[-74.14638199999996,4.5690300000000548],[-74.146608999999955,4.5691820000000689],[-74.146833999999956,4.569338000000073],[-74.146873999999968,4.5693650000000616],[-74.147013999999956,4.5694610000000466],[-74.147054999999966,4.5694920000000252],[-74.147224999999935,4.5696090000000709],[-74.147299999999973,4.5696600000000558],[-74.14731299999994,4.5696660000000406],[-74.147318999999982,4.5696700000000305],[-74.14734599999997,4.5696890000000394],[-74.147468999999944,4.5697750000000497],[-74.147507999999959,4.5698020000000383],[-74.147712999999953,4.5699410000000285],[-74.148067999999967,4.5701740000000655],[-74.148236999999938,4.5702810000000227],[-74.149009999999976,4.5708270000000653],[-74.150127999999938,4.571593000000064],[-74.150949999999966,4.5721510000000762],[-74.151167999999984,4.5723000000000411],[-74.15124499999996,4.5723540000000753],[-74.151395999999977,4.5724720000000616],[-74.151463999999976,4.5725180000000591],[-74.151559999999961,4.5725820000000681],[-74.151886999999988,4.5728170000000432],[-74.15198399999997,4.5728850000000421],[-74.152211999999963,4.5730440000000385],[-74.152442999999948,4.573216000000059],[-74.152696999999989,4.5734130000000732],[-74.153009999999938,4.5736620000000698],[-74.153046999999958,4.573688000000061],[-74.153082999999981,4.5737250000000245],[-74.153309999999976,4.5739380000000551],[-74.153527999999937,4.5741500000000315],[-74.153577999999982,4.5742060000000606],[-74.153648999999973,4.5742840000000342],[-74.153682999999944,4.5743190000000595],[-74.153734999999983,4.5743780000000243],[-74.153816999999947,4.5744710000000737],[-74.153847999999982,4.5745050000000447],[-74.15413499999994,4.5748500000000263],[-74.154324999999972,4.575095000000033],[-74.154500999999982,4.5753450000000271],[-74.154653999999937,4.5755710000000249],[-74.154789999999934,4.5757860000000505],[-74.15483299999994,4.5758550000000469],[-74.154993999999988,4.5761370000000738],[-74.155144999999948,4.5764180000000465],[-74.155168999999944,4.5764620000000491],[-74.155286999999987,4.5766810000000646],[-74.155528999999945,4.5771390000000451],[-74.155664999999942,4.5773910000000342],[-74.155695999999978,4.577442000000076],[-74.15578899999997,4.5776050000000623],[-74.155861999999956,4.5777370000000701],[-74.155977999999948,4.5779540000000338],[-74.155990999999972,4.5779770000000326],[-74.156016999999963,4.5780180000000428],[-74.156081999999969,4.5781230000000619],[-74.156143999999983,4.5782480000000305],[-74.156164999999987,4.578296000000023],[-74.156208999999933,4.578388000000075],[-74.156352999999967,4.578689000000054],[-74.156373999999971,4.5787270000000717],[-74.156702999999936,4.5793380000000639],[-74.156928999999934,4.5797870000000671],[-74.156966999999952,4.5798440000000369],[-74.157012999999949,4.5799170000000231],[-74.157052999999962,4.5799690000000624],[-74.157027999999968,4.58006000000006],[-74.157015999999942,4.58010500000006],[-74.157014999999944,4.5801130000000398],[-74.157014999999944,4.5801370000000361],[-74.157011999999952,4.5801640000000248],[-74.157005999999967,4.58020300000004],[-74.15700499999997,4.5802120000000741],[-74.156990999999948,4.5802590000000691],[-74.156972999999937,4.5803040000000692],[-74.156946999999946,4.5803510000000642],[-74.156918999999959,4.5803910000000201],[-74.156884999999988,4.5804260000000454],[-74.156871999999964,4.580438000000072],[-74.156845999999973,4.5804600000000733],[-74.156839999999988,4.5804660000000581],[-74.156811999999945,4.5805080000000657],[-74.156786999999952,4.5805440000000317],[-74.155371999999943,4.580786000000046],[-74.153727999999944,4.5810610000000338],[-74.153371999999933,4.5810810000000401],[-74.15301999999997,4.581068000000073],[-74.152931999999964,4.5810550000000489],[-74.152790999999979,4.5810350000000426],[-74.152729999999963,4.5810250000000678],[-74.152686999999958,4.5810160000000337],[-74.152565999999979,4.5809920000000375],[-74.152500999999972,4.580976000000021],[-74.152434999999969,4.580959000000064],[-74.152358999999933,4.5809370000000627],[-74.152280999999959,4.5809130000000664],[-74.152179999999987,4.5808790000000386],[-74.15199199999995,4.5808100000000422],[-74.151909999999987,4.5807780000000662],[-74.151882999999941,4.5807660000000396],[-74.151798999999983,4.5807330000000661],[-74.151763999999957,4.5807190000000446],[-74.151718999999957,4.5807030000000282],[-74.151606999999956,4.580660000000023],[-74.151598999999976,4.5806570000000306],[-74.151451999999949,4.5805990000000634],[-74.151266999999962,4.5805290000000696],[-74.151167999999984,4.5804900000000544],[-74.151130999999964,4.5804780000000278],[-74.14961599999998,4.579887000000042],[-74.147986999999944,4.5792270000000599],[-74.147190999999964,4.5789190000000417],[-74.146228999999948,4.5785120000000461],[-74.145726999999965,4.5783380000000307],[-74.145438999999953,4.5782910000000356],[-74.145111999999983,4.578296000000023],[-74.144787999999949,4.5783670000000711],[-74.144614999999988,4.578433000000075],[-74.144464999999968,4.5785110000000486],[-74.144183999999939,4.5787020000000211],[-74.143386999999962,4.5792910000000688],[-74.143348999999944,4.57931700000006],[-74.143265999999983,4.579381000000069],[-74.143206999999961,4.5794260000000691],[-74.143191999999942,4.5794390000000362],[-74.143177999999978,4.5794520000000603],[-74.143166999999949,4.57946400000003],[-74.143073999999956,4.5795480000000452],[-74.143030999999951,4.5795940000000428],[-74.143002999999965,4.5796280000000706],[-74.142928999999981,4.5797350000000279],[-74.142880999999988,4.5798000000000343],[-74.14280599999995,4.5798980000000711],[-74.142794999999978,4.5799120000000357],[-74.142698999999936,4.5800250000000347],[-74.142677037999988,4.5800494020000428]]},"properties":{"OBJECTID":76,"OBJECTID_1":31,"RSPNRUTA":"ZP-361-2","RSPCDEFINI":"ZP-361","RSPDISTANC":28.951940539999999,"RSPDENOMIN":"VILLA GLORIA - EL REFUGIO","RSPTRUTA":"PROVISIONAL","RSPORIGEN":"CIUDAD BOLLVAR","RSPDESTINO":"FONTIBON","RSPIRUTA":60,"SHAPELEN":29133.930703730799,"Shape_Length":0.057860061309331939}},{"type":"Feature","id":77,"geometry":{"type":"LineString","coordinates":[[-74.169584999999984,4.5846600000000421],[-74.169364999999971,4.5847330000000284],[-74.169062999999937,4.5848280000000727],[-74.168802999999969,4.5849020000000564],[-74.16854699999999,4.5849840000000199],[-74.16826599999996,4.5850670000000378],[-74.168424999999957,4.5856000000000563],[-74.167764999999974,4.5858020000000579],[-74.167513999999983,4.5858780000000365],[-74.166601999999955,4.5861560000000736],[-74.166624999999954,4.5862150000000383],[-74.166763999999944,4.5866930000000252],[-74.166782999999953,4.5867510000000493],[-74.166923999999938,4.5872280000000387],[-74.166938999999957,4.5872810000000754],[-74.167085999999983,4.5877680000000396],[-74.167028999999957,4.587784000000056],[-74.166282999999964,4.5880120000000488],[-74.165316999999959,4.5883030000000531],[-74.165262999999982,4.588322000000062],[-74.165089999999964,4.5883790000000317],[-74.164311999999939,4.5886200000000485],[-74.163087999999959,4.5889960000000656],[-74.162170999999944,4.5892810000000281],[-74.161339999999939,4.5895060000000285],[-74.161336999999946,4.5894130000000359],[-74.161306999999965,4.5889870000000315],[-74.161260999999968,4.5885440000000699],[-74.161194999999964,4.5880630000000338],[-74.161106999999959,4.5877350000000661],[-74.160897999999975,4.5872400000000653],[-74.159749999999974,4.5848760000000652],[-74.158908999999937,4.5831140000000232],[-74.158692999999971,4.5826620000000275],[-74.158086999999966,4.5815410000000725],[-74.157829999999933,4.5811220000000503],[-74.157826999999941,4.5811190000000579],[-74.157526999999959,4.5805400000000418],[-74.157523999999967,4.5805350000000544],[-74.157476999999972,4.5804360000000202],[-74.157322999999963,4.5804560000000265],[-74.157252999999969,4.5804640000000632],[-74.156786999999952,4.5805440000000317],[-74.155371999999943,4.580786000000046],[-74.153727999999944,4.5810610000000338],[-74.153371999999933,4.5810810000000401],[-74.15301999999997,4.581068000000073],[-74.152931999999964,4.5810550000000489],[-74.152790999999979,4.5810350000000426],[-74.152729999999963,4.5810250000000678],[-74.152686999999958,4.5810160000000337],[-74.152565999999979,4.5809920000000375],[-74.152500999999972,4.580976000000021],[-74.152434999999969,4.580959000000064],[-74.152358999999933,4.5809370000000627],[-74.152280999999959,4.5809130000000664],[-74.152179999999987,4.5808790000000386],[-74.15199199999995,4.5808100000000422],[-74.151909999999987,4.5807780000000662],[-74.151882999999941,4.5807660000000396],[-74.151798999999983,4.5807330000000661],[-74.151763999999957,4.5807190000000446],[-74.151718999999957,4.5807030000000282],[-74.151606999999956,4.580660000000023],[-74.151598999999976,4.5806570000000306],[-74.151451999999949,4.5805990000000634],[-74.151266999999962,4.5805290000000696],[-74.151167999999984,4.5804900000000544],[-74.151130999999964,4.5804780000000278],[-74.14961599999998,4.579887000000042],[-74.147986999999944,4.5792270000000599],[-74.147190999999964,4.5789190000000417],[-74.146228999999948,4.5785120000000461],[-74.145726999999965,4.5783380000000307],[-74.145438999999953,4.5782910000000356],[-74.145111999999983,4.578296000000023],[-74.144787999999949,4.5783670000000711],[-74.144614999999988,4.578433000000075],[-74.144464999999968,4.5785110000000486],[-74.144183999999939,4.5787020000000211],[-74.143386999999962,4.5792910000000688],[-74.143348999999944,4.57931700000006],[-74.143265999999983,4.579381000000069],[-74.143206999999961,4.5794260000000691],[-74.143191999999942,4.5794390000000362],[-74.143177999999978,4.5794520000000603],[-74.143166999999949,4.57946400000003],[-74.143073999999956,4.5795480000000452],[-74.143030999999951,4.5795940000000428],[-74.143002999999965,4.5796280000000706],[-74.142928999999981,4.5797350000000279],[-74.142880999999988,4.5798000000000343],[-74.14280599999995,4.5798980000000711],[-74.142794999999978,4.5799120000000357],[-74.142698999999936,4.5800250000000347],[-74.142677037999988,4.5800494020000428]]},"properties":{"OBJECTID":77,"OBJECTID_1":6,"RSPNRUTA":"ZP-83-1","RSPCDEFINI":"ZP-83","RSPDISTANC":21.21923065,"RSPDENOMIN":"ISMAEL PERDOMO - TEUSAQUILLO","RSPTRUTA":"PROVISIONAL","RSPORIGEN":"PERDOMO","RSPDESTINO":"NEUTRA","RSPIRUTA":11,"SHAPELEN":21283.6292292201,"Shape_Length":0.03746691212477192}},{"type":"Feature","id":78,"geometry":{"type":"LineString","coordinates":[[-74.159422941999935,4.5996916420000389],[-74.159040999999945,4.5997070000000235],[-74.158947999999953,4.5997120000000677],[-74.158835999999951,4.5997170000000551],[-74.15866699999998,4.5997220000000425],[-74.158320999999944,4.5997400000000539],[-74.157156999999984,4.5997750000000224],[-74.156769999999938,4.5997950000000287],[-74.156296999999938,4.5998120000000426],[-74.155441999999937,4.5998420000000237],[-74.154847999999959,4.5998550000000478],[-74.154744999999934,4.5998400000000288],[-74.154650999999944,4.5997940000000312],[-74.154582999999946,4.5999000000000478],[-74.15453599999995,4.5999690000000442],[-74.154486999999961,4.6000250000000733],[-74.15444599999995,4.600050000000067],[-74.154358999999943,4.6000890000000254],[-74.154051999999979,4.6002250000000231],[-74.153662999999938,4.6003830000000221],[-74.15306499999997,4.6006440000000453],[-74.152247999999986,4.6009970000000635],[-74.15217199999995,4.6010460000000535],[-74.152102999999954,4.601126000000022],[-74.151916999999969,4.6012130000000298],[-74.152102999999954,4.601126000000022],[-74.151998999999989,4.6012610000000222],[-74.151913999999977,4.6013940000000275],[-74.15181599999994,4.6015720000000329],[-74.151767999999947,4.6016730000000621],[-74.151707999999985,4.6017940000000408],[-74.151559999999961,4.6020510000000741],[-74.151406999999949,4.6023450000000707],[-74.151397476999989,4.6023607160000211]]},"properties":{"OBJECTID":78,"OBJECTID_1":38,"RSPNRUTA":"ZP-500-1","RSPCDEFINI":"ZP-500","RSPDISTANC":21.485900879999999,"RSPDENOMIN":"NUEVO CHILE - PUENTE ARANDA","RSPTRUTA":"PROVISIONAL","RSPORIGEN":"BOSA","RSPDESTINO":"FONTIBON","RSPIRUTA":70,"SHAPELEN":21604.303116602099,"Shape_Length":0.0095435662263798019}},{"type":"Feature","id":79,"geometry":{"type":"LineString","coordinates":[[-74.168968999999947,4.591570000000047],[-74.170491999999967,4.5915920000000483],[-74.17072399999995,4.5916330000000585],[-74.170931999999937,4.5916590000000497],[-74.171212999999966,4.5917180000000712],[-74.171479999999974,4.5917660000000637],[-74.171748999999977,4.5918200000000411],[-74.171917999999948,4.5918610000000513],[-74.172014999999988,4.5918590000000563],[-74.172024999999962,4.5917910000000575],[-74.17202599999996,4.5907270000000722],[-74.17202599999996,4.5906450000000518],[-74.172026999999957,4.5905610000000365],[-74.172038999999984,4.5896720000000641],[-74.171762999999942,4.5896730000000616],[-74.171519999999987,4.5896700000000692],[-74.171221999999943,4.5896680000000742],[-74.170935999999983,4.5896680000000742],[-74.170428999999956,4.5896660000000224],[-74.169037999999944,4.5896620000000325],[-74.168972999999937,4.5896670000000199],[-74.168239999999969,4.5896670000000199],[-74.167898999999977,4.5896660000000224],[-74.167825999999934,4.5896660000000224],[-74.167626999999982,4.589665000000025],[-74.167484999999942,4.5896640000000275],[-74.167437999999947,4.5896640000000275],[-74.16730599999994,4.589665000000025],[-74.16730599999994,4.5895920000000388],[-74.167303999999945,4.5894940000000588],[-74.167308999999989,4.5890490000000455],[-74.167308999999989,4.5889740000000643],[-74.167307999999935,4.5888440000000514],[-74.167275999999958,4.5884080000000722],[-74.167251999999962,4.5883130000000278],[-74.167214999999942,4.5881760000000327],[-74.167173999999989,4.5880350000000476],[-74.167134999999973,4.5879010000000449],[-74.167085999999983,4.5877680000000396],[-74.166938999999957,4.5872810000000754],[-74.166923999999938,4.5872280000000387],[-74.166185999999982,4.5874600000000214],[-74.165151999999978,4.5877680000000396],[-74.165101999999933,4.587786000000051],[-74.165045999999961,4.5878060000000573],[-74.164158999999984,4.5880850000000351],[-74.164016999999944,4.5881190000000629],[-74.163248999999951,4.5883480000000532],[-74.163233999999989,4.5883910000000583],[-74.163212999999985,4.5884600000000546],[-74.163137999999947,4.5886960000000272],[-74.163088999999957,4.5888540000000262],[-74.163071999999943,4.5889230000000225],[-74.163087999999959,4.5889960000000656],[-74.162170999999944,4.5892810000000281],[-74.161339999999939,4.5895060000000285],[-74.161336999999946,4.5894130000000359],[-74.161306999999965,4.5889870000000315],[-74.161260999999968,4.5885440000000699],[-74.161194999999964,4.5880630000000338],[-74.161106999999959,4.5877350000000661],[-74.160897999999975,4.5872400000000653],[-74.159749999999974,4.5848760000000652],[-74.158908999999937,4.5831140000000232],[-74.158692999999971,4.5826620000000275],[-74.158086999999966,4.5815410000000725],[-74.157829999999933,4.5811220000000503],[-74.157826999999941,4.5811190000000579],[-74.157526999999959,4.5805400000000418],[-74.157523999999967,4.5805350000000544],[-74.157476999999972,4.5804360000000202],[-74.157322999999963,4.5804560000000265],[-74.157252999999969,4.5804640000000632],[-74.156786999999952,4.5805440000000317],[-74.155371999999943,4.580786000000046],[-74.153727999999944,4.5810610000000338],[-74.153371999999933,4.5810810000000401],[-74.15301999999997,4.581068000000073],[-74.152931999999964,4.5810550000000489],[-74.152790999999979,4.5810350000000426],[-74.152729999999963,4.5810250000000678],[-74.152686999999958,4.5810160000000337],[-74.152565999999979,4.5809920000000375],[-74.152500999999972,4.580976000000021],[-74.152434999999969,4.580959000000064],[-74.152358999999933,4.5809370000000627],[-74.152280999999959,4.5809130000000664],[-74.152179999999987,4.5808790000000386],[-74.15199199999995,4.5808100000000422],[-74.151909999999987,4.5807780000000662],[-74.151882999999941,4.5807660000000396],[-74.151798999999983,4.5807330000000661],[-74.151763999999957,4.5807190000000446],[-74.151718999999957,4.5807030000000282],[-74.151606999999956,4.580660000000023],[-74.151598999999976,4.5806570000000306],[-74.151451999999949,4.5805990000000634],[-74.151266999999962,4.5805290000000696],[-74.151167999999984,4.5804900000000544],[-74.151130999999964,4.5804780000000278],[-74.14961599999998,4.579887000000042],[-74.147986999999944,4.5792270000000599],[-74.147190999999964,4.5789190000000417],[-74.146228999999948,4.5785120000000461],[-74.145726999999965,4.5783380000000307],[-74.145438999999953,4.5782910000000356],[-74.145111999999983,4.578296000000023],[-74.144787999999949,4.5783670000000711],[-74.144614999999988,4.578433000000075],[-74.144464999999968,4.5785110000000486],[-74.144183999999939,4.5787020000000211],[-74.143386999999962,4.5792910000000688],[-74.143348999999944,4.57931700000006],[-74.143265999999983,4.579381000000069],[-74.143206999999961,4.5794260000000691],[-74.143191999999942,4.5794390000000362],[-74.143177999999978,4.5794520000000603],[-74.143166999999949,4.57946400000003],[-74.143073999999956,4.5795480000000452],[-74.143030999999951,4.5795940000000428],[-74.143002999999965,4.5796280000000706],[-74.142928999999981,4.5797350000000279],[-74.142880999999988,4.5798000000000343],[-74.14280599999995,4.5798980000000711],[-74.142794999999978,4.5799120000000357],[-74.142698999999936,4.5800250000000347],[-74.142677037999988,4.5800494020000428]]},"properties":{"OBJECTID":79,"OBJECTID_1":191,"RSPNRUTA":"ZP-551-1","RSPCDEFINI":"ZP-551","RSPDISTANC":20.669420240000001,"RSPDENOMIN":"GALICIA - CHAPINERO","RSPTRUTA":"PROVISIONAL","RSPORIGEN":"PERDOMO","RSPDESTINO":"NEUTRA","RSPIRUTA":277,"SHAPELEN":20871.1340153569,"Shape_Length":0.04476053620306375}},{"type":"Feature","id":80,"geometry":{"type":"LineString","coordinates":[[-74.146611999999948,4.5328500000000531],[-74.146631999999954,4.532952000000023],[-74.146672999999964,4.5330720000000611],[-74.146733999999981,4.5331780000000208],[-74.147198999999944,4.5336560000000645],[-74.147202999999934,4.5337240000000634],[-74.147190999999964,4.5339750000000549],[-74.147152999999946,4.5342570000000251],[-74.147135999999989,4.5345400000000495],[-74.147153999999944,4.5349920000000452],[-74.147164999999973,4.5353460000000609],[-74.147181999999987,4.5355500000000575],[-74.147186999999974,4.5357910000000743],[-74.147196999999949,4.5359540000000607],[-74.147193999999956,4.536215000000027],[-74.147283999999956,4.5362460000000624],[-74.147837999999979,4.5368700000000217],[-74.147923999999989,4.5369420000000673],[-74.148052999999948,4.5371650000000727],[-74.148104999999987,4.5373110000000452],[-74.14819099999994,4.537537000000043],[-74.148221999999976,4.5376200000000608],[-74.148259999999937,4.5377270000000749],[-74.148279999999943,4.5377880000000346],[-74.148359999999968,4.5379330000000664],[-74.148478999999952,4.5381420000000503],[-74.148513999999977,4.5381990000000201],[-74.148539999999969,4.5382240000000706],[-74.148722999999961,4.5384990000000585],[-74.148878999999965,4.5387200000000689],[-74.148931999999945,4.5387710000000538],[-74.149012999999968,4.538908000000049],[-74.14897499999995,4.5389580000000365],[-74.148028999999951,4.540155000000027],[-74.148453999999958,4.5404270000000224],[-74.148521999999957,4.5404680000000326],[-74.148743999999965,4.5406060000000252],[-74.148834999999963,4.5406640000000493],[-74.149167999999975,4.5410530000000335],[-74.14930099999998,4.5412330000000338],[-74.149370999999974,4.5414690000000633],[-74.149407999999937,4.541637000000037],[-74.149418999999966,4.541686000000027],[-74.149485999999968,4.5418110000000524],[-74.149523999999985,4.541872000000069],[-74.149584999999945,4.541966000000059],[-74.149656999999934,4.5420590000000516],[-74.149697999999944,4.5421150000000239],[-74.149736999999959,4.5421590000000265],[-74.149777999999969,4.5421970000000442],[-74.149838999999986,4.5422520000000759],[-74.149870999999962,4.5422830000000545],[-74.149889999999971,4.5423100000000431],[-74.149902999999938,4.542344000000071],[-74.149904999999933,4.5424950000000308],[-74.149906999999985,4.5425450000000751],[-74.149910999999975,4.542598000000055],[-74.149919999999952,4.542679000000021],[-74.149929999999983,4.5427060000000665],[-74.149951999999985,4.5427500000000691],[-74.14995799999997,4.5427830000000426],[-74.150033999999948,4.5430040000000531],[-74.150062999999989,4.5431160000000546],[-74.150069999999971,4.5431980000000749],[-74.150091999999972,4.5434170000000336],[-74.150101999999947,4.5434980000000564],[-74.150125999999943,4.5437050000000454],[-74.15013399999998,4.5438500000000204],[-74.150107999999989,4.5440070000000219],[-74.150077999999951,4.5440360000000624],[-74.149845999999968,4.5442120000000727],[-74.149746999999934,4.5443590000000427],[-74.149706999999978,4.5444330000000264],[-74.149648999999954,4.5445930000000203],[-74.149973999999986,4.5449630000000525],[-74.150022999999976,4.5450180000000273],[-74.150289999999984,4.5453030000000467],[-74.150339999999971,4.545340000000067],[-74.150463999999943,4.5455310000000395],[-74.150399999999934,4.5456250000000296],[-74.150064999999984,4.546164000000033],[-74.150034999999946,4.5462150000000747],[-74.149976999999978,4.5463490000000206],[-74.149910999999975,4.5465040000000272],[-74.149788999999942,4.5467270000000326],[-74.149710999999968,4.5467900000000441],[-74.149583999999948,4.5468450000000757],[-74.14906899999994,4.5468830000000366],[-74.148725999999954,4.5469540000000279],[-74.148656999999957,4.5469960000000356],[-74.148121999999944,4.5471980000000372],[-74.148017999999979,4.5472370000000524],[-74.147943999999939,4.5473120000000335],[-74.14787199999995,4.5475520000000529],[-74.147847999999954,4.5478690000000483],[-74.147819999999967,4.5479790000000548],[-74.147799999999961,4.5480420000000663],[-74.147694999999942,4.5484130000000391],[-74.147646999999949,4.5486560000000509],[-74.147612999999978,4.5489610000000766],[-74.147598999999957,4.5489900000000603],[-74.147583999999938,4.5491180000000213],[-74.147566999999981,4.5492450000000417],[-74.147575999999958,4.5494020000000432],[-74.147566999999981,4.5495400000000359],[-74.147571999999968,4.5495920000000751],[-74.147582999999941,4.5497180000000412],[-74.147585999999933,4.5498020000000565],[-74.147577999999953,4.5498530000000414],[-74.147562999999934,4.5499030000000289],[-74.147538999999938,4.5499530000000732],[-74.147480999999971,4.5500250000000619],[-74.147338999999988,4.5502060000000597],[-74.147191999999961,4.5503250000000435],[-74.14702699999998,4.5504280000000676],[-74.146938999999975,4.5504540000000588],[-74.146808999999962,4.550482000000045],[-74.146735999999976,4.550497000000064],[-74.146527999999989,4.5505450000000565],[-74.146275999999943,4.5506580000000554],[-74.146244999999965,4.5506830000000491],[-74.146040999999968,4.5508070000000203],[-74.145974999999964,4.5508520000000203],[-74.145686999999953,4.5510340000000724],[-74.145577999999944,4.5511080000000561],[-74.145480999999961,4.5511750000000575],[-74.145435999999961,4.5512070000000335],[-74.145395999999948,4.5512440000000538],[-74.145357999999987,4.551285000000064],[-74.145325999999955,4.5513270000000716],[-74.145290999999986,4.5513730000000692],[-74.145200999999986,4.5515010000000302],[-74.145091999999977,4.5516640000000734],[-74.144798999999978,4.5520870000000286],[-74.144748999999933,4.5521590000000742],[-74.144651999999951,4.5522870000000353],[-74.144448999999952,4.5525830000000269],[-74.144041999999956,4.5531990000000633],[-74.143622999999934,4.5534510000000523],[-74.143407999999965,4.5535500000000297],[-74.143622999999934,4.5534510000000523],[-74.143474999999967,4.5534920000000625],[-74.143420999999989,4.5534920000000625],[-74.14337299999994,4.5534690000000637],[-74.143317999999965,4.5534220000000687],[-74.143288999999982,4.5533640000000446],[-74.143272999999965,4.5532950000000483],[-74.143277999999952,4.5532450000000608],[-74.143291999999974,4.5531940000000759],[-74.143382999999972,4.5530330000000276],[-74.143399999999986,4.552955000000054],[-74.143353999999988,4.5528790000000754],[-74.143310999999983,4.5528510000000324],[-74.143258999999944,4.5528340000000753],[-74.143203999999969,4.5528360000000703],[-74.142883999999981,4.5529120000000489],[-74.142765999999938,4.5529120000000489],[-74.142627999999945,4.5528690000000438],[-74.142267999999945,4.5528270000000362],[-74.142199999999946,4.552861000000064],[-74.141924999999958,4.5529990000000566],[-74.141774999999939,4.5530940000000442],[-74.141390999999942,4.5533380000000534],[-74.141260999999986,4.5534240000000636],[-74.141003999999953,4.55368500000003],[-74.140899999999988,4.553747000000044],[-74.140768999999977,4.5537800000000743],[-74.140331999999944,4.5537080000000287],[-74.140313999999989,4.5537440000000515],[-74.140132999999935,4.5538680000000227],[-74.139940999999965,4.5539870000000633],[-74.139927999999941,4.5540050000000747],[-74.139882999999941,4.5540300000000684],[-74.139786999999956,4.5540700000000243],[-74.139548999999988,4.554172000000051],[-74.139493999999956,4.5541870000000699],[-74.139457999999934,4.5542020000000321],[-74.139106999999967,4.5543140000000335],[-74.138683999999955,4.5544510000000287],[-74.138377999999989,4.5545500000000629],[-74.138253999999961,4.5547070000000645],[-74.138015999999936,4.555054000000041],[-74.137994999999989,4.5550660000000676],[-74.137951999999984,4.5550820000000272],[-74.137925999999936,4.5550840000000221],[-74.137904999999989,4.5550860000000739],[-74.137875999999949,4.5550790000000347],[-74.137855999999942,4.5550610000000233],[-74.137833999999941,4.5550400000000764],[-74.137651999999946,4.5545170000000326],[-74.137429999999938,4.5538800000000492],[-74.137306999999964,4.5535160000000587],[-74.137266999999952,4.5535280000000284],[-74.137225999999941,4.5535280000000284],[-74.137185999999986,4.5535160000000587],[-74.137141999999983,4.5535170000000562],[-74.137100999999973,4.5535310000000209],[-74.13706899999994,4.5535560000000714],[-74.137045999999941,4.5535880000000475],[-74.137002999999936,4.5536100000000488],[-74.136957999999936,4.5536240000000703],[-74.137088999999946,4.5539780000000292],[-74.137243999999953,4.5544410000000539],[-74.137523999999985,4.5552350000000388],[-74.13770599999998,4.5557750000000397],[-74.137810999999942,4.5560850000000528],[-74.137841999999978,4.5561760000000504],[-74.137980999999968,4.5565800000000536],[-74.138053999999954,4.5567970000000741],[-74.138145999999949,4.5570620000000304],[-74.138216999999941,4.5572600000000421],[-74.138455999999962,4.5579490000000646],[-74.138856999999973,4.5590970000000652],[-74.138939999999934,4.5594190000000481],[-74.138980999999944,4.5596710000000371],[-74.138994999999966,4.5597960000000626],[-74.138998999999956,4.559955000000059],[-74.139000999999951,4.560115000000053],[-74.138999999999953,4.5602870000000735],[-74.138973999999962,4.5604970000000549],[-74.138923999999975,4.5608470000000239],[-74.138900999999976,4.5609790000000316],[-74.138898999999981,4.5609910000000582],[-74.138856999999973,4.561281000000065],[-74.138815999999963,4.5615430000000288],[-74.13877599999995,4.5618160000000216],[-74.138739999999984,4.5620870000000764],[-74.138697999999977,4.5623490000000402],[-74.138686999999948,4.562430000000063],[-74.138672999999983,4.5625480000000493],[-74.138663999999949,4.5626290000000722],[-74.138629999999978,4.5628350000000637],[-74.138611999999966,4.5629460000000677],[-74.138566999999966,4.5632270000000403],[-74.138590999999963,4.5632660000000556],[-74.138626999999985,4.5633110000000556],[-74.138659999999959,4.5633340000000544],[-74.138731999999948,4.5633480000000759],[-74.138798999999949,4.5633450000000266],[-74.138843999999949,4.563331000000062],[-74.138884999999959,4.5633070000000657],[-74.138923999999975,4.5632740000000354],[-74.138939999999934,4.5631870000000276],[-74.138968999999975,4.5630050000000324],[-74.138976999999954,4.5629560000000424],[-74.139023999999949,4.5626870000000395],[-74.139036999999973,4.5625830000000747],[-74.139058999999975,4.5624090000000592],[-74.139089999999953,4.5621350000000689],[-74.139120999999989,4.5618770000000382],[-74.139143999999987,4.5617320000000632],[-74.139255999999989,4.5617500000000746],[-74.139386999999942,4.5617970000000696],[-74.139426999999955,4.5618090000000393],[-74.139541999999949,4.5618310000000406],[-74.139811999999949,4.5618440000000646],[-74.14002499999998,4.5618550000000369],[-74.140149999999949,4.5618840000000205],[-74.140519999999981,4.5620830000000296],[-74.140985999999941,4.5623750000000314],[-74.141167999999936,4.562479000000053],[-74.141404999999963,4.5626460000000293],[-74.141673999999966,4.5628700000000322],[-74.141969999999958,4.563171000000068],[-74.142083999999954,4.5633190000000354],[-74.142254999999977,4.5635580000000573],[-74.142503999999974,4.563959000000068],[-74.142739999999947,4.564360000000022],[-74.142986999999948,4.5647610000000327],[-74.143148999999937,4.5650320000000306],[-74.143254999999954,4.5652090000000385],[-74.143481999999949,4.5655630000000542],[-74.143728999999951,4.5659650000000624],[-74.14387899999997,4.5661900000000628],[-74.14402199999995,4.5663720000000581],[-74.144175999999959,4.5665700000000697],[-74.144334999999955,4.5667420000000334],[-74.144683999999984,4.5671180000000504],[-74.144987999999955,4.5674370000000408],[-74.145069999999976,4.5675790000000234],[-74.145070999999973,4.5676150000000462],[-74.145058999999947,4.567651000000069],[-74.14503499999995,4.5676750000000652],[-74.144998999999984,4.5677060000000438],[-74.14490399999994,4.5678010000000313],[-74.14480599999996,4.5679550000000404],[-74.145911999999953,4.5687090000000694],[-74.146165999999937,4.5688810000000331],[-74.14638199999996,4.5690300000000548],[-74.146608999999955,4.5691820000000689],[-74.146833999999956,4.569338000000073],[-74.146873999999968,4.5693650000000616],[-74.147013999999956,4.5694610000000466],[-74.147054999999966,4.5694920000000252],[-74.147224999999935,4.5696090000000709],[-74.147299999999973,4.5696600000000558],[-74.14731299999994,4.5696660000000406],[-74.147318999999982,4.5696700000000305],[-74.14734599999997,4.5696890000000394],[-74.147468999999944,4.5697750000000497],[-74.147507999999959,4.5698020000000383],[-74.147712999999953,4.5699410000000285],[-74.148067999999967,4.5701740000000655],[-74.148236999999938,4.5702810000000227],[-74.149009999999976,4.5708270000000653],[-74.150127999999938,4.571593000000064],[-74.150949999999966,4.5721510000000762],[-74.151167999999984,4.5723000000000411],[-74.15124499999996,4.5723540000000753],[-74.151395999999977,4.5724720000000616],[-74.151463999999976,4.5725180000000591],[-74.151559999999961,4.5725820000000681],[-74.151886999999988,4.5728170000000432],[-74.15198399999997,4.5728850000000421],[-74.152211999999963,4.5730440000000385],[-74.152442999999948,4.573216000000059],[-74.152696999999989,4.5734130000000732],[-74.153009999999938,4.5736620000000698],[-74.153046999999958,4.573688000000061],[-74.153082999999981,4.5737250000000245],[-74.153309999999976,4.5739380000000551],[-74.153527999999937,4.5741500000000315],[-74.153577999999982,4.5742060000000606],[-74.153648999999973,4.5742840000000342],[-74.153682999999944,4.5743190000000595],[-74.153734999999983,4.5743780000000243],[-74.153816999999947,4.5744710000000737],[-74.153847999999982,4.5745050000000447],[-74.15413499999994,4.5748500000000263],[-74.154324999999972,4.575095000000033],[-74.154500999999982,4.5753450000000271],[-74.154653999999937,4.5755710000000249],[-74.154789999999934,4.5757860000000505],[-74.15483299999994,4.5758550000000469],[-74.154993999999988,4.5761370000000738],[-74.155144999999948,4.5764180000000465],[-74.155168999999944,4.5764620000000491],[-74.155286999999987,4.5766810000000646],[-74.155528999999945,4.5771390000000451],[-74.155664999999942,4.5773910000000342],[-74.155695999999978,4.577442000000076],[-74.15578899999997,4.5776050000000623],[-74.155861999999956,4.5777370000000701],[-74.155977999999948,4.5779540000000338],[-74.155990999999972,4.5779770000000326],[-74.156016999999963,4.5780180000000428],[-74.156081999999969,4.5781230000000619],[-74.156143999999983,4.5782480000000305],[-74.156164999999987,4.578296000000023],[-74.156208999999933,4.578388000000075],[-74.156352999999967,4.578689000000054],[-74.156373999999971,4.5787270000000717],[-74.156702999999936,4.5793380000000639],[-74.156928999999934,4.5797870000000671],[-74.156966999999952,4.5798440000000369],[-74.157012999999949,4.5799170000000231],[-74.157052999999962,4.5799690000000624],[-74.157027999999968,4.58006000000006],[-74.157015999999942,4.58010500000006],[-74.157014999999944,4.5801130000000398],[-74.157014999999944,4.5801370000000361],[-74.157011999999952,4.5801640000000248],[-74.157005999999967,4.58020300000004],[-74.15700499999997,4.5802120000000741],[-74.156990999999948,4.5802590000000691],[-74.156972999999937,4.5803040000000692],[-74.156946999999946,4.5803510000000642],[-74.156918999999959,4.5803910000000201],[-74.156884999999988,4.5804260000000454],[-74.156871999999964,4.580438000000072],[-74.156845999999973,4.5804600000000733],[-74.156839999999988,4.5804660000000581],[-74.156811999999945,4.5805080000000657],[-74.156786999999952,4.5805440000000317],[-74.155371999999943,4.580786000000046],[-74.153727999999944,4.5810610000000338],[-74.153371999999933,4.5810810000000401],[-74.15301999999997,4.581068000000073],[-74.152931999999964,4.5810550000000489],[-74.152790999999979,4.5810350000000426],[-74.152729999999963,4.5810250000000678],[-74.152686999999958,4.5810160000000337],[-74.152565999999979,4.5809920000000375],[-74.152500999999972,4.580976000000021],[-74.152434999999969,4.580959000000064],[-74.152358999999933,4.5809370000000627],[-74.152280999999959,4.5809130000000664],[-74.152179999999987,4.5808790000000386],[-74.15199199999995,4.5808100000000422],[-74.151909999999987,4.5807780000000662],[-74.151882999999941,4.5807660000000396],[-74.151798999999983,4.5807330000000661],[-74.151763999999957,4.5807190000000446],[-74.151718999999957,4.5807030000000282],[-74.151606999999956,4.580660000000023],[-74.151598999999976,4.5806570000000306],[-74.151451999999949,4.5805990000000634],[-74.151266999999962,4.5805290000000696],[-74.151167999999984,4.5804900000000544],[-74.151130999999964,4.5804780000000278],[-74.14961599999998,4.579887000000042],[-74.147986999999944,4.5792270000000599],[-74.147190999999964,4.5789190000000417],[-74.146228999999948,4.5785120000000461],[-74.145726999999965,4.5783380000000307],[-74.145438999999953,4.5782910000000356],[-74.145111999999983,4.578296000000023],[-74.144787999999949,4.5783670000000711],[-74.144614999999988,4.578433000000075],[-74.144464999999968,4.5785110000000486],[-74.144183999999939,4.5787020000000211],[-74.143386999999962,4.5792910000000688],[-74.143348999999944,4.57931700000006],[-74.143265999999983,4.579381000000069],[-74.143206999999961,4.5794260000000691],[-74.143191999999942,4.5794390000000362],[-74.143177999999978,4.5794520000000603],[-74.143166999999949,4.57946400000003],[-74.143073999999956,4.5795480000000452],[-74.143030999999951,4.5795940000000428],[-74.143002999999965,4.5796280000000706],[-74.142928999999981,4.5797350000000279],[-74.142880999999988,4.5798000000000343],[-74.14280599999995,4.5798980000000711],[-74.142794999999978,4.5799120000000357],[-74.142698999999936,4.5800250000000347],[-74.142677037999988,4.5800494020000428]]},"properties":{"OBJECTID":80,"OBJECTID_1":143,"RSPNRUTA":"ZP-P46-1","RSPCDEFINI":"ZP-P46","RSPDISTANC":24.434900280000001,"RSPDENOMIN":"ARABIA - FERIAS","RSPTRUTA":"PROVISIONAL","RSPORIGEN":"CIUDAD BOLIVAR","RSPDESTINO":"FONTIBON","RSPIRUTA":212,"SHAPELEN":24614.145806518198,"Shape_Length":0.090944462843842971}},{"type":"Feature","id":81,"geometry":{"type":"LineString","coordinates":[[-74.142830825999965,4.5800300940000511],[-74.142932999999971,4.5799270000000547],[-74.142999999999972,4.5798510000000761],[-74.143020999999976,4.579827000000023],[-74.143038999999987,4.5798040000000242],[-74.143054999999947,4.579776000000038],[-74.143083999999988,4.5797200000000657],[-74.143113999999969,4.5796630000000391],[-74.143117999999959,4.5796550000000593],[-74.14314399999995,4.579618000000039],[-74.143195999999989,4.5795660000000566],[-74.143214999999941,4.5795590000000743],[-74.143230999999957,4.5795510000000377],[-74.14323799999994,4.5795460000000503],[-74.143249999999966,4.5795350000000212],[-74.14332799999994,4.579477000000054],[-74.143424999999979,4.5794160000000375],[-74.143502999999953,4.5793480000000386],[-74.14438599999994,4.5786950000000388],[-74.144591999999989,4.5785680000000752],[-74.144814999999937,4.5784760000000233],[-74.144998999999984,4.5784280000000308],[-74.145209999999963,4.5784010000000421],[-74.145430999999974,4.5784040000000346],[-74.145437999999956,4.5784040000000346],[-74.145637999999963,4.5784340000000725],[-74.145853999999986,4.5784980000000246],[-74.147183999999982,4.5790100000000393],[-74.149583999999948,4.5799630000000207],[-74.151095999999939,4.5805710000000204],[-74.151189999999986,4.5806080000000406],[-74.151214999999979,4.5806180000000722],[-74.151220999999964,4.5806220000000621],[-74.151419999999973,4.5807010000000332],[-74.151501999999937,4.5807350000000611],[-74.151509999999973,4.5807380000000535],[-74.151568999999938,4.5807510000000207],[-74.151573999999982,4.580752000000075],[-74.151643999999976,4.5807820000000561],[-74.151653999999951,4.5807900000000359],[-74.151666999999975,4.580801000000065],[-74.151674999999955,4.5808050000000549],[-74.151681999999937,4.5808090000000448],[-74.151723999999945,4.5808250000000612],[-74.152110999999934,4.5809750000000236],[-74.152398999999946,4.5810650000000237],[-74.152655999999979,4.5811240000000453],[-74.15300899999994,4.5811780000000226],[-74.153403999999966,4.5811910000000466],[-74.153739999999971,4.5811720000000378],[-74.153818999999942,4.581162000000063],[-74.153862999999944,4.5811560000000213],[-74.153953999999942,4.5811430000000541],[-74.154365999999982,4.5810730000000603],[-74.154506999999967,4.5810480000000666],[-74.154765999999938,4.5810050000000615],[-74.155092999999965,4.5809480000000349],[-74.155260999999939,4.5809180000000538],[-74.15533499999998,4.5809040000000323],[-74.155393999999944,4.5808900000000676],[-74.155431999999962,4.5808860000000209],[-74.155651999999975,4.5808500000000549],[-74.156113999999945,4.5807700000000295],[-74.156152999999961,4.5807640000000447],[-74.156610999999941,4.5806860000000711],[-74.156703999999934,4.5806670000000622],[-74.156833999999947,4.580641000000071],[-74.156852999999956,4.5806370000000243],[-74.156986999999958,4.5806620000000748],[-74.157091999999977,4.5806810000000269],[-74.157106999999939,4.580688000000066],[-74.157133999999985,4.5806950000000484],[-74.157171999999946,4.5807060000000206],[-74.157198999999935,4.5807160000000522],[-74.157228999999973,4.5807270000000244],[-74.157258999999954,4.5807410000000459],[-74.15728299999995,4.5807530000000725],[-74.157336999999984,4.5807850000000485],[-74.157385999999974,4.5808210000000713],[-74.157392999999956,4.5808290000000511],[-74.157399999999939,4.5808340000000385],[-74.157408999999973,4.5808390000000259],[-74.157469999999989,4.5808840000000259],[-74.15755699999994,4.5809490000000324],[-74.157647999999938,4.5811300000000301],[-74.157924999999977,4.5816200000000435],[-74.158613999999943,4.582932000000028],[-74.15964699999995,4.5850670000000378],[-74.160734999999988,4.5873130000000515],[-74.160754999999938,4.5873540000000617],[-74.160935999999936,4.5877950000000283],[-74.160946999999965,4.587820000000022],[-74.161026999999933,4.5881250000000477],[-74.161084999999957,4.5885580000000346],[-74.161133999999947,4.589001000000053],[-74.161138999999935,4.5890770000000316],[-74.161146999999971,4.5891780000000608],[-74.161167999999975,4.5893410000000472],[-74.161174999999957,4.5893820000000574],[-74.161212999999975,4.5894160000000284],[-74.161241999999959,4.5894400000000246],[-74.16126799999995,4.5894630000000234],[-74.161313999999948,4.5894930000000613],[-74.161339999999939,4.5895060000000285],[-74.162170999999944,4.5892810000000281],[-74.163087999999959,4.5889960000000656],[-74.164311999999939,4.5886200000000485],[-74.165089999999964,4.5883790000000317],[-74.165262999999982,4.588322000000062],[-74.165316999999959,4.5883030000000531],[-74.166282999999964,4.5880120000000488],[-74.167028999999957,4.587784000000056],[-74.167085999999983,4.5877680000000396],[-74.167134999999973,4.5879010000000449],[-74.167173999999989,4.5880350000000476],[-74.167214999999942,4.5881760000000327],[-74.167251999999962,4.5883130000000278],[-74.167275999999958,4.5884080000000722],[-74.167307999999935,4.5888440000000514],[-74.167308999999989,4.5889740000000643],[-74.167308999999989,4.5890490000000455],[-74.167303999999945,4.5894940000000588],[-74.16730599999994,4.5895920000000388],[-74.16730599999994,4.589665000000025],[-74.167437999999947,4.5896640000000275],[-74.167484999999942,4.5896640000000275],[-74.167626999999982,4.589665000000025],[-74.167825999999934,4.5896660000000224],[-74.167898999999977,4.5896660000000224],[-74.168239999999969,4.5896670000000199],[-74.168972999999937,4.5896670000000199],[-74.169037999999944,4.5896620000000325],[-74.170428999999956,4.5896660000000224],[-74.170935999999983,4.5896680000000742],[-74.171221999999943,4.5896680000000742],[-74.171519999999987,4.5896700000000692],[-74.171762999999942,4.5896730000000616],[-74.172038999999984,4.5896720000000641],[-74.172026999999957,4.5905610000000365],[-74.17202599999996,4.5906450000000518],[-74.17202599999996,4.5907270000000722],[-74.172024999999962,4.5917910000000575],[-74.172014999999988,4.5918590000000563],[-74.171917999999948,4.5918610000000513],[-74.171748999999977,4.5918200000000411],[-74.171479999999974,4.5917660000000637],[-74.171212999999966,4.5917180000000712],[-74.170931999999937,4.5916590000000497],[-74.17072399999995,4.5916330000000585],[-74.170491999999967,4.5915920000000483],[-74.168968999999947,4.591570000000047]]},"properties":{"OBJECTID":81,"OBJECTID_1":239,"RSPNRUTA":"ZP-551-2","RSPCDEFINI":"ZP-551","RSPDISTANC":21.38550949,"RSPDENOMIN":"GALICIA - CHAPINERO","RSPTRUTA":"PROVISIONAL","RSPORIGEN":"PERDOMO","RSPDESTINO":"NEUTRA","RSPIRUTA":327,"SHAPELEN":20681.536414069,"Shape_Length":0.04332006208605025}},{"type":"Feature","id":82,"geometry":{"type":"LineString","coordinates":[[-74.176776999999959,4.5802730000000338],[-74.177043999999967,4.5802110000000766],[-74.177320999999949,4.58015400000005],[-74.177439999999933,4.580675000000042],[-74.177724999999953,4.580579000000057],[-74.177879999999959,4.5805150000000481],[-74.177980999999988,4.5804290000000378],[-74.178234999999972,4.5802170000000615],[-74.178394999999966,4.5800810000000638],[-74.178478999999982,4.5800250000000347],[-74.17860799999994,4.5799200000000724],[-74.178774999999973,4.5797860000000696],[-74.179043999999976,4.5795620000000667],[-74.179242999999985,4.5793740000000298],[-74.179314999999974,4.5793310000000247],[-74.179705999999953,4.5790080000000444],[-74.179750999999953,4.5790000000000646],[-74.179694999999981,4.5787430000000313],[-74.179539999999974,4.578783000000044],[-74.179130999999984,4.5788750000000391],[-74.178850999999952,4.5789390000000481],[-74.178591999999981,4.5789990000000671],[-74.178520999999989,4.5789800000000582],[-74.178273999999988,4.5787270000000717],[-74.178061999999954,4.5784530000000245],[-74.177828999999974,4.5782010000000355],[-74.177757999999983,4.5781220000000644],[-74.177555999999981,4.5778820000000451],[-74.17735399999998,4.5777080000000296],[-74.177189999999939,4.5775780000000736],[-74.176959999999951,4.5774150000000304],[-74.176742999999988,4.5772380000000226],[-74.176514999999938,4.5770730000000412],[-74.176287999999943,4.5769120000000498],[-74.176065999999935,4.5767470000000685],[-74.175901999999951,4.5766300000000228],[-74.175793999999939,4.5765870000000746],[-74.175559999999962,4.5765350000000353],[-74.175325999999984,4.5764930000000277],[-74.175291999999956,4.5764860000000454],[-74.175061999999969,4.5764450000000352],[-74.175012999999979,4.5764360000000579],[-74.174764999999979,4.5763930000000528],[-74.174531999999942,4.5763470000000552],[-74.174501999999961,4.5763360000000262],[-74.174186999999961,4.5762830000000463],[-74.173944999999947,4.5762310000000639],[-74.173672999999951,4.5761880000000588],[-74.173401999999953,4.5761470000000486],[-74.173126999999965,4.576088000000027],[-74.17285099999998,4.5760380000000396],[-74.172576999999933,4.5759880000000521],[-74.172307999999987,4.5759440000000495],[-74.172088999999971,4.5759000000000469],[-74.17202999999995,4.5758890000000747],[-74.171751999999969,4.5758430000000203],[-74.171480999999972,4.5757860000000505],[-74.171440999999959,4.5757820000000606],[-74.171355999999946,4.5757660000000442],[-74.171302999999966,4.5757450000000404],[-74.171235999999965,4.5757110000000694],[-74.171058999999957,4.5756110000000376],[-74.17081799999994,4.5754930000000513],[-74.170524999999941,4.5753940000000739],[-74.170302999999933,4.5753100000000586],[-74.170153999999968,4.5752830000000699],[-74.169907999999964,4.5751400000000331],[-74.169675999999981,4.5750200000000518],[-74.169606999999985,4.574986000000024],[-74.169475999999975,4.5749210000000744],[-74.169195999999943,4.574779000000035],[-74.169087999999988,4.5747190000000728],[-74.169031999999959,4.5746820000000525],[-74.169003999999973,4.5746570000000588],[-74.168968999999947,4.5746190000000411],[-74.168934999999976,4.5745660000000612],[-74.168923999999947,4.5745370000000207],[-74.168906999999933,4.5744640000000345],[-74.168902999999943,4.5744380000000433],[-74.168897999999956,4.5744070000000647],[-74.168893999999966,4.5743750000000318],[-74.168893999999966,4.5743340000000217],[-74.168895999999961,4.5742510000000607],[-74.168896999999959,4.5741530000000239],[-74.168893999999966,4.5741240000000403],[-74.168886999999984,4.5740830000000301],[-74.168879999999945,4.5740560000000414],[-74.16886599999998,4.5740140000000338],[-74.168847999999969,4.5739730000000236],[-74.168823999999972,4.5739170000000513],[-74.168764999999951,4.5738880000000677],[-74.168745999999942,4.5738810000000285],[-74.168717999999956,4.5738660000000664],[-74.168675999999948,4.573848000000055],[-74.168621999999971,4.5738340000000335],[-74.168564999999944,4.5738300000000436],[-74.168503999999984,4.5738360000000284],[-74.168461999999977,4.5738450000000626],[-74.168414999999982,4.573863000000074],[-74.168381999999951,4.5738900000000626],[-74.168362999999943,4.5739030000000298],[-74.168352999999968,4.573910000000069],[-74.168336999999951,4.5739250000000311],[-74.168326999999977,4.5739350000000627],[-74.168316999999945,4.5739470000000324],[-74.168299999999988,4.5739700000000312],[-74.168285999999966,4.5739980000000742],[-74.168255999999985,4.5740430000000742],[-74.168241999999964,4.5740730000000553],[-74.168227999999942,4.5741070000000263],[-74.168204999999944,4.5741810000000669],[-74.168203999999946,4.5741990000000214],[-74.168201999999951,4.5742520000000582],[-74.168203999999946,4.5742740000000595],[-74.168221999999957,4.5743420000000583],[-74.168227999999942,4.5743720000000394],[-74.168246999999951,4.5744060000000673],[-74.168284999999969,4.5744480000000749],[-74.168424999999957,4.5745700000000511],[-74.168531999999971,4.574668000000031],[-74.168652999999949,4.5747860000000742],[-74.168702999999937,4.5748490000000288],[-74.168827999999962,4.5750420000000531],[-74.168948999999941,4.5752400000000648],[-74.168999999999983,4.5753200000000334],[-74.169001999999978,4.5753320000000599],[-74.169092999999975,4.5754560000000311],[-74.169221999999934,4.5756620000000225],[-74.169293999999979,4.5757370000000606],[-74.169399999999939,4.5758140000000367],[-74.169493999999986,4.5758460000000696],[-74.169621999999947,4.5759180000000583],[-74.169813999999974,4.5760110000000509],[-74.170057999999983,4.5762280000000715],[-74.170068999999955,4.5762390000000437],[-74.170198999999968,4.5763860000000705],[-74.170358999999962,4.5765440000000694],[-74.170452999999952,4.5766530000000216],[-74.170500999999945,4.576748000000066],[-74.170628999999963,4.5770750000000362],[-74.170761999999968,4.5773710000000278],[-74.170884999999942,4.5774850000000242],[-74.17100499999998,4.5775400000000559],[-74.171083999999951,4.5775760000000218],[-74.171164999999974,4.5776080000000547],[-74.171261999999956,4.577645000000075],[-74.171378999999945,4.5776880000000233],[-74.171467999999948,4.5777330000000234],[-74.171533999999951,4.5777760000000285],[-74.171561999999938,4.5778040000000715],[-74.171598999999958,4.5778590000000463],[-74.171618999999964,4.5779000000000565],[-74.171627999999941,4.5779200000000628],[-74.171636999999976,4.577961000000073],[-74.171641999999963,4.57798200000002],[-74.171643999999958,4.5780330000000617],[-74.171627999999941,4.5781150000000252],[-74.171574999999962,4.5782080000000747],[-74.171519999999987,4.5782720000000268],[-74.171452999999985,4.5783170000000268],[-74.171379999999942,4.5783390000000281],[-74.171333999999945,4.5783410000000231],[-74.171300999999971,4.5783420000000206],[-74.171215999999959,4.5783270000000584],[-74.171166999999969,4.5783020000000647],[-74.17109899999997,4.5782760000000735],[-74.170917999999972,4.578042000000039],[-74.170779999999979,4.5778630000000362],[-74.170648999999969,4.5777180000000612],[-74.17044999999996,4.5776100000000497],[-74.170111999999961,4.5774550000000431],[-74.169853999999987,4.5773320000000695],[-74.16971499999994,4.5772400000000744],[-74.169585999999981,4.5771570000000565],[-74.169423999999935,4.57704700000005],[-74.169157999999982,4.5768750000000296],[-74.16895599999998,4.5767740000000572],[-74.169046999999978,4.5768960000000334],[-74.16906199999994,4.5771550000000616],[-74.16906199999994,4.5772840000000201],[-74.169104999999945,4.5773890000000392],[-74.169118999999966,4.5774130000000355],[-74.169201999999984,4.5777320000000259],[-74.169299999999964,4.5778920000000198],[-74.169502999999963,4.5781980000000431],[-74.169666999999947,4.5784450000000447],[-74.169817999999964,4.5786420000000589],[-74.169828999999936,4.5786560000000236],[-74.169937999999945,4.5786980000000312],[-74.170023999999955,4.5786980000000312],[-74.170150999999976,4.5786980000000312],[-74.170212999999933,4.5786900000000514],[-74.17026599999997,4.5786860000000615],[-74.170344999999941,4.5786840000000666],[-74.170395999999982,4.5786820000000716],[-74.170447999999965,4.5786810000000742],[-74.170505999999989,4.5786850000000641],[-74.17054399999995,4.5786920000000464],[-74.170740999999964,4.5787970000000655],[-74.170769999999948,4.5788590000000227],[-74.170806999999968,4.5789370000000531],[-74.170822999999984,4.5790850000000205],[-74.170788999999957,4.5792260000000624],[-74.170673999999963,4.5793700000000399],[-74.170566999999949,4.5794320000000539],[-74.170419999999979,4.579475000000059],[-74.170259999999985,4.5793870000000538],[-74.170200999999963,4.5793370000000664],[-74.170030999999938,4.57922300000007],[-74.169895999999937,4.5791240000000357],[-74.169629999999984,4.5789790000000608],[-74.169436999999959,4.5788950000000455],[-74.169377999999938,4.5788750000000391],[-74.16919299999995,4.5787740000000667],[-74.169107999999937,4.5787460000000237],[-74.169042999999988,4.5787170000000401],[-74.168825999999967,4.5786960000000363],[-74.168631999999945,4.5786780000000249],[-74.16830299999998,4.5786690000000476],[-74.168177999999955,4.5786470000000463],[-74.167889999999943,4.5785240000000726],[-74.167769999999962,4.57843500000007],[-74.167678999999964,4.5781820000000266],[-74.16766199999995,4.5780630000000428],[-74.167639999999949,4.5779320000000325],[-74.167615999999953,4.5777790000000209],[-74.167543999999964,4.5775980000000231],[-74.167294999999967,4.5773740000000203],[-74.167239999999936,4.5773560000000657],[-74.167200999999977,4.5773520000000758],[-74.167169999999942,4.5773580000000607],[-74.167134999999973,4.5773690000000329],[-74.167086999999981,4.5773860000000468],[-74.167029999999954,4.5774370000000317],[-74.166992999999934,4.577487000000076],[-74.166797999999972,4.5779810000000225],[-74.16664499999996,4.5781780000000367],[-74.166435999999976,4.5784080000000245],[-74.166181999999935,4.5786750000000325],[-74.166033999999968,4.5788590000000227],[-74.165974999999946,4.5789650000000393],[-74.165895999999975,4.5791970000000219],[-74.165450999999962,4.5814830000000484],[-74.165336999999965,4.5818830000000617],[-74.165168999999935,4.5823460000000296],[-74.165050999999949,4.5826280000000565],[-74.164846999999952,4.5830810000000497],[-74.164765999999986,4.5832110000000625],[-74.164663999999959,4.5833270000000539],[-74.164571999999964,4.5834210000000439],[-74.164444999999944,4.5835210000000757],[-74.164335999999935,4.5835860000000253],[-74.164079999999956,4.583701000000076],[-74.16386099999994,4.5837920000000736],[-74.163629999999955,4.583891000000051],[-74.163468999999964,4.5839450000000284],[-74.163369999999986,4.5839510000000701],[-74.163275999999939,4.583940000000041],[-74.163170999999977,4.583904000000075],[-74.163093999999944,4.5838460000000509],[-74.163035999999977,4.5837650000000281],[-74.163016999999968,4.5836790000000747],[-74.163018999999963,4.5835270000000605],[-74.163066999999955,4.582849000000067],[-74.163037999999972,4.5825580000000627],[-74.162976999999955,4.5823900000000322],[-74.162887999999953,4.5822300000000382],[-74.162772999999959,4.5820910000000481],[-74.162646999999936,4.5819760000000542],[-74.162533999999937,4.5819060000000604],[-74.162303999999949,4.5818040000000337],[-74.161710999999968,4.5815190000000712],[-74.161515999999949,4.5813660000000596],[-74.161334999999951,4.5811500000000365],[-74.160915999999986,4.5804360000000202],[-74.160828999999978,4.580312000000049],[-74.160731999999939,4.5802170000000615],[-74.16065999999995,4.5801600000000349],[-74.160450999999966,4.5800410000000511],[-74.160368999999946,4.5800140000000624],[-74.160206999999957,4.5799840000000245],[-74.160109999999975,4.5799820000000295],[-74.160023999999964,4.5799940000000561],[-74.159949999999981,4.5800020000000359],[-74.159843999999964,4.5800130000000649],[-74.159753999999964,4.5800320000000738],[-74.158439999999985,4.5802590000000691],[-74.157945999999981,4.5803550000000541],[-74.157761999999934,4.5803880000000277],[-74.157745999999975,4.5803910000000201],[-74.157661999999959,4.5804050000000416],[-74.15760199999994,4.5804160000000707],[-74.157538999999986,4.5804250000000479],[-74.157476999999972,4.5804360000000202],[-74.157322999999963,4.5804560000000265],[-74.157252999999969,4.5804640000000632],[-74.156786999999952,4.5805440000000317],[-74.155371999999943,4.580786000000046],[-74.153727999999944,4.5810610000000338],[-74.153371999999933,4.5810810000000401],[-74.15301999999997,4.581068000000073],[-74.152931999999964,4.5810550000000489],[-74.152790999999979,4.5810350000000426],[-74.152729999999963,4.5810250000000678],[-74.152686999999958,4.5810160000000337],[-74.152565999999979,4.5809920000000375],[-74.152500999999972,4.580976000000021],[-74.152434999999969,4.580959000000064],[-74.152358999999933,4.5809370000000627],[-74.152280999999959,4.5809130000000664],[-74.152179999999987,4.5808790000000386],[-74.15199199999995,4.5808100000000422],[-74.151909999999987,4.5807780000000662],[-74.151882999999941,4.5807660000000396],[-74.151798999999983,4.5807330000000661],[-74.151763999999957,4.5807190000000446],[-74.151718999999957,4.5807030000000282],[-74.151606999999956,4.580660000000023],[-74.151598999999976,4.5806570000000306],[-74.151451999999949,4.5805990000000634],[-74.151266999999962,4.5805290000000696],[-74.151167999999984,4.5804900000000544],[-74.151130999999964,4.5804780000000278],[-74.14961599999998,4.579887000000042],[-74.147986999999944,4.5792270000000599],[-74.147190999999964,4.5789190000000417],[-74.146228999999948,4.5785120000000461],[-74.145726999999965,4.5783380000000307],[-74.145438999999953,4.5782910000000356],[-74.145111999999983,4.578296000000023],[-74.144787999999949,4.5783670000000711],[-74.144614999999988,4.578433000000075],[-74.144464999999968,4.5785110000000486],[-74.144183999999939,4.5787020000000211],[-74.143386999999962,4.5792910000000688],[-74.143348999999944,4.57931700000006],[-74.143265999999983,4.579381000000069],[-74.143206999999961,4.5794260000000691],[-74.143191999999942,4.5794390000000362],[-74.143177999999978,4.5794520000000603],[-74.143166999999949,4.57946400000003],[-74.143073999999956,4.5795480000000452],[-74.143030999999951,4.5795940000000428],[-74.143002999999965,4.5796280000000706],[-74.142928999999981,4.5797350000000279],[-74.142880999999988,4.5798000000000343],[-74.14280599999995,4.5798980000000711],[-74.142794999999978,4.5799120000000357],[-74.142698999999936,4.5800250000000347],[-74.142677037999988,4.5800494020000428]]},"properties":{"OBJECTID":82,"OBJECTID_1":139,"RSPNRUTA":"ZP-P40-1","RSPCDEFINI":"ZP-P40","RSPDISTANC":16.764860150000001,"RSPDENOMIN":"ALTOS DE CAZUCA - PATIO BONITO CIUDAD LA","RSPTRUTA":"PROVISIONAL","RSPORIGEN":"PERDOMO","RSPDESTINO":"KENNEDY","RSPIRUTA":208,"SHAPELEN":16877.086584179702,"Shape_Length":0.06728664131133727}},{"type":"Feature","id":83,"geometry":{"type":"MultiLineString","coordinates":[[[-74.124812673999941,4.523329100000069],[-74.125017999999955,4.5235560000000419],[-74.125192999999967,4.5237510000000611],[-74.125336999999945,4.5239170000000399],[-74.125478999999984,4.5240850000000705],[-74.125571999999977,4.5242040000000543],[-74.125606999999945,4.5242540000000417],[-74.125634999999988,4.5242990000000418],[-74.125651999999945,4.5243210000000431],[-74.125910999999974,4.5248050000000717],[-74.126078999999947,4.5252200000000471],[-74.126178999999979,4.5255920000000742],[-74.126189999999951,4.5256610000000705],[-74.126255999999955,4.5260680000000661],[-74.126295999999968,4.5263130000000729],[-74.126350999999943,4.526719000000071],[-74.126423999999986,4.5272680000000491],[-74.126594999999952,4.528585000000021],[-74.12676799999997,4.5298900000000231],[-74.126892999999939,4.5308350000000246],[-74.127219999999966,4.5332130000000461],[-74.127286999999967,4.5338250000000357],[-74.127367999999933,4.5342290000000389],[-74.12746999999996,4.5345770000000698],[-74.127640999999983,4.5350320000000579],[-74.127818999999988,4.5353840000000218],[-74.128080999999952,4.5357930000000692],[-74.128318999999976,4.5360970000000407],[-74.12838499999998,4.5361760000000686],[-74.128640999999959,4.5364490000000615],[-74.128866999999957,4.5366520000000605],[-74.12904199999997,4.5367970000000355],[-74.129171999999983,4.5369030000000521],[-74.129756999999984,4.5373620000000301],[-74.129953999999941,4.5375130000000468],[-74.130276999999978,4.5377590000000509],[-74.13048699999996,4.537930000000074],[-74.131493999999975,4.5387120000000323],[-74.132220999999959,4.5392960000000357],[-74.132380999999953,4.5394030000000498],[-74.132629999999949,4.5396050000000514],[-74.132663999999977,4.5396330000000376],[-74.13275699999997,4.5397130000000629],[-74.13280199999997,4.5397540000000731],[-74.132877999999948,4.5398270000000593],[-74.132987999999955,4.5399390000000608],[-74.133080999999947,4.5400420000000281],[-74.133129999999937,4.5400980000000573],[-74.133197999999936,4.5401800000000208],[-74.13324799999998,4.5402450000000272],[-74.13324799999998,4.5402460000000247],[-74.133293999999978,4.5403080000000386],[-74.133355999999935,4.5403930000000514],[-74.133388999999966,4.5404410000000439],[-74.133413999999959,4.5404770000000667],[-74.133710999999948,4.5409990000000562],[-74.134298999999942,4.5421270000000504],[-74.134629999999959,4.5427550000000565],[-74.134757999999977,4.5429960000000733],[-74.134841999999935,4.5431570000000647],[-74.134885999999938,4.543228000000056],[-74.135018999999943,4.5434430000000248],[-74.135236999999961,4.543796000000043],[-74.13529699999998,4.5439340000000357],[-74.135467999999946,4.5443260000000691],[-74.135534999999948,4.5444730000000391],[-74.135653999999988,4.5447480000000269],[-74.135813999999982,4.5450560000000451],[-74.135964999999942,4.5453500000000417],[-74.136130999999978,4.5456650000000423],[-74.136347999999941,4.5460900000000493],[-74.136659999999949,4.546711000000073],[-74.136763999999971,4.5470070000000646],[-74.136848999999984,4.5474080000000754],[-74.136869999999988,4.5476510000000303],[-74.136854999999969,4.5479830000000447],[-74.136814999999956,4.5482530000000452],[-74.136650999999972,4.5489560000000324],[-74.136360999999965,4.550151000000028],[-74.136266999999975,4.5506680000000301],[-74.136248999999964,4.5509920000000648],[-74.136261999999988,4.5513370000000464],[-74.136318999999958,4.5517180000000508],[-74.136410999999953,4.5520690000000741],[-74.136525999999947,4.5523980000000392],[-74.136542999999961,4.5524440000000368],[-74.136623999999983,4.552675000000022],[-74.136664999999937,4.5527870000000235],[-74.136679999999956,4.5528320000000235],[-74.136874999999975,4.5533720000000244],[-74.136957999999936,4.5536240000000703],[-74.137088999999946,4.5539780000000292],[-74.137243999999953,4.5544410000000539],[-74.137523999999985,4.5552350000000388],[-74.13770599999998,4.5557750000000397],[-74.137810999999942,4.5560850000000528],[-74.137841999999978,4.5561760000000504],[-74.137980999999968,4.5565800000000536],[-74.138053999999954,4.5567970000000741],[-74.138145999999949,4.5570620000000304],[-74.138216999999941,4.5572600000000421],[-74.138455999999962,4.5579490000000646],[-74.138856999999973,4.5590970000000652],[-74.138939999999934,4.5594190000000481],[-74.138980999999944,4.5596710000000371],[-74.138994999999966,4.5597960000000626],[-74.138998999999956,4.559955000000059],[-74.139000999999951,4.560115000000053],[-74.138999999999953,4.5602870000000735],[-74.138973999999962,4.5604970000000549],[-74.138923999999975,4.5608470000000239],[-74.138900999999976,4.5609790000000316],[-74.138898999999981,4.5609910000000582],[-74.138856999999973,4.561281000000065],[-74.138815999999963,4.5615430000000288],[-74.13877599999995,4.5618160000000216],[-74.138739999999984,4.5620870000000764],[-74.138697999999977,4.5623490000000402],[-74.138686999999948,4.562430000000063],[-74.138672999999983,4.5625480000000493],[-74.138663999999949,4.5626290000000722],[-74.138629999999978,4.5628350000000637],[-74.138611999999966,4.5629460000000677],[-74.138566999999966,4.5632270000000403],[-74.138523999999961,4.563474000000042],[-74.138475999999969,4.5637980000000766],[-74.13844899999998,4.5639890000000491],[-74.138441999999941,4.5640330000000517],[-74.138205999999968,4.5656070000000568],[-74.138156999999978,4.565998000000036],[-74.138104999999939,4.5663190000000213],[-74.138090999999974,4.5664110000000733],[-74.138078999999948,4.5664960000000292],[-74.138068999999973,4.566579000000047],[-74.138055999999949,4.5666660000000547],[-74.138042999999982,4.5667650000000322],[-74.138025999999968,4.5668730000000437],[-74.138024999999971,4.566895000000045],[-74.138024999999971,4.5670770000000402],[-74.138024999999971,4.5671370000000593],[-74.138025999999968,4.5673240000000419],[-74.138033999999948,4.5674530000000573],[-74.13803699999994,4.5675040000000422],[-74.138045999999974,4.5676460000000247],[-74.138049999999964,4.5677260000000501],[-74.138064999999983,4.567841000000044],[-74.138093999999967,4.5680080000000203],[-74.138107999999988,4.5680830000000583],[-74.138127999999938,4.5681860000000256],[-74.138146999999947,4.5682730000000333],[-74.138185999999962,4.5684320000000298],[-74.138240999999937,4.5686360000000263],[-74.138259999999946,4.5686950000000479],[-74.138281999999947,4.5687600000000543],[-74.138299999999958,4.5688200000000734],[-74.138323999999955,4.5689020000000369],[-74.138379999999984,4.5691050000000359],[-74.138495999999975,4.5696150000000557],[-74.138508999999942,4.5696570000000634],[-74.138523999999961,4.5697700000000623],[-74.138735999999938,4.5706230000000687],[-74.139214999999979,4.5724200000000224],[-74.139247999999952,4.572573000000034],[-74.139262999999971,4.5727110000000266],[-74.139377999999965,4.57315600000004],[-74.13938799999994,4.573216000000059],[-74.139403999999956,4.5732600000000616],[-74.13951499999996,4.573784000000046],[-74.139540999999952,4.573882000000026],[-74.139820999999984,4.5750030000000379],[-74.139985999999965,4.5755470000000287],[-74.140170999999953,4.5759740000000306],[-74.140534999999943,4.576684000000057],[-74.140798999999959,4.5772030000000541],[-74.140836999999976,4.5772760000000403],[-74.140921999999989,4.5774320000000444],[-74.141272999999956,4.5781560000000354],[-74.141293999999959,4.5781930000000557],[-74.141309999999976,4.5782250000000317],[-74.141350999999986,4.5783150000000319],[-74.141414999999938,4.5784590000000662],[-74.141484999999989,4.5786280000000374],[-74.141572999999937,4.5788340000000289],[-74.141673999999966,4.579099000000042],[-74.141821999999934,4.5794690000000742],[-74.141861999999946,4.5795560000000251],[-74.14192399999996,4.5797470000000544],[-74.142024999999933,4.5800160000000574],[-74.142040717999976,4.5800561070000754]],[[-74.123321646999955,4.5216422740000439],[-74.12348899999995,4.5218320000000745],[-74.12367299999994,4.5220380000000659],[-74.123849999999948,4.5222370000000751],[-74.124022999999966,4.5224370000000249],[-74.124156999999968,4.5225940000000264],[-74.124484999999936,4.5229620000000637],[-74.124566288999972,4.5230534110000349]]]},"properties":{"OBJECTID":83,"OBJECTID_1":152,"RSPNRUTA":"ZP-P64-1","RSPCDEFINI":"ZP-P64","RSPDISTANC":35.909881589999998,"RSPDENOMIN":"EL UVAL - EL REFUGIO","RSPTRUTA":"PROVISIONAL","RSPORIGEN":"USME","RSPDESTINO":"FONTIBON","RSPIRUTA":222,"SHAPELEN":36166.458192924707,"Shape_Length":0.06382486963918374}},{"type":"Feature","id":84,"geometry":{"type":"MultiLineString","coordinates":[[[-74.142830825999965,4.5800300940000511],[-74.142932999999971,4.5799270000000547],[-74.142999999999972,4.5798510000000761],[-74.143020999999976,4.579827000000023],[-74.143038999999987,4.5798040000000242],[-74.143054999999947,4.579776000000038],[-74.143083999999988,4.5797200000000657],[-74.143113999999969,4.5796630000000391],[-74.143117999999959,4.5796550000000593],[-74.14314399999995,4.579618000000039],[-74.143195999999989,4.5795660000000566],[-74.143214999999941,4.5795590000000743],[-74.143230999999957,4.5795510000000377],[-74.14323799999994,4.5795460000000503],[-74.143249999999966,4.5795350000000212],[-74.14332799999994,4.579477000000054],[-74.143424999999979,4.5794160000000375],[-74.143502999999953,4.5793480000000386],[-74.14438599999994,4.5786950000000388],[-74.144591999999989,4.5785680000000752],[-74.144814999999937,4.5784760000000233],[-74.144998999999984,4.5784280000000308],[-74.145209999999963,4.5784010000000421],[-74.145430999999974,4.5784040000000346],[-74.145437999999956,4.5784040000000346],[-74.145637999999963,4.5784340000000725],[-74.145853999999986,4.5784980000000246],[-74.147183999999982,4.5790100000000393],[-74.149583999999948,4.5799630000000207],[-74.151095999999939,4.5805710000000204],[-74.151189999999986,4.5806080000000406],[-74.151214999999979,4.5806180000000722],[-74.151220999999964,4.5806220000000621],[-74.151419999999973,4.5807010000000332],[-74.151501999999937,4.5807350000000611],[-74.151509999999973,4.5807380000000535],[-74.151568999999938,4.5807510000000207],[-74.151573999999982,4.580752000000075],[-74.151643999999976,4.5807820000000561],[-74.151653999999951,4.5807900000000359],[-74.151666999999975,4.580801000000065],[-74.151674999999955,4.5808050000000549],[-74.151681999999937,4.5808090000000448],[-74.151723999999945,4.5808250000000612],[-74.152110999999934,4.5809750000000236],[-74.152398999999946,4.5810650000000237],[-74.152655999999979,4.5811240000000453],[-74.15300899999994,4.5811780000000226],[-74.153403999999966,4.5811910000000466],[-74.153739999999971,4.5811720000000378],[-74.153818999999942,4.581162000000063],[-74.153862999999944,4.5811560000000213],[-74.153953999999942,4.5811430000000541],[-74.154365999999982,4.5810730000000603],[-74.154506999999967,4.5810480000000666],[-74.154765999999938,4.5810050000000615],[-74.155092999999965,4.5809480000000349],[-74.155260999999939,4.5809180000000538],[-74.15533499999998,4.5809040000000323],[-74.155393999999944,4.5808900000000676],[-74.155431999999962,4.5808860000000209],[-74.155651999999975,4.5808500000000549],[-74.156113999999945,4.5807700000000295],[-74.156152999999961,4.5807640000000447],[-74.156610999999941,4.5806860000000711],[-74.156703999999934,4.5806670000000622],[-74.156833999999947,4.580641000000071],[-74.156852999999956,4.5806370000000243],[-74.156986999999958,4.5806620000000748],[-74.157091999999977,4.5806810000000269],[-74.157106999999939,4.580688000000066],[-74.157133999999985,4.5806950000000484],[-74.157171999999946,4.5807060000000206],[-74.157198999999935,4.5807160000000522],[-74.157228999999973,4.5807270000000244],[-74.157258999999954,4.5807410000000459],[-74.15728299999995,4.5807530000000725],[-74.157336999999984,4.5807850000000485],[-74.157385999999974,4.5808210000000713],[-74.157392999999956,4.5808290000000511],[-74.157399999999939,4.5808340000000385],[-74.157408999999973,4.5808390000000259],[-74.157469999999989,4.5808840000000259],[-74.15755699999994,4.5809490000000324],[-74.157647999999938,4.5811300000000301],[-74.157924999999977,4.5816200000000435],[-74.158613999999943,4.582932000000028],[-74.15964699999995,4.5850670000000378],[-74.160734999999988,4.5873130000000515],[-74.160754999999938,4.5873540000000617],[-74.160935999999936,4.5877950000000283],[-74.160946999999965,4.587820000000022],[-74.161026999999933,4.5881250000000477],[-74.161084999999957,4.5885580000000346],[-74.161133999999947,4.589001000000053],[-74.161138999999935,4.5890770000000316],[-74.161146999999971,4.5891780000000608],[-74.161167999999975,4.5893410000000472],[-74.161174999999957,4.5893820000000574],[-74.161212999999975,4.5894160000000284],[-74.161241999999959,4.5894400000000246],[-74.16126799999995,4.5894630000000234],[-74.161313999999948,4.5894930000000613],[-74.161339999999939,4.5895060000000285],[-74.162170999999944,4.5892810000000281],[-74.163087999999959,4.5889960000000656],[-74.164311999999939,4.5886200000000485],[-74.165089999999964,4.5883790000000317],[-74.165262999999982,4.588322000000062],[-74.165316999999959,4.5883030000000531],[-74.166282999999964,4.5880120000000488],[-74.167028999999957,4.587784000000056],[-74.167085999999983,4.5877680000000396],[-74.167159999999967,4.5877450000000408],[-74.168061999999964,4.587470000000053],[-74.168915999999967,4.5872060000000374],[-74.169056999999952,4.5877140000000622],[-74.169063999999935,4.5877690000000371],[-74.169142999999963,4.5877450000000408],[-74.17095299999994,4.5871290000000613],[-74.17119299999996,4.5870260000000371],[-74.171509999999955,4.5872020000000475],[-74.171767999999986,4.5873390000000427],[-74.172028999999952,4.5874670000000606],[-74.172463999999934,4.5879330000000209],[-74.172658999999953,4.5881590000000756],[-74.172837999999956,4.5883820000000242],[-74.172980999999936,4.5885460000000649],[-74.173154999999952,4.5887990000000514],[-74.173332999999957,4.5890320000000315],[-74.173432999999989,4.5891990000000646],[-74.173512999999957,4.5892990000000395],[-74.173580999999956,4.5893970000000763],[-74.173623999999961,4.5894620000000259],[-74.173727999999983,4.589691000000073],[-74.173741999999947,4.5896940000000654],[-74.173770999999988,4.5896950000000629],[-74.173796999999979,4.5896960000000604],[-74.173813999999936,4.5896980000000553],[-74.173823999999968,4.5896990000000528],[-74.17387199999996,4.5897060000000351],[-74.173886999999979,4.5897080000000301],[-74.173936999999967,4.5897220000000516],[-74.174048999999968,4.5897660000000542],[-74.174064999999985,4.589774000000034],[-74.174075999999957,4.5897810000000732],[-74.174105999999938,4.5898010000000227],[-74.174132999999983,4.5898200000000315],[-74.17415699999998,4.5898400000000379],[-74.174294999999972,4.5900130000000559],[-74.174468999999988,4.5902980000000753],[-74.174576999999942,4.5905030000000693],[-74.174625999999989,4.590562000000034],[-74.174680999999964,4.5906650000000582],[-74.174835999999971,4.5908020000000533],[-74.175019999999961,4.5909190000000422],[-74.175321999999937,4.5910120000000347],[-74.175540999999953,4.5910770000000412],[-74.175613999999939,4.5911190000000488],[-74.175887999999986,4.5912680000000705],[-74.176044999999988,4.591352000000029],[-74.176139999999975,4.5914060000000632],[-74.176167999999961,4.5914190000000303],[-74.176298999999972,4.5914930000000709],[-74.176416999999958,4.5915610000000697],[-74.176676999999984,4.5917000000000598],[-74.176957999999956,4.5918700000000285],[-74.177149999999983,4.5919870000000742],[-74.177245999999968,4.592044000000044],[-74.177420999999981,4.5921360000000391],[-74.177936999999986,4.5924170000000686],[-74.178061999999954,4.592501000000027],[-74.178111999999942,4.5925680000000284],[-74.178210999999976,4.5926980000000412],[-74.178379999999947,4.5929650000000493],[-74.178555999999958,4.5932520000000636],[-74.178586999999936,4.5933160000000726],[-74.178606999999943,4.5933990000000335],[-74.178631999999936,4.5934330000000614],[-74.178803999999957,4.5933590000000208],[-74.178913999999963,4.5932510000000661],[-74.178950999999984,4.5931880000000547],[-74.179007999999953,4.5930120000000443],[-74.179030999999952,4.5929690000000392],[-74.179055999999946,4.5929450000000429],[-74.179365999999959,4.59281900000002],[-74.179468999999983,4.5927620000000502],[-74.179810999999972,4.5925830000000474],[-74.179664999999943,4.5921550000000479],[-74.179566999999963,4.5918770000000677],[-74.179543999999964,4.5917890000000625],[-74.179497999999967,4.5916120000000546],[-74.179335999999978,4.5910620000000222],[-74.179222999999979,4.5903680000000691],[-74.17921599999994,4.5902800000000639],[-74.179177999999979,4.5901620000000207],[-74.179174999999987,4.5901350000000321],[-74.179140999999959,4.5898970000000645],[-74.179140999999959,4.5894430000000739],[-74.17907699999995,4.5891230000000292],[-74.179047999999966,4.5890550000000303],[-74.179020999999977,4.5890130000000227],[-74.178998999999976,4.5887710000000652],[-74.17897899999997,4.5885180000000219],[-74.178706999999974,4.5884940000000256],[-74.178545999999983,4.5882290000000694],[-74.178479999999979,4.5880950000000666],[-74.178271999999936,4.5877320000000736],[-74.177945999999963,4.5875850000000469],[-74.177892999999983,4.587421000000063]],[[-74.177892999999983,4.587421000000063],[-74.177834999999959,4.5871370000000411],[-74.177445999999975,4.5872170000000665],[-74.176905999999974,4.5873420000000351],[-74.17661899999996,4.5873950000000718],[-74.176470999999935,4.5873960000000693],[-74.176405999999986,4.5874030000000516],[-74.176134999999988,4.5874060000000441],[-74.175859999999943,4.5874170000000731],[-74.175633999999945,4.587410000000034],[-74.175591999999938,4.5874150000000213],[-74.175315999999953,4.5874200000000656],[-74.175041999999962,4.5874260000000504],[-74.174762999999984,4.5874290000000428],[-74.174727999999959,4.5874270000000479],[-74.174478999999963,4.5874310000000378],[-74.174196999999936,4.5874350000000277],[-74.17392099999995,4.5874410000000694],[-74.173649999999952,4.5874490000000492],[-74.173389999999984,4.5874600000000214],[-74.172936999999934,4.587690000000066],[-74.172588999999959,4.5878770000000486],[-74.172463999999934,4.5879330000000209],[-74.172028999999952,4.5874670000000606],[-74.171767999999986,4.5873390000000427],[-74.171509999999955,4.5872020000000475],[-74.17119299999996,4.5870260000000371],[-74.17095299999994,4.5871290000000613],[-74.169142999999963,4.5877450000000408],[-74.169063999999935,4.5877690000000371],[-74.169056999999952,4.5877140000000622],[-74.168915999999967,4.5872060000000374],[-74.16877599999998,4.5867320000000404],[-74.168753999999979,4.5866720000000214],[-74.168701999999939,4.5866900000000328],[-74.167880999999966,4.5869400000000269],[-74.167272999999966,4.5871240000000739],[-74.166923999999938,4.5872280000000387],[-74.166185999999982,4.5874600000000214],[-74.165151999999978,4.5877680000000396],[-74.165101999999933,4.587786000000051],[-74.165045999999961,4.5878060000000573],[-74.164158999999984,4.5880850000000351],[-74.164016999999944,4.5881190000000629],[-74.163248999999951,4.5883480000000532],[-74.163233999999989,4.5883910000000583],[-74.163212999999985,4.5884600000000546],[-74.163137999999947,4.5886960000000272],[-74.163088999999957,4.5888540000000262],[-74.163071999999943,4.5889230000000225],[-74.163087999999959,4.5889960000000656],[-74.162170999999944,4.5892810000000281],[-74.161339999999939,4.5895060000000285],[-74.161336999999946,4.5894130000000359],[-74.161306999999965,4.5889870000000315],[-74.161260999999968,4.5885440000000699],[-74.161194999999964,4.5880630000000338],[-74.161106999999959,4.5877350000000661],[-74.160897999999975,4.5872400000000653],[-74.159749999999974,4.5848760000000652],[-74.158908999999937,4.5831140000000232],[-74.158692999999971,4.5826620000000275],[-74.158086999999966,4.5815410000000725],[-74.157829999999933,4.5811220000000503],[-74.157826999999941,4.5811190000000579],[-74.157526999999959,4.5805400000000418],[-74.157523999999967,4.5805350000000544],[-74.157476999999972,4.5804360000000202],[-74.157322999999963,4.5804560000000265],[-74.157252999999969,4.5804640000000632],[-74.156786999999952,4.5805440000000317],[-74.155371999999943,4.580786000000046],[-74.153727999999944,4.5810610000000338],[-74.153371999999933,4.5810810000000401],[-74.15301999999997,4.581068000000073],[-74.152931999999964,4.5810550000000489],[-74.152790999999979,4.5810350000000426],[-74.152729999999963,4.5810250000000678],[-74.152686999999958,4.5810160000000337],[-74.152565999999979,4.5809920000000375],[-74.152500999999972,4.580976000000021],[-74.152434999999969,4.580959000000064],[-74.152358999999933,4.5809370000000627],[-74.152280999999959,4.5809130000000664],[-74.152179999999987,4.5808790000000386],[-74.15199199999995,4.5808100000000422],[-74.151909999999987,4.5807780000000662],[-74.151882999999941,4.5807660000000396],[-74.151798999999983,4.5807330000000661],[-74.151763999999957,4.5807190000000446],[-74.151718999999957,4.5807030000000282],[-74.151606999999956,4.580660000000023],[-74.151598999999976,4.5806570000000306],[-74.151451999999949,4.5805990000000634],[-74.151266999999962,4.5805290000000696],[-74.151167999999984,4.5804900000000544],[-74.151130999999964,4.5804780000000278],[-74.14961599999998,4.579887000000042],[-74.147986999999944,4.5792270000000599],[-74.147190999999964,4.5789190000000417],[-74.146228999999948,4.5785120000000461],[-74.145726999999965,4.5783380000000307],[-74.145438999999953,4.5782910000000356],[-74.145111999999983,4.578296000000023],[-74.144787999999949,4.5783670000000711],[-74.144614999999988,4.578433000000075],[-74.144464999999968,4.5785110000000486],[-74.144183999999939,4.5787020000000211],[-74.143386999999962,4.5792910000000688],[-74.143348999999944,4.57931700000006],[-74.143265999999983,4.579381000000069],[-74.143206999999961,4.5794260000000691],[-74.143191999999942,4.5794390000000362],[-74.143177999999978,4.5794520000000603],[-74.143166999999949,4.57946400000003],[-74.143073999999956,4.5795480000000452],[-74.143030999999951,4.5795940000000428],[-74.143002999999965,4.5796280000000706],[-74.142928999999981,4.5797350000000279],[-74.142880999999988,4.5798000000000343],[-74.14280599999995,4.5798980000000711],[-74.142794999999978,4.5799120000000357],[-74.142698999999936,4.5800250000000347],[-74.142677037999988,4.5800494020000428]]]},"properties":{"OBJECTID":84,"OBJECTID_1":32,"RSPNRUTA":"ZP-445-3","RSPCDEFINI":"ZP-445","RSPDISTANC":51.403381349999997,"RSPDENOMIN":"TRES REYES - LAS AGUAS","RSPTRUTA":"PROVISIONAL","RSPORIGEN":"PERDOMO","RSPDESTINO":"NEUTRA","RSPIRUTA":63,"SHAPELEN":51770.138792671205,"Shape_Length":0.098671766319660043}},{"type":"Feature","id":85,"geometry":{"type":"LineString","coordinates":[[-74.147475999999983,4.5065920000000688],[-74.14740299999994,4.5068330000000287],[-74.14730499999996,4.5071160000000532],[-74.147164999999973,4.5077240000000529],[-74.147106999999949,4.5079960000000483],[-74.147074999999973,4.508132000000046],[-74.147052999999971,4.5082650000000513],[-74.147001999999986,4.5085340000000542],[-74.146951999999942,4.5088190000000736],[-74.146916999999974,4.509091000000069],[-74.146893999999975,4.5092240000000743],[-74.146868999999981,4.5093610000000695],[-74.14674999999994,4.5096320000000674],[-74.146583999999962,4.5098920000000362],[-74.146547999999939,4.5101900000000228],[-74.146587999999952,4.5104660000000649],[-74.146670999999969,4.5108420000000251],[-74.146676999999954,4.5110060000000658],[-74.146631999999954,4.5112210000000346],[-74.146559999999965,4.5113850000000753],[-74.146535999999969,4.5115000000000691],[-74.146546999999941,4.5116200000000504],[-74.146624999999972,4.5117830000000367],[-74.146826999999973,4.5122490000000539],[-74.146872999999971,4.5123580000000629],[-74.146872999999971,4.512450000000058],[-74.146845999999982,4.512548000000038],[-74.146780999999976,4.5126260000000684],[-74.146533999999974,4.5127500000000396],[-74.146442999999977,4.5128480000000764],[-74.146208999999942,4.5132010000000378],[-74.146143999999936,4.5136580000000208],[-74.146149999999977,4.5138480000000527],[-74.146195999999975,4.5139720000000239],[-74.146253999999942,4.5140500000000543],[-74.146312999999964,4.5140890000000695],[-74.146383999999955,4.5142140000000381],[-74.146400999999969,4.5143100000000231],[-74.146395999999982,4.5144310000000587],[-74.146354999999971,4.5145070000000374],[-74.146224999999959,4.51459600000004],[-74.146136999999953,4.5146360000000527],[-74.145976999999959,4.5148960000000216],[-74.145616999999959,4.5151870000000258],[-74.145107999999937,4.5155450000000315],[-74.145012999999949,4.5156690000000594],[-74.145016999999939,4.5158370000000332],[-74.145045999999979,4.5159320000000207],[-74.145062999999936,4.5164150000000518],[-74.145139999999969,4.5165330000000381],[-74.145305999999948,4.5166410000000496],[-74.145894999999939,4.5168630000000576],[-74.146128999999974,4.5170570000000225],[-74.146279999999933,4.5171560000000568],[-74.146351999999979,4.5172090000000367],[-74.146380999999963,4.5172450000000595],[-74.146386999999947,4.517291000000057],[-74.146356999999966,4.5173480000000268],[-74.146220999999969,4.5174970000000485],[-74.146034999999983,4.5178090000000566],[-74.145941999999934,4.5180100000000607],[-74.145800999999949,4.5184810000000653],[-74.14578199999994,4.5186610000000655],[-74.145735999999943,4.5188410000000658],[-74.145554999999945,4.5194280000000617],[-74.14555699999994,4.5197710000000484],[-74.14554499999997,4.5198870000000397],[-74.14554099999998,4.5199160000000234],[-74.145536999999933,4.5199490000000537],[-74.14546699999994,4.5201860000000238],[-74.145424999999989,4.5202610000000618],[-74.145352999999943,4.5203470000000721],[-74.145198999999934,4.5204550000000268],[-74.144808999999952,4.5206190000000674],[-74.144573999999977,4.5207570000000601],[-74.143961999999988,4.5213330000000269],[-74.143857999999966,4.5215190000000689],[-74.143807999999979,4.5216640000000439],[-74.143706999999949,4.5220990000000256],[-74.143637999999953,4.5221980000000599],[-74.143531999999936,4.5222510000000398],[-74.142978999999968,4.5223100000000613],[-74.142763999999943,4.5223940000000766],[-74.142559999999946,4.5225340000000642],[-74.142434999999978,4.5226470000000631],[-74.142299999999977,4.5228270000000634],[-74.142100999999968,4.5232430000000363],[-74.141997999999944,4.523599000000047],[-74.141774999999939,4.5239800000000514],[-74.141753999999935,4.5240620000000717],[-74.141725999999949,4.524325000000033],[-74.14165799999995,4.5244620000000282],[-74.14156399999996,4.5245540000000233],[-74.141484999999989,4.5246040000000676],[-74.141309999999976,4.524669000000074],[-74.141103999999984,4.5247080000000324],[-74.141054999999938,4.5247360000000754],[-74.14100899999994,4.5247930000000451],[-74.140989999999988,4.5248470000000225],[-74.140990999999985,4.5249390000000744],[-74.141105999999979,4.5254470000000424],[-74.141109999999969,4.5257100000000605],[-74.141063999999972,4.5258460000000582],[-74.140930999999966,4.5260130000000345],[-74.140800999999954,4.5262290000000576],[-74.140567999999973,4.5268860000000473],[-74.140509999999949,4.5271060000000602],[-74.140472999999986,4.5274280000000431],[-74.140478999999971,4.5275700000000256],[-74.140499999999975,4.5276740000000473],[-74.140589999999975,4.5279080000000249],[-74.141116999999952,4.5289410000000316],[-74.141501999999946,4.5295800000000668],[-74.14160899999996,4.5297930000000406],[-74.141830999999968,4.5303090000000452],[-74.142006999999978,4.5308370000000764],[-74.142213999999967,4.5314450000000761],[-74.142260999999962,4.5316010000000233],[-74.142278999999974,4.5317430000000627],[-74.142270999999937,4.5318910000000301],[-74.142237999999963,4.5320760000000746],[-74.142221999999947,4.5324720000000411],[-74.142304999999965,4.5327530000000706],[-74.142307999999957,4.5328830000000266],[-74.142231999999979,4.5330680000000712],[-74.142127999999957,4.533247000000074],[-74.141956999999934,4.5335410000000707],[-74.141842999999938,4.5337140000000318],[-74.141821999999934,4.5337810000000331],[-74.141785999999968,4.5339740000000575],[-74.141775999999936,4.5340010000000461],[-74.141774999999939,4.5340280000000348],[-74.141724999999951,4.5342910000000529],[-74.141721999999959,4.5343190000000391],[-74.141685999999936,4.5344270000000506],[-74.14152699999994,4.5346780000000422],[-74.141474999999957,4.5347510000000284],[-74.141127999999981,4.5352770000000646],[-74.140956999999958,4.5355330000000436],[-74.140915999999947,4.5355910000000677],[-74.140801999999951,4.5357580000000439],[-74.140755999999953,4.5358290000000352],[-74.140579999999943,4.5360810000000242],[-74.140471999999988,4.5362950000000524],[-74.140367999999967,4.536557000000073],[-74.140283999999951,4.5367710000000443],[-74.140273999999977,4.5368000000000279],[-74.140164999999968,4.5370850000000473],[-74.140059999999949,4.5373530000000528],[-74.140018999999938,4.5374650000000543],[-74.140008999999964,4.537490000000048],[-74.139908999999989,4.5376940000000445],[-74.139766999999949,4.5379170000000499],[-74.139712999999972,4.5380010000000652],[-74.139623999999969,4.5381640000000516],[-74.139503999999988,4.5383410000000595],[-74.139361999999949,4.5385580000000232],[-74.139220999999964,4.5387920000000577],[-74.139098999999987,4.5389860000000226],[-74.138947999999971,4.5392200000000571],[-74.138823999999943,4.5394220000000587],[-74.13868599999995,4.5396540000000414],[-74.138547999999957,4.5398770000000468],[-74.138405999999975,4.5401070000000345],[-74.138170999999943,4.5404810000000566],[-74.138085999999987,4.5406150000000594],[-74.137899999999945,4.5409070000000611],[-74.137711999999965,4.5412110000000325],[-74.137686999999971,4.5412820000000238],[-74.13767699999994,4.5413800000000606],[-74.137826999999959,4.5416660000000206],[-74.137980999999968,4.5419540000000325],[-74.138072999999963,4.5422290000000203],[-74.13813399999998,4.5425110000000473],[-74.138144999999952,4.5426110000000222],[-74.138124999999945,4.5427450000000249],[-74.138118999999961,4.5427690000000212],[-74.138016999999934,4.5430530000000431],[-74.137939999999958,4.5432510000000548],[-74.137887999999975,4.5433970000000272],[-74.137831999999946,4.5435370000000717],[-74.137723999999935,4.5438120000000595],[-74.137651999999946,4.5440540000000738],[-74.137639999999976,4.5442980000000261],[-74.137630999999942,4.5446090000000368],[-74.137629999999945,4.5446940000000495],[-74.137628999999947,4.5450370000000362],[-74.13762799999995,4.5452150000000415],[-74.137628999999947,4.5453640000000632],[-74.13762799999995,4.5457230000000663],[-74.13767299999995,4.5456980000000726],[-74.13817899999998,4.5457160000000272],[-74.138237999999944,4.5457080000000474],[-74.138284999999939,4.5457000000000676],[-74.13915099999997,4.5456990000000701],[-74.13920399999995,4.5456970000000751],[-74.139264999999966,4.5459180000000288],[-74.139314999999954,4.5460480000000416],[-74.139327999999978,4.5460860000000594],[-74.139401999999961,4.5462980000000357],[-74.139467999999965,4.5465200000000436],[-74.139481999999987,4.5466080000000488],[-74.139552999999978,4.546587000000045],[-74.139769999999942,4.546538000000055],[-74.140020999999933,4.5464790000000335],[-74.140048999999976,4.5464730000000486],[-74.140311999999938,4.5464130000000296],[-74.140584999999987,4.5463440000000332],[-74.140890999999954,4.5462810000000218],[-74.141026999999951,4.5462440000000583],[-74.141112999999962,4.5462230000000545],[-74.141243999999972,4.5462050000000431],[-74.141467999999975,4.5461410000000342],[-74.141552999999988,4.5461230000000228],[-74.141887999999938,4.546066000000053],[-74.141847999999982,4.546318000000042],[-74.141838999999948,4.5464490000000524],[-74.141865999999936,4.5465680000000361],[-74.141879999999958,4.5466680000000679],[-74.141926999999953,4.5469780000000242],[-74.141994999999952,4.5474470000000338],[-74.142065999999943,4.5479060000000686],[-74.14201799999995,4.5479160000000434],[-74.141547999999943,4.5480170000000726],[-74.141556999999978,4.5480650000000651],[-74.141621999999984,4.5484820000000354],[-74.141627999999969,4.5485270000000355],[-74.14169499999997,4.5489490000000501],[-74.14175199999994,4.5493570000000432],[-74.141766999999959,4.5494060000000331],[-74.141781999999978,4.5494530000000282],[-74.141838999999948,4.5497790000000577],[-74.141805999999974,4.5498410000000717],[-74.141777999999988,4.5499020000000314],[-74.141848999999979,4.5502040000000648],[-74.141868999999986,4.5502760000000535],[-74.141980999999987,4.5507150000000252],[-74.142004999999983,4.550843000000043],[-74.142067999999938,4.5510810000000674],[-74.142115999999987,4.5513080000000627],[-74.142108999999948,4.5515030000000252],[-74.142104999999958,4.5515490000000227],[-74.142043999999942,4.5519410000000562],[-74.142035999999962,4.5520020000000727],[-74.142027999999982,4.5520740000000615],[-74.142016999999953,4.5521190000000615],[-74.142006999999978,4.5521530000000325],[-74.141998999999942,4.5521700000000465],[-74.141960999999981,4.552231000000063],[-74.141948999999954,4.5522490000000744],[-74.141918999999973,4.5522830000000454],[-74.141868999999986,4.5523310000000379],[-74.141826999999978,4.5523640000000682],[-74.141781999999978,4.5524290000000747],[-74.141760999999974,4.5524660000000381],[-74.141713999999979,4.5525550000000408],[-74.141675999999961,4.5526420000000485],[-74.141613999999947,4.5527820000000361],[-74.141568999999947,4.5528730000000337],[-74.141498999999953,4.553019000000063],[-74.141373999999985,4.5532750000000419],[-74.141390999999942,4.5533380000000534],[-74.141260999999986,4.5534240000000636],[-74.141003999999953,4.55368500000003],[-74.140899999999988,4.553747000000044],[-74.140768999999977,4.5537800000000743],[-74.140331999999944,4.5537080000000287],[-74.140313999999989,4.5537440000000515],[-74.140132999999935,4.5538680000000227],[-74.139940999999965,4.5539870000000633],[-74.139927999999941,4.5540050000000747],[-74.139882999999941,4.5540300000000684],[-74.139786999999956,4.5540700000000243],[-74.139548999999988,4.554172000000051],[-74.139493999999956,4.5541870000000699],[-74.139457999999934,4.5542020000000321],[-74.139106999999967,4.5543140000000335],[-74.138683999999955,4.5544510000000287],[-74.138377999999989,4.5545500000000629],[-74.138253999999961,4.5547070000000645],[-74.138015999999936,4.555054000000041],[-74.137994999999989,4.5550660000000676],[-74.137951999999984,4.5550820000000272],[-74.137925999999936,4.5550840000000221],[-74.137904999999989,4.5550860000000739],[-74.137875999999949,4.5550790000000347],[-74.137855999999942,4.5550610000000233],[-74.137833999999941,4.5550400000000764],[-74.137651999999946,4.5545170000000326],[-74.137429999999938,4.5538800000000492],[-74.137306999999964,4.5535160000000587],[-74.137266999999952,4.5535280000000284],[-74.137225999999941,4.5535280000000284],[-74.137185999999986,4.5535160000000587],[-74.137141999999983,4.5535170000000562],[-74.137100999999973,4.5535310000000209],[-74.13706899999994,4.5535560000000714],[-74.137045999999941,4.5535880000000475],[-74.137002999999936,4.5536100000000488],[-74.136957999999936,4.5536240000000703],[-74.137088999999946,4.5539780000000292],[-74.137243999999953,4.5544410000000539],[-74.137523999999985,4.5552350000000388],[-74.13770599999998,4.5557750000000397],[-74.137810999999942,4.5560850000000528],[-74.137841999999978,4.5561760000000504],[-74.137980999999968,4.5565800000000536],[-74.138053999999954,4.5567970000000741],[-74.138145999999949,4.5570620000000304],[-74.138216999999941,4.5572600000000421],[-74.138455999999962,4.5579490000000646],[-74.138856999999973,4.5590970000000652],[-74.138939999999934,4.5594190000000481],[-74.138980999999944,4.5596710000000371],[-74.138994999999966,4.5597960000000626],[-74.138998999999956,4.559955000000059],[-74.139000999999951,4.560115000000053],[-74.138999999999953,4.5602870000000735],[-74.138973999999962,4.5604970000000549],[-74.138923999999975,4.5608470000000239],[-74.138900999999976,4.5609790000000316],[-74.138898999999981,4.5609910000000582],[-74.138856999999973,4.561281000000065],[-74.138815999999963,4.5615430000000288],[-74.13877599999995,4.5618160000000216],[-74.138739999999984,4.5620870000000764],[-74.138697999999977,4.5623490000000402],[-74.138686999999948,4.562430000000063],[-74.138672999999983,4.5625480000000493],[-74.138663999999949,4.5626290000000722],[-74.138629999999978,4.5628350000000637],[-74.138611999999966,4.5629460000000677],[-74.138566999999966,4.5632270000000403],[-74.138523999999961,4.563474000000042],[-74.138475999999969,4.5637980000000766],[-74.13844899999998,4.5639890000000491],[-74.138441999999941,4.5640330000000517],[-74.138205999999968,4.5656070000000568],[-74.138156999999978,4.565998000000036],[-74.138104999999939,4.5663190000000213],[-74.138090999999974,4.5664110000000733],[-74.138078999999948,4.5664960000000292],[-74.138068999999973,4.566579000000047],[-74.138055999999949,4.5666660000000547],[-74.138042999999982,4.5667650000000322],[-74.138025999999968,4.5668730000000437],[-74.138024999999971,4.566895000000045],[-74.138024999999971,4.5670770000000402],[-74.138024999999971,4.5671370000000593],[-74.138025999999968,4.5673240000000419],[-74.138033999999948,4.5674530000000573],[-74.13803699999994,4.5675040000000422],[-74.138045999999974,4.5676460000000247],[-74.138049999999964,4.5677260000000501],[-74.138064999999983,4.567841000000044],[-74.138093999999967,4.5680080000000203],[-74.138107999999988,4.5680830000000583],[-74.138127999999938,4.5681860000000256],[-74.138146999999947,4.5682730000000333],[-74.138185999999962,4.5684320000000298],[-74.138240999999937,4.5686360000000263],[-74.138259999999946,4.5686950000000479],[-74.138281999999947,4.5687600000000543],[-74.138299999999958,4.5688200000000734],[-74.138323999999955,4.5689020000000369],[-74.138379999999984,4.5691050000000359],[-74.138495999999975,4.5696150000000557],[-74.138508999999942,4.5696570000000634],[-74.138523999999961,4.5697700000000623],[-74.138735999999938,4.5706230000000687],[-74.139214999999979,4.5724200000000224],[-74.139247999999952,4.572573000000034],[-74.139126241999975,4.5728715980000629]]},"properties":{"OBJECTID":85,"OBJECTID_1":196,"RSPNRUTA":"ZP-901-1","RSPCDEFINI":"ZP-901","RSPDISTANC":32.507148739999998,"RSPDENOMIN":"MOCHUELO ALTO-UNICENTRO","RSPTRUTA":"PROVISIONAL","RSPORIGEN":"CIUDAD BOLIVAR","RSPDESTINO":"USAQUEN","RSPIRUTA":283,"SHAPELEN":32748.456441344901,"Shape_Length":0.084695630943685013}},{"type":"Feature","id":86,"geometry":{"type":"LineString","coordinates":[[-74.151723999999945,4.5525640000000749],[-74.151790999999946,4.5529070000000615],[-74.151850999999965,4.5531460000000266],[-74.151876999999956,4.5533400000000483],[-74.151882999999941,4.5534620000000245],[-74.151913999999977,4.5537530000000288],[-74.151978999999983,4.554012000000057],[-74.152103999999952,4.554155000000037],[-74.152148999999952,4.5542110000000662],[-74.152261999999951,4.5543890000000715],[-74.152239999999949,4.5545030000000679],[-74.152160999999978,4.5545870000000264],[-74.151921999999956,4.5547170000000392],[-74.151704999999936,4.5548780000000306],[-74.151630999999952,4.5549570000000585],[-74.151590999999939,4.5550270000000523],[-74.151485999999977,4.5552540000000477],[-74.151400999999964,4.5555030000000443],[-74.151312999999959,4.5559860000000754],[-74.151288999999963,4.5563030000000708],[-74.151403999999957,4.5568210000000704],[-74.151397999999972,4.5570340000000442],[-74.151301999999987,4.5572440000000256],[-74.151010999999983,4.5577220000000693],[-74.150950999999964,4.5578310000000215],[-74.150858999999969,4.5580910000000472],[-74.150767999999971,4.558208000000036],[-74.15074599999997,4.5582280000000424],[-74.150583999999981,4.5583730000000742],[-74.150568999999962,4.5583870000000388],[-74.150444999999934,4.5584340000000338],[-74.150381999999979,4.5584530000000427],[-74.150318999999968,4.5584660000000667],[-74.150179999999978,4.5585350000000631],[-74.150089999999977,4.5586050000000569],[-74.149723999999935,4.5588810000000421],[-74.149465999999961,4.5592080000000692],[-74.149419999999964,4.5593030000000567],[-74.149383999999941,4.5594040000000291],[-74.149274999999989,4.559737000000041],[-74.149196999999958,4.5598910000000501],[-74.149125999999967,4.5599760000000629],[-74.149008999999978,4.5601090000000681],[-74.148953999999947,4.5601200000000404],[-74.148738999999978,4.5601830000000518],[-74.148676999999964,4.5602060000000506],[-74.148380999999972,4.560286000000076],[-74.148281999999938,4.5603120000000672],[-74.148146999999938,4.5603370000000609],[-74.148041999999975,4.5603610000000572],[-74.147816999999975,4.5604230000000712],[-74.147702999999979,4.5604570000000422],[-74.147608999999989,4.5604870000000233],[-74.147346999999968,4.5605650000000537],[-74.147213999999963,4.5606090000000563],[-74.147130999999945,4.5606380000000399],[-74.147046999999986,4.5606620000000362],[-74.14690399999995,4.5607030000000464],[-74.146871999999973,4.5607100000000287],[-74.14647599999995,4.56082600000002],[-74.146351999999979,4.5608650000000353],[-74.146071999999947,4.5609540000000379],[-74.145973999999967,4.5609860000000708],[-74.145965999999987,4.5609880000000658],[-74.145424999999989,4.5611510000000521],[-74.145398999999941,4.5611600000000294],[-74.145080999999948,4.5612570000000687],[-74.144966999999951,4.5612920000000372],[-74.14485899999994,4.5613270000000625],[-74.144727999999986,4.5613610000000335],[-74.144575999999972,4.5614070000000311],[-74.144368999999983,4.5614700000000425],[-74.144075999999984,4.5615520000000629],[-74.143959999999936,4.5615850000000364],[-74.143926999999962,4.5615940000000705],[-74.143612999999959,4.5616920000000505],[-74.143259999999941,4.5617950000000747],[-74.143080999999938,4.5618530000000419],[-74.143208999999956,4.5622860000000287],[-74.143321999999955,4.5626640000000407],[-74.143341999999961,4.5627260000000547],[-74.143386999999962,4.5627100000000382],[-74.144286999999963,4.5624400000000378],[-74.14433699999995,4.5624240000000214],[-74.144384999999943,4.5624080000000617],[-74.145288999999934,4.5621370000000638],[-74.145334999999989,4.5621220000000449],[-74.145449999999983,4.5625140000000215],[-74.14546299999995,4.5625590000000216],[-74.145583999999985,4.5629570000000399],[-74.145596999999952,4.5629970000000526],[-74.145713999999941,4.5633910000000242],[-74.145727999999963,4.5634320000000343],[-74.145841999999959,4.5638270000000603],[-74.145852999999988,4.5638730000000578],[-74.145970999999975,4.5642600000000471],[-74.145989999999983,4.5643070000000421],[-74.14610799999997,4.5646970000000238],[-74.146121999999934,4.5647410000000264],[-74.146243999999967,4.5651330000000598],[-74.146257999999989,4.565176000000065],[-74.146372999999983,4.565571000000034],[-74.146386999999947,4.5656160000000341],[-74.146503999999936,4.566009000000065],[-74.146517999999958,4.5660560000000601],[-74.146631999999954,4.5664450000000443],[-74.146644999999978,4.5664930000000368],[-74.146748999999943,4.5668890000000602],[-74.14641899999998,4.56704000000002],[-74.14629999999994,4.5670860000000744],[-74.145962999999938,4.5672530000000506],[-74.145802999999944,4.5673150000000646],[-74.14549599999998,4.5674570000000472],[-74.145389999999963,4.5675060000000371],[-74.14536499999997,4.5675200000000586],[-74.145213999999953,4.5675920000000474],[-74.145175999999935,4.5675910000000499],[-74.145134999999982,4.5675910000000499],[-74.145069999999976,4.5675790000000234],[-74.145070999999973,4.5676150000000462],[-74.145058999999947,4.567651000000069],[-74.14503499999995,4.5676750000000652],[-74.144998999999984,4.5677060000000438],[-74.14490399999994,4.5678010000000313],[-74.14480599999996,4.5679550000000404],[-74.145911999999953,4.5687090000000694],[-74.146165999999937,4.5688810000000331],[-74.14638199999996,4.5690300000000548],[-74.146608999999955,4.5691820000000689],[-74.146833999999956,4.569338000000073],[-74.146873999999968,4.5693650000000616],[-74.147013999999956,4.5694610000000466],[-74.147054999999966,4.5694920000000252],[-74.147224999999935,4.5696090000000709],[-74.147299999999973,4.5696600000000558],[-74.14731299999994,4.5696660000000406],[-74.147318999999982,4.5696700000000305],[-74.14734599999997,4.5696890000000394],[-74.147468999999944,4.5697750000000497],[-74.147507999999959,4.5698020000000383],[-74.147712999999953,4.5699410000000285],[-74.148067999999967,4.5701740000000655],[-74.148236999999938,4.5702810000000227],[-74.149009999999976,4.5708270000000653],[-74.150127999999938,4.571593000000064],[-74.150949999999966,4.5721510000000762],[-74.151167999999984,4.5723000000000411],[-74.15124499999996,4.5723540000000753],[-74.151395999999977,4.5724720000000616],[-74.151463999999976,4.5725180000000591],[-74.151559999999961,4.5725820000000681],[-74.151886999999988,4.5728170000000432],[-74.15198399999997,4.5728850000000421],[-74.152211999999963,4.5730440000000385],[-74.152442999999948,4.573216000000059],[-74.152696999999989,4.5734130000000732],[-74.153009999999938,4.5736620000000698],[-74.153046999999958,4.573688000000061],[-74.153082999999981,4.5737250000000245],[-74.153309999999976,4.5739380000000551],[-74.153527999999937,4.5741500000000315],[-74.153577999999982,4.5742060000000606],[-74.153648999999973,4.5742840000000342],[-74.153682999999944,4.5743190000000595],[-74.153734999999983,4.5743780000000243],[-74.153816999999947,4.5744710000000737],[-74.153847999999982,4.5745050000000447],[-74.15413499999994,4.5748500000000263],[-74.154324999999972,4.575095000000033],[-74.154500999999982,4.5753450000000271],[-74.154653999999937,4.5755710000000249],[-74.154789999999934,4.5757860000000505],[-74.15483299999994,4.5758550000000469],[-74.154993999999988,4.5761370000000738],[-74.155144999999948,4.5764180000000465],[-74.155168999999944,4.5764620000000491],[-74.155286999999987,4.5766810000000646],[-74.155528999999945,4.5771390000000451],[-74.155664999999942,4.5773910000000342],[-74.155695999999978,4.577442000000076],[-74.15578899999997,4.5776050000000623],[-74.155861999999956,4.5777370000000701],[-74.155977999999948,4.5779540000000338],[-74.155990999999972,4.5779770000000326],[-74.156016999999963,4.5780180000000428],[-74.156081999999969,4.5781230000000619],[-74.156143999999983,4.5782480000000305],[-74.156164999999987,4.578296000000023],[-74.156208999999933,4.578388000000075],[-74.156352999999967,4.578689000000054],[-74.156373999999971,4.5787270000000717],[-74.156702999999936,4.5793380000000639],[-74.156928999999934,4.5797870000000671],[-74.156966999999952,4.5798440000000369],[-74.157012999999949,4.5799170000000231],[-74.157052999999962,4.5799690000000624],[-74.157055999999955,4.5799740000000497],[-74.157129999999938,4.5800780000000714],[-74.157141999999965,4.5801020000000676],[-74.157227999999975,4.5802620000000616],[-74.157322999999963,4.5804560000000265],[-74.157362999999975,4.5805520000000683],[-74.157411999999965,4.5806730000000471],[-74.15755699999994,4.5809490000000324],[-74.157647999999938,4.5811300000000301],[-74.157924999999977,4.5816200000000435],[-74.158613999999943,4.582932000000028],[-74.15964699999995,4.5850670000000378],[-74.160734999999988,4.5873130000000515],[-74.160754999999938,4.5873540000000617],[-74.160935999999936,4.5877950000000283],[-74.160946999999965,4.587820000000022],[-74.161026999999933,4.5881250000000477],[-74.161084999999957,4.5885580000000346],[-74.161133999999947,4.589001000000053],[-74.161138999999935,4.5890770000000316],[-74.161146999999971,4.5891780000000608],[-74.161167999999975,4.5893410000000472],[-74.161174999999957,4.5893820000000574],[-74.161194999999964,4.5896530000000553],[-74.161212999999975,4.5897700000000441],[-74.161223999999947,4.5899340000000279],[-74.161158999999941,4.5899780000000305],[-74.160523999999953,4.5900360000000546],[-74.160443999999984,4.5899980000000369],[-74.160451999999964,4.5901210000000674],[-74.160496999999964,4.5905030000000693],[-74.160503999999946,4.5905530000000567],[-74.160536999999977,4.590938000000051],[-74.160556999999983,4.5910010000000625],[-74.160563999999965,4.5910700000000588],[-74.160564999999963,4.5910870000000727],[-74.16056599999996,4.5911030000000324],[-74.160564999999963,4.5911170000000538],[-74.160563999999965,4.5911280000000261],[-74.160560999999973,4.5911460000000375],[-74.160556999999983,4.5911650000000463],[-74.160552999999936,4.5911810000000628],[-74.160546999999951,4.5911960000000249],[-74.160538999999972,4.5912130000000388],[-74.160530999999935,4.5912300000000528],[-74.16052099999996,4.5912450000000717],[-74.160448999999971,4.5913290000000302],[-74.160119999999949,4.5913690000000429],[-74.160049999999956,4.591380000000072],[-74.159673999999939,4.5914020000000733],[-74.159615999999971,4.5914260000000695],[-74.159528999999964,4.5914350000000468],[-74.159436999999969,4.5914450000000215],[-74.159382999999934,4.5914490000000683],[-74.159336999999937,4.5914460000000759],[-74.159306999999956,4.5914400000000342],[-74.159219999999948,4.5913690000000429],[-74.159092999999984,4.5912330000000452],[-74.158987999999965,4.5910840000000235],[-74.158843999999988,4.5908800000000269],[-74.158656999999948,4.5906690000000481],[-74.158522999999946,4.5905950000000644],[-74.157643999999948,4.5906850000000645],[-74.157575999999949,4.5906540000000291],[-74.157485999999949,4.5906700000000455],[-74.157517999999982,4.5910720000000538],[-74.157525999999962,4.5911820000000603],[-74.157557999999938,4.591583000000071],[-74.157602999999938,4.5920390000000566],[-74.157650999999987,4.5924610000000712],[-74.157705999999962,4.5928750000000491],[-74.157750999999962,4.5932960000000662],[-74.157763999999986,4.5934500000000753],[-74.157787999999982,4.5937050000000568],[-74.15783799999997,4.5940960000000359],[-74.157871999999941,4.5946000000000708],[-74.157924999999977,4.5950840000000426],[-74.157969999999978,4.5955060000000572],[-74.15801799999997,4.5959470000000238],[-74.158063999999968,4.5960370000000239],[-74.155901999999969,4.5962310000000457],[-74.155388999999957,4.5962580000000344],[-74.155336999999975,4.5962610000000268],[-74.154917999999952,4.596302000000037],[-74.154416999999967,4.5962690000000634],[-74.154114999999933,4.5962260000000583],[-74.153850999999975,4.5961610000000519],[-74.153642999999988,4.5961130000000594],[-74.152462999999955,4.5957000000000221],[-74.152223999999933,4.5956110000000763],[-74.151847999999973,4.595512000000042],[-74.151577999999972,4.5954810000000634],[-74.151536999999962,4.5954740000000243],[-74.15129799999994,4.5954480000000331],[-74.15101999999996,4.595416000000057],[-74.150740999999982,4.5953830000000266],[-74.149920999999949,4.5952910000000315],[-74.148871999999983,4.5951680000000579],[-74.148364999999956,4.5950940000000742],[-74.147423999999944,4.5949740000000361],[-74.14730499999996,4.5949600000000714],[-74.147202999999934,4.5949470000000474],[-74.14710486599995,4.5949362460000316]]},"properties":{"OBJECTID":86,"OBJECTID_1":65,"RSPNRUTA":"ZP-C8-1","RSPCDEFINI":"ZP-C8","RSPDISTANC":34.546138759999998,"RSPDENOMIN":"VILLA GLORIA - BACHU ","RSPTRUTA":"PROVISIONAL","RSPORIGEN":"CIUDAD BOLLVAR","RSPDESTINO":"CALLE 80","RSPIRUTA":114,"SHAPELEN":34776.619618420504,"Shape_Length":0.075983721259414133}},{"type":"Feature","id":87,"geometry":{"type":"LineString","coordinates":[[-74.166694999999947,4.5665370000000394],[-74.166472999999939,4.5671080000000757],[-74.166483999999969,4.5671730000000252],[-74.166973999999982,4.5674260000000686],[-74.167663999999945,4.567380000000071],[-74.16799199999997,4.5673310000000242],[-74.168320999999935,4.5671590000000606],[-74.168416999999977,4.5670920000000592],[-74.168562999999949,4.5669340000000602],[-74.168735999999967,4.5667100000000573],[-74.168940999999961,4.5665070000000583],[-74.169031999999959,4.5664160000000606],[-74.169169999999951,4.5663700000000631],[-74.169223999999986,4.5662830000000554],[-74.169171999999946,4.5660350000000562],[-74.169145999999955,4.5659040000000459],[-74.169071999999971,4.5655960000000277],[-74.168964999999957,4.5653100000000677],[-74.168898999999954,4.5650130000000217],[-74.168819999999982,4.5648670000000493],[-74.168809999999951,4.5648500000000354],[-74.168819999999982,4.5648670000000493],[-74.168708999999978,4.5648680000000468],[-74.168485999999973,4.564939000000038],[-74.168256999999983,4.5649750000000608],[-74.168119999999988,4.5649950000000672],[-74.16789799999998,4.5648690000000443],[-74.16766599999994,4.5647290000000567],[-74.167425999999978,4.5645940000000564],[-74.167264999999986,4.5645030000000588],[-74.167192999999941,4.5644580000000587],[-74.166955999999971,4.5643170000000737],[-74.166727999999978,4.5641910000000507],[-74.166545999999983,4.5642840000000433],[-74.166163999999981,4.5646770000000743],[-74.166051999999979,4.564674000000025],[-74.165694999999971,4.5646100000000729],[-74.165414999999939,4.5645340000000374],[-74.165128999999979,4.5644660000000385],[-74.164887999999962,4.564469000000031],[-74.164723999999978,4.5648280000000341],[-74.164471999999989,4.5654540000000452],[-74.164641999999958,4.5656220000000758],[-74.164841999999965,4.5658240000000205],[-74.165174999999977,4.5661420000000703],[-74.165278999999941,4.5663180000000239],[-74.165330999999981,4.5663990000000467],[-74.165369999999939,4.5665670000000205],[-74.165398999999979,4.566784000000041],[-74.165382999999963,4.5669040000000223],[-74.165335999999968,4.5670470000000591],[-74.165318999999954,4.5670790000000352],[-74.165294999999958,4.5671180000000504],[-74.165272999999956,4.5671480000000315],[-74.16524899999996,4.5671760000000745],[-74.165226999999959,4.5671970000000215],[-74.165183999999954,4.5672280000000569],[-74.165135999999961,4.5672660000000747],[-74.164681999999971,4.5675950000000398],[-74.164306999999951,4.5678870000000416],[-74.163969999999949,4.5679660000000695],[-74.163385999999946,4.5681960000000572],[-74.163111999999956,4.5682840000000624],[-74.162966999999981,4.5683340000000499],[-74.162759999999935,4.5683940000000689],[-74.162443999999937,4.568439000000069],[-74.162046999999973,4.5684930000000463],[-74.16173299999997,4.5685400000000413],[-74.16112099999998,4.5686260000000516],[-74.160379999999975,4.5686570000000302],[-74.159709999999961,4.568678000000034],[-74.159235999999964,4.568629000000044],[-74.159097999999972,4.5686110000000326],[-74.158950999999945,4.5686250000000541],[-74.158810999999957,4.5686800000000289],[-74.158737999999971,4.5687670000000367],[-74.158686999999986,4.568834000000038],[-74.158513999999968,4.5692130000000475],[-74.158494999999959,4.5692810000000463],[-74.158460999999988,4.5696130000000608],[-74.158435999999938,4.5700250000000437],[-74.158395999999982,4.5702850000000694],[-74.158348999999987,4.5704910000000609],[-74.158093999999949,4.5700560000000223],[-74.158020999999962,4.5698820000000637],[-74.157951999999966,4.5696660000000406],[-74.157724999999971,4.5691260000000398],[-74.157620999999949,4.5689970000000244],[-74.15745099999998,4.5687450000000354],[-74.157346999999959,4.5685560000000578],[-74.157336999999984,4.5684870000000615],[-74.15733199999994,4.5683660000000259],[-74.157336999999984,4.5682590000000687],[-74.157361999999978,4.5681340000000432],[-74.157396999999946,4.5679880000000708],[-74.157446999999934,4.5677100000000337],[-74.157423999999935,4.5676130000000512],[-74.157427999999982,4.5675430000000574],[-74.157367999999963,4.5673030000000381],[-74.157084999999938,4.5669700000000262],[-74.156650999999954,4.5666080000000306],[-74.156320999999934,4.5663550000000441],[-74.156198999999958,4.5661130000000298],[-74.156112999999948,4.5658320000000572],[-74.15606699999995,4.5656680000000733],[-74.156027999999935,4.5655380000000605],[-74.155987999999979,4.5655010000000402],[-74.155663999999945,4.5653690000000324],[-74.155386999999962,4.5652890000000639],[-74.155131999999981,4.5652090000000385],[-74.154884999999979,4.5651250000000232],[-74.154620999999963,4.5650360000000205],[-74.154370999999969,4.564954000000057],[-74.154318999999987,4.5648030000000404],[-74.154195999999956,4.5646180000000527],[-74.154038999999955,4.5643490000000497],[-74.154004999999984,4.5642650000000344],[-74.153935999999987,4.5641560000000254],[-74.153764999999964,4.563805000000059],[-74.153613999999948,4.5633530000000633],[-74.153558999999973,4.5632500000000391],[-74.15338399999996,4.5629960000000551],[-74.15329799999995,4.5629580000000374],[-74.153136999999958,4.5628810000000612],[-74.152890999999954,4.5627720000000522],[-74.152655999999979,4.5626510000000735],[-74.152539999999988,4.5625910000000545],[-74.152378999999939,4.562543000000062],[-74.152268999999933,4.562577000000033],[-74.151940999999965,4.5626780000000622],[-74.151821999999981,4.5627130000000307],[-74.151727999999935,4.5627000000000635],[-74.151604999999961,4.5626420000000394],[-74.151558999999963,4.5626230000000305],[-74.151413999999988,4.5625570000000266],[-74.15119999999996,4.5624450000000252],[-74.151039999999966,4.562372000000039],[-74.150902999999971,4.5623420000000579],[-74.150657999999964,4.5624070000000643],[-74.150588999999968,4.5624450000000252],[-74.150525999999957,4.5624530000000618],[-74.150347999999951,4.5624970000000644],[-74.150293999999974,4.5625180000000682],[-74.150127999999938,4.5625870000000646],[-74.149971999999934,4.5626330000000621],[-74.148967999999968,4.5629270000000588],[-74.148926999999958,4.562938000000031],[-74.148862999999949,4.5629550000000449],[-74.147976999999969,4.5632260000000429],[-74.147882999999979,4.5632550000000265],[-74.147795999999971,4.563282000000072],[-74.146898999999962,4.5635500000000206],[-74.146849999999972,4.563570000000027],[-74.146795999999938,4.5635860000000434],[-74.145899999999983,4.5638590000000363],[-74.145852999999988,4.5638730000000578],[-74.145970999999975,4.5642600000000471],[-74.145989999999983,4.5643070000000421],[-74.14610799999997,4.5646970000000238],[-74.146121999999934,4.5647410000000264],[-74.146243999999967,4.5651330000000598],[-74.146257999999989,4.565176000000065],[-74.146372999999983,4.565571000000034],[-74.146386999999947,4.5656160000000341],[-74.146503999999936,4.566009000000065],[-74.146517999999958,4.5660560000000601],[-74.146631999999954,4.5664450000000443],[-74.146644999999978,4.5664930000000368],[-74.146748999999943,4.5668890000000602],[-74.14641899999998,4.56704000000002],[-74.14629999999994,4.5670860000000744],[-74.145962999999938,4.5672530000000506],[-74.145802999999944,4.5673150000000646],[-74.14549599999998,4.5674570000000472],[-74.145389999999963,4.5675060000000371],[-74.14536499999997,4.5675200000000586],[-74.145213999999953,4.5675920000000474],[-74.145175999999935,4.5675910000000499],[-74.145134999999982,4.5675910000000499],[-74.145069999999976,4.5675790000000234],[-74.145070999999973,4.5676150000000462],[-74.145058999999947,4.567651000000069],[-74.14503499999995,4.5676750000000652],[-74.144998999999984,4.5677060000000438],[-74.14490399999994,4.5678010000000313],[-74.14480599999996,4.5679550000000404],[-74.145911999999953,4.5687090000000694],[-74.146165999999937,4.5688810000000331],[-74.14638199999996,4.5690300000000548],[-74.146608999999955,4.5691820000000689],[-74.146833999999956,4.569338000000073],[-74.146873999999968,4.5693650000000616],[-74.147013999999956,4.5694610000000466],[-74.147054999999966,4.5694920000000252],[-74.147224999999935,4.5696090000000709],[-74.147299999999973,4.5696600000000558],[-74.14731299999994,4.5696660000000406],[-74.147318999999982,4.5696700000000305],[-74.14734599999997,4.5696890000000394],[-74.147468999999944,4.5697750000000497],[-74.147507999999959,4.5698020000000383],[-74.147712999999953,4.5699410000000285],[-74.148067999999967,4.5701740000000655],[-74.148236999999938,4.5702810000000227],[-74.149009999999976,4.5708270000000653],[-74.150127999999938,4.571593000000064],[-74.150949999999966,4.5721510000000762],[-74.151167999999984,4.5723000000000411],[-74.15124499999996,4.5723540000000753],[-74.151395999999977,4.5724720000000616],[-74.151463999999976,4.5725180000000591],[-74.151559999999961,4.5725820000000681],[-74.151886999999988,4.5728170000000432],[-74.15198399999997,4.5728850000000421],[-74.152211999999963,4.5730440000000385],[-74.152442999999948,4.573216000000059],[-74.152696999999989,4.5734130000000732],[-74.153009999999938,4.5736620000000698],[-74.153046999999958,4.573688000000061],[-74.153082999999981,4.5737250000000245],[-74.153309999999976,4.5739380000000551],[-74.153527999999937,4.5741500000000315],[-74.153577999999982,4.5742060000000606],[-74.153648999999973,4.5742840000000342],[-74.153682999999944,4.5743190000000595],[-74.153734999999983,4.5743780000000243],[-74.153816999999947,4.5744710000000737],[-74.153847999999982,4.5745050000000447],[-74.15413499999994,4.5748500000000263],[-74.154324999999972,4.575095000000033],[-74.154500999999982,4.5753450000000271],[-74.154653999999937,4.5755710000000249],[-74.154789999999934,4.5757860000000505],[-74.15483299999994,4.5758550000000469],[-74.154993999999988,4.5761370000000738],[-74.155144999999948,4.5764180000000465],[-74.155168999999944,4.5764620000000491],[-74.155286999999987,4.5766810000000646],[-74.155528999999945,4.5771390000000451],[-74.155664999999942,4.5773910000000342],[-74.155695999999978,4.577442000000076],[-74.15578899999997,4.5776050000000623],[-74.155861999999956,4.5777370000000701],[-74.155977999999948,4.5779540000000338],[-74.155990999999972,4.5779770000000326],[-74.156016999999963,4.5780180000000428],[-74.156081999999969,4.5781230000000619],[-74.156143999999983,4.5782480000000305],[-74.156164999999987,4.578296000000023],[-74.156208999999933,4.578388000000075],[-74.156352999999967,4.578689000000054],[-74.156373999999971,4.5787270000000717],[-74.156702999999936,4.5793380000000639],[-74.156928999999934,4.5797870000000671],[-74.156966999999952,4.5798440000000369],[-74.157012999999949,4.5799170000000231],[-74.157052999999962,4.5799690000000624],[-74.157055999999955,4.5799740000000497],[-74.157129999999938,4.5800780000000714],[-74.157141999999965,4.5801020000000676],[-74.157227999999975,4.5802620000000616],[-74.157322999999963,4.5804560000000265],[-74.157362999999975,4.5805520000000683],[-74.157411999999965,4.5806730000000471],[-74.15755699999994,4.5809490000000324],[-74.157647999999938,4.5811300000000301],[-74.157924999999977,4.5816200000000435],[-74.158613999999943,4.582932000000028],[-74.15964699999995,4.5850670000000378],[-74.160734999999988,4.5873130000000515],[-74.160754999999938,4.5873540000000617],[-74.160935999999936,4.5877950000000283],[-74.160946999999965,4.587820000000022],[-74.161026999999933,4.5881250000000477],[-74.161084999999957,4.5885580000000346],[-74.161133999999947,4.589001000000053],[-74.161138999999935,4.5890770000000316],[-74.161146999999971,4.5891780000000608],[-74.161167999999975,4.5893410000000472],[-74.161174999999957,4.5893820000000574],[-74.161194999999964,4.5896530000000553],[-74.161212999999975,4.5897700000000441],[-74.161223999999947,4.5899340000000279],[-74.161240999999961,4.5900590000000534],[-74.161254999999983,4.5901980000000435],[-74.161276999999984,4.5904050000000325],[-74.161281999999972,4.59045100000003],[-74.161322999999982,4.5908680000000572],[-74.161367999999982,4.5913090000000238],[-74.161412999999982,4.5917330000000334],[-74.161457999999982,4.5921730000000593],[-74.161562999999944,4.5930460000000721],[-74.161717999999951,4.5946240000000671],[-74.161752999999976,4.5948090000000548],[-74.161754999999971,4.5948610000000372],[-74.161752999999976,4.5948870000000284],[-74.161743999999942,4.5949610000000689],[-74.161735999999962,4.5949950000000399],[-74.161722999999938,4.5950350000000526],[-74.161717999999951,4.5950500000000716],[-74.161664999999971,4.5951720000000478],[-74.161649999999952,4.5952530000000706],[-74.161529999999971,4.5953130000000328],[-74.161422999999957,4.5954420000000482],[-74.161354999999958,4.5955600000000345],[-74.161326999999972,4.5956610000000637],[-74.161323999999979,4.5956900000000473],[-74.161315999999943,4.595766000000026],[-74.161324999999977,4.5958800000000224],[-74.161326999999972,4.5959060000000704],[-74.161347999999975,4.5960180000000719],[-74.161371999999972,4.5960810000000265],[-74.161392999999975,4.5961360000000582],[-74.161474999999939,4.596266000000071],[-74.161526999999978,4.5963280000000282],[-74.161570999999981,4.596364000000051],[-74.161675999999943,4.5964350000000422],[-74.161789999999939,4.5965400000000614],[-74.161850999999956,4.5966050000000678],[-74.161899999999946,4.5966600000000426],[-74.161910999999975,4.5966730000000666],[-74.16195799999997,4.5967460000000528],[-74.16196199999996,4.5967540000000326],[-74.161999999999978,4.5968450000000303],[-74.162011999999947,4.5968790000000581],[-74.162025999999969,4.5969310000000405],[-74.162027999999964,4.5969390000000203],[-74.162029999999959,4.5969650000000684],[-74.162090999999975,4.5975120000000516],[-74.162122999999951,4.5977730000000747],[-74.162138999999968,4.5979110000000674],[-74.162143999999955,4.5979560000000674],[-74.162159999999972,4.5981550000000766],[-74.162165999999957,4.5982870000000275],[-74.162169999999946,4.5983950000000391],[-74.162169999999946,4.5985610000000747],[-74.162167999999951,4.5986260000000243],[-74.16216768299995,4.5986810800000626]]},"properties":{"OBJECTID":87,"OBJECTID_1":45,"RSPNRUTA":"ZP-581-1","RSPCDEFINI":"ZP-581","RSPDISTANC":34.135761260000002,"RSPDENOMIN":"ARBORIZADORA ALTA - CORPAS","RSPTRUTA":"PROVISIONAL","RSPORIGEN":"CIUDAD BOLIVAR","RSPDESTINO":"SUBA CENTRO","RSPIRUTA":81,"SHAPELEN":34384.848958012903,"Shape_Length":0.082443212353791526}}]}